Year,Month,Day,Hour,GHI,Temperature
2011,1,1,0,0,17.9
2011,1,1,1,0,17.7
2011,1,1,2,0,17.5
2011,1,1,3,0,17.4
2011,1,1,4,0,17.5
2011,1,1,5,91,18.5
2011,1,1,6,299,19.8
2011,1,1,7,524,21.2
2011,1,1,8,735,22.4
2011,1,1,9,910,23
2011,1,1,10,1026,29.6
2011,1,1,11,1090,30
2011,1,1,12,1088,29.8
2011,1,1,13,1022,29.2
2011,1,1,14,894,28.4
2011,1,1,15,717,27.5
2011,1,1,16,507,26.4
2011,1,1,17,283,25.1
2011,1,1,18,80,23.7
2011,1,1,19,0,22.7
2011,1,1,20,0,22.1
2011,1,1,21,0,21.8
2011,1,1,22,0,21.5
2011,1,1,23,0,21.3
2011,1,2,0,0,21.1
2011,1,2,1,0,20.8
2011,1,2,2,0,20.6
2011,1,2,3,0,20.6
2011,1,2,4,0,20.9
2011,1,2,5,82,21.7
2011,1,2,6,282,22.7
2011,1,2,7,500,23.7
2011,1,2,8,703,24.6
2011,1,2,9,873,25
2011,1,2,10,986,25.8
2011,1,2,11,1044,26
2011,1,2,12,1038,25.9
2011,1,2,13,957,25.4
2011,1,2,14,650,24.7
2011,1,2,15,367,23.9
2011,1,2,16,115,23
2011,1,2,17,48,22.3
2011,1,2,18,15,21.8
2011,1,2,19,0,21.5
2011,1,2,20,0,21.2
2011,1,2,21,0,20.9
2011,1,2,22,0,20.5
2011,1,2,23,0,20.1
2011,1,3,0,0,19.8
2011,1,3,1,0,19.5
2011,1,3,2,0,19.4
2011,1,3,3,0,19.2
2011,1,3,4,0,19.2
2011,1,3,5,12,19.3
2011,1,3,6,259,19.7
2011,1,3,7,467,20.2
2011,1,3,8,666,20.8
2011,1,3,9,834,21
2011,1,3,10,965,21.2
2011,1,3,11,1030,21.2
2011,1,3,12,229,21.1
2011,1,3,13,69,21
2011,1,3,14,386,20.7
2011,1,3,15,329,20.2
2011,1,3,16,69,19.6
2011,1,3,17,138,19
2011,1,3,18,38,18.5
2011,1,3,19,0,18.2
2011,1,3,20,0,18.1
2011,1,3,21,0,18.2
2011,1,3,22,0,18.2
2011,1,3,23,0,18.2
2011,1,4,0,0,18.2
2011,1,4,1,0,18.2
2011,1,4,2,0,18.3
2011,1,4,3,0,18.4
2011,1,4,4,0,18.7
2011,1,4,5,16,19.3
2011,1,4,6,63,20
2011,1,4,7,246,20.7
2011,1,4,8,308,21.1
2011,1,4,9,266,21.3
2011,1,4,10,264,21.6
2011,1,4,11,1046,21.7
2011,1,4,12,1049,21.8
2011,1,4,13,983,21.8
2011,1,4,14,861,21.7
2011,1,4,15,692,21.5
2011,1,4,16,487,21.1
2011,1,4,17,269,20.4
2011,1,4,18,14,19.8
2011,1,4,19,0,19.3
2011,1,4,20,0,19
2011,1,4,21,0,18.8
2011,1,4,22,0,18.7
2011,1,4,23,0,18.5
2011,1,5,0,0,18.4
2011,1,5,1,0,18.2
2011,1,5,2,0,18
2011,1,5,3,0,17.9
2011,1,5,4,0,18.1
2011,1,5,5,14,18.5
2011,1,5,6,226,19.2
2011,1,5,7,280,19.9
2011,1,5,8,298,20.6
2011,1,5,9,455,21
2011,1,5,10,840,21.8
2011,1,5,11,1032,22
2011,1,5,12,1030,22
2011,1,5,13,847,22
2011,1,5,14,534,21.7
2011,1,5,15,371,21.4
2011,1,5,16,95,20.9
2011,1,5,17,80,20.3
2011,1,5,18,23,19.8
2011,1,5,19,0,19.6
2011,1,5,20,0,19.6
2011,1,5,21,0,19.6
2011,1,5,22,0,19.7
2011,1,5,23,0,19.6
2011,1,6,0,0,19.6
2011,1,6,1,0,19.6
2011,1,6,2,0,19.6
2011,1,6,3,0,19.6
2011,1,6,4,0,19.7
2011,1,6,5,72,20.1
2011,1,6,6,266,20.6
2011,1,6,7,483,21.4
2011,1,6,8,688,22.2
2011,1,6,9,859,22.5
2011,1,6,10,906,23.4
2011,1,6,11,1049,23.7
2011,1,6,12,1050,23.8
2011,1,6,13,975,23.8
2011,1,6,14,853,23.6
2011,1,6,15,499,23.3
2011,1,6,16,479,22.8
2011,1,6,17,138,22.3
2011,1,6,18,34,21.6
2011,1,6,19,0,21.1
2011,1,6,20,0,20.9
2011,1,6,21,0,20.6
2011,1,6,22,0,20.4
2011,1,6,23,0,20.3
2011,1,7,0,0,20.2
2011,1,7,1,0,20.1
2011,1,7,2,0,20.1
2011,1,7,3,0,20.1
2011,1,7,4,0,20.4
2011,1,7,5,13,21.3
2011,1,7,6,54,22.2
2011,1,7,7,54,23
2011,1,7,8,210,23.6
2011,1,7,9,85,23.8
2011,1,7,10,978,24.3
2011,1,7,11,1039,24.4
2011,1,7,12,176,24.4
2011,1,7,13,980,24.3
2011,1,7,14,860,24.1
2011,1,7,15,406,23.9
2011,1,7,16,355,23.5
2011,1,7,17,221,23
2011,1,7,18,47,22.4
2011,1,7,19,0,22
2011,1,7,20,0,21.8
2011,1,7,21,0,21.6
2011,1,7,22,0,21.5
2011,1,7,23,0,21.4
2011,1,8,0,0,21.3
2011,1,8,1,0,21.1
2011,1,8,2,0,21
2011,1,8,3,0,21
2011,1,8,4,0,21.2
2011,1,8,5,73,21.9
2011,1,8,6,272,22.7
2011,1,8,7,491,23.5
2011,1,8,8,695,24.3
2011,1,8,9,869,24.6
2011,1,8,10,988,25.4
2011,1,8,11,1051,25.7
2011,1,8,12,1053,25.8
2011,1,8,13,989,25.7
2011,1,8,14,866,25.5
2011,1,8,15,694,25.1
2011,1,8,16,486,24.6
2011,1,8,17,269,24
2011,1,8,18,74,23.4
2011,1,8,19,0,22.8
2011,1,8,20,0,22.5
2011,1,8,21,0,22.4
2011,1,8,22,0,22.4
2011,1,8,23,0,22.4
2011,1,9,0,0,22.4
2011,1,9,1,0,22.6
2011,1,9,2,0,22.7
2011,1,9,3,0,22.8
2011,1,9,4,0,23
2011,1,9,5,12,23.2
2011,1,9,6,49,23.5
2011,1,9,7,109,23.8
2011,1,9,8,230,24.2
2011,1,9,9,561,24.4
2011,1,9,10,802,24.6
2011,1,9,11,1008,24.6
2011,1,9,12,1012,24.6
2011,1,9,13,965,24.6
2011,1,9,14,849,24.6
2011,1,9,15,684,24.5
2011,1,9,16,484,24.4
2011,1,9,17,268,24
2011,1,9,18,75,23.4
2011,1,9,19,0,22.9
2011,1,9,20,0,22.7
2011,1,9,21,0,22.6
2011,1,9,22,0,22.6
2011,1,9,23,0,22.6
2011,1,10,0,0,22.5
2011,1,10,1,0,22.5
2011,1,10,2,0,22.6
2011,1,10,3,0,22.6
2011,1,10,4,0,22.6
2011,1,10,5,58,22.8
2011,1,10,6,222,23.1
2011,1,10,7,467,23.5
2011,1,10,8,670,24
2011,1,10,9,636,24.3
2011,1,10,10,453,24.7
2011,1,10,11,440,24.9
2011,1,10,12,760,24.8
2011,1,10,13,764,24.7
2011,1,10,14,647,24.5
2011,1,10,15,588,24
2011,1,10,16,315,23.4
2011,1,10,17,203,22.8
2011,1,10,18,56,22.4
2011,1,10,19,0,22.2
2011,1,10,20,0,22.1
2011,1,10,21,0,22.1
2011,1,10,22,0,22.2
2011,1,10,23,0,22.1
2011,1,11,0,0,22.2
2011,1,11,1,0,22.2
2011,1,11,2,0,22.2
2011,1,11,3,0,22.1
2011,1,11,4,0,22.2
2011,1,11,5,37,22.6
2011,1,11,6,167,23.1
2011,1,11,7,58,23.8
2011,1,11,8,137,24.5
2011,1,11,9,469,24.7
2011,1,11,10,368,25.2
2011,1,11,11,643,25.3
2011,1,11,12,554,25.3
2011,1,11,13,398,25
2011,1,11,14,390,24.6
2011,1,11,15,315,24.2
2011,1,11,16,257,23.8
2011,1,11,17,84,23.4
2011,1,11,18,35,23.2
2011,1,11,19,0,23
2011,1,11,20,0,23
2011,1,11,21,0,23
2011,1,11,22,0,22.9
2011,1,11,23,0,22.8
2011,1,12,0,0,22.8
2011,1,12,1,0,22.7
2011,1,12,2,0,22.7
2011,1,12,3,0,22.6
2011,1,12,4,0,22.7
2011,1,12,5,7,23.1
2011,1,12,6,27,23.8
2011,1,12,7,173,24.6
2011,1,12,8,554,25.3
2011,1,12,9,407,25.6
2011,1,12,10,675,26.4
2011,1,12,11,878,26.7
2011,1,12,12,1002,26.6
2011,1,12,13,939,26.3
2011,1,12,14,718,25.9
2011,1,12,15,518,25.5
2011,1,12,16,429,25
2011,1,12,17,189,24.4
2011,1,12,18,61,24
2011,1,12,19,0,23.8
2011,1,12,20,0,23.7
2011,1,12,21,0,23.7
2011,1,12,22,0,23.6
2011,1,12,23,0,23.5
2011,1,13,0,0,23.4
2011,1,13,1,0,23.3
2011,1,13,2,0,23.1
2011,1,13,3,0,23
2011,1,13,4,0,23.1
2011,1,13,5,4,23.5
2011,1,13,6,16,24.1
2011,1,13,7,453,24.6
2011,1,13,8,656,25
2011,1,13,9,829,25.2
2011,1,13,10,934,25.5
2011,1,13,11,1003,25.7
2011,1,13,12,1008,25.7
2011,1,13,13,937,25.6
2011,1,13,14,316,25.4
2011,1,13,15,520,24.9
2011,1,13,16,393,24.5
2011,1,13,17,176,23.9
2011,1,13,18,66,23.4
2011,1,13,19,0,23.1
2011,1,13,20,0,23
2011,1,13,21,0,22.9
2011,1,13,22,0,22.8
2011,1,13,23,0,22.8
2011,1,14,0,0,22.7
2011,1,14,1,0,22.5
2011,1,14,2,0,22.4
2011,1,14,3,0,22.2
2011,1,14,4,0,22.3
2011,1,14,5,32,22.8
2011,1,14,6,204,23.6
2011,1,14,7,457,24.4
2011,1,14,8,661,25.1
2011,1,14,9,832,25.4
2011,1,14,10,943,26.1
2011,1,14,11,1006,26.4
2011,1,14,12,1008,26.4
2011,1,14,13,784,26.2
2011,1,14,14,694,25.8
2011,1,14,15,527,25.3
2011,1,14,16,223,24.7
2011,1,14,17,150,24.3
2011,1,14,18,40,23.9
2011,1,14,19,0,23.6
2011,1,14,20,0,23.5
2011,1,14,21,0,23.4
2011,1,14,22,0,23.2
2011,1,14,23,0,23.1
2011,1,15,0,0,22.9
2011,1,15,1,0,22.7
2011,1,15,2,0,22.6
2011,1,15,3,0,22.4
2011,1,15,4,0,22.4
2011,1,15,5,4,22.7
2011,1,15,6,16,23.4
2011,1,15,7,119,24.3
2011,1,15,8,198,25.3
2011,1,15,9,316,25.8
2011,1,15,10,366,26.5
2011,1,15,11,397,26.5
2011,1,15,12,586,26.4
2011,1,15,13,747,26.4
2011,1,15,14,645,26.5
2011,1,15,15,519,26.4
2011,1,15,16,480,26.1
2011,1,15,17,41,25.5
2011,1,15,18,73,24.7
2011,1,15,19,0,24
2011,1,15,20,0,23.7
2011,1,15,21,0,23.3
2011,1,15,22,0,23
2011,1,15,23,0,22.7
2011,1,16,0,0,22.4
2011,1,16,1,0,22.3
2011,1,16,2,0,22.2
2011,1,16,3,0,22.1
2011,1,16,4,0,22.1
2011,1,16,5,54,22.6
2011,1,16,6,248,23.3
2011,1,16,7,470,24.2
2011,1,16,8,680,25.2
2011,1,16,9,860,25.6
2011,1,16,10,985,26.4
2011,1,16,11,1057,26.7
2011,1,16,12,1062,26.9
2011,1,16,13,1003,27
2011,1,16,14,884,26.9
2011,1,16,15,715,26.7
2011,1,16,16,509,26.3
2011,1,16,17,287,25.6
2011,1,16,18,81,24.7
2011,1,16,19,0,24
2011,1,16,20,0,23.6
2011,1,16,21,0,23.3
2011,1,16,22,0,23
2011,1,16,23,0,22.7
2011,1,17,0,0,22.4
2011,1,17,1,0,22
2011,1,17,2,0,21.7
2011,1,17,3,0,21.5
2011,1,17,4,0,21.6
2011,1,17,5,51,22.4
2011,1,17,6,238,23.8
2011,1,17,7,455,25.4
2011,1,17,8,663,27
2011,1,17,9,840,27.8
2011,1,17,10,977,29.5
2011,1,17,11,1045,29.4
2011,1,17,12,1044,28.9
2011,1,17,13,972,27.8
2011,1,17,14,838,26.3
2011,1,17,15,663,25.1
2011,1,17,16,458,24.2
2011,1,17,17,250,23.4
2011,1,17,18,66,22.8
2011,1,17,19,0,22.5
2011,1,17,20,0,22.1
2011,1,17,21,0,21.6
2011,1,17,22,0,21.2
2011,1,17,23,0,20.9
2011,1,18,0,0,20.7
2011,1,18,1,0,20.6
2011,1,18,2,0,20.5
2011,1,18,3,0,20.3
2011,1,18,4,0,20.4
2011,1,18,5,45,21
2011,1,18,6,234,21.7
2011,1,18,7,458,22.5
2011,1,18,8,256,23.2
2011,1,18,9,588,23.5
2011,1,18,10,985,24.1
2011,1,18,11,1050,24.3
2011,1,18,12,1050,24.3
2011,1,18,13,986,24.1
2011,1,18,14,859,23.8
2011,1,18,15,688,23.4
2011,1,18,16,486,22.9
2011,1,18,17,264,22.4
2011,1,18,18,69,21.9
2011,1,18,19,0,21.6
2011,1,18,20,0,21.4
2011,1,18,21,0,21.2
2011,1,18,22,0,21
2011,1,18,23,0,20.9
2011,1,19,0,0,20.8
2011,1,19,1,0,20.7
2011,1,19,2,0,20.7
2011,1,19,3,0,20.7
2011,1,19,4,0,20.9
2011,1,19,5,42,21.3
2011,1,19,6,224,22
2011,1,19,7,440,22.6
2011,1,19,8,90,23.2
2011,1,19,9,828,23.4
2011,1,19,10,952,24
2011,1,19,11,1022,24.2
2011,1,19,12,1029,24.3
2011,1,19,13,966,24.4
2011,1,19,14,845,24.4
2011,1,19,15,677,24.3
2011,1,19,16,418,24.1
2011,1,19,17,162,23.7
2011,1,19,18,42,23.4
2011,1,19,19,0,23.2
2011,1,19,20,0,23.1
2011,1,19,21,0,22.9
2011,1,19,22,0,22.8
2011,1,19,23,0,22.7
2011,1,20,0,0,22.6
2011,1,20,1,0,22.5
2011,1,20,2,0,22.4
2011,1,20,3,0,22.4
2011,1,20,4,0,22.5
2011,1,20,5,41,23
2011,1,20,6,223,23.7
2011,1,20,7,441,24.3
2011,1,20,8,651,24.9
2011,1,20,9,830,25.3
2011,1,20,10,961,25.9
2011,1,20,11,1031,26.2
2011,1,20,12,1037,26.2
2011,1,20,13,982,26.1
2011,1,20,14,862,25.9
2011,1,20,15,692,25.6
2011,1,20,16,487,25.1
2011,1,20,17,269,24.5
2011,1,20,18,71,23.8
2011,1,20,19,0,23.3
2011,1,20,20,0,23
2011,1,20,21,0,22.7
2011,1,20,22,0,22.4
2011,1,20,23,0,22.2
2011,1,21,0,0,21.9
2011,1,21,1,0,21.7
2011,1,21,2,0,21.5
2011,1,21,3,0,21.4
2011,1,21,4,0,21.5
2011,1,21,5,42,22.2
2011,1,21,6,235,23.3
2011,1,21,7,460,24.4
2011,1,21,8,673,25.4
2011,1,21,9,854,25.8
2011,1,21,10,985,26.8
2011,1,21,11,1056,27.2
2011,1,21,12,1059,27.4
2011,1,21,13,999,27.3
2011,1,21,14,877,26.9
2011,1,21,15,703,26.2
2011,1,21,16,494,25.4
2011,1,21,17,178,24.5
2011,1,21,18,71,23.9
2011,1,21,19,0,23.6
2011,1,21,20,0,23.5
2011,1,21,21,0,23.3
2011,1,21,22,0,23
2011,1,21,23,0,22.7
2011,1,22,0,0,22.3
2011,1,22,1,0,22
2011,1,22,2,0,21.7
2011,1,22,3,0,21.5
2011,1,22,4,0,21.6
2011,1,22,5,42,22.3
2011,1,22,6,230,23.4
2011,1,22,7,451,24.6
2011,1,22,8,663,25.7
2011,1,22,9,843,26.2
2011,1,22,10,976,27
2011,1,22,11,946,27.2
2011,1,22,12,1058,27.2
2011,1,22,13,1001,26.9
2011,1,22,14,880,26.5
2011,1,22,15,706,26
2011,1,22,16,498,25.3
2011,1,22,17,193,24.5
2011,1,22,18,49,23.7
2011,1,22,19,0,23.2
2011,1,22,20,0,22.9
2011,1,22,21,0,22.6
2011,1,22,22,0,22.3
2011,1,22,23,0,22.1
2011,1,23,0,0,21.9
2011,1,23,1,0,21.7
2011,1,23,2,0,21.5
2011,1,23,3,0,21.4
2011,1,23,4,0,21.4
2011,1,23,5,31,22
2011,1,23,6,223,23.1
2011,1,23,7,444,24.2
2011,1,23,8,561,25.2
2011,1,23,9,838,25.8
2011,1,23,10,973,27.1
2011,1,23,11,1044,27.5
2011,1,23,12,1051,27.6
2011,1,23,13,991,27.3
2011,1,23,14,92,26.9
2011,1,23,15,357,26.3
2011,1,23,16,335,25.6
2011,1,23,17,262,24.8
2011,1,23,18,66,24
2011,1,23,19,0,23.6
2011,1,23,20,0,23.4
2011,1,23,21,0,23.2
2011,1,23,22,0,22.9
2011,1,23,23,0,22.5
2011,1,24,0,0,22.2
2011,1,24,1,0,22
2011,1,24,2,0,21.9
2011,1,24,3,0,21.8
2011,1,24,4,0,21.8
2011,1,24,5,19,22.5
2011,1,24,6,213,23.9
2011,1,24,7,159,25.6
2011,1,24,8,576,27.2
2011,1,24,9,815,28
2011,1,24,10,765,29.7
2011,1,24,11,770,30.6
2011,1,24,12,325,31.3
2011,1,24,13,339,31.7
2011,1,24,14,118,31.7
2011,1,24,15,45,31.6
2011,1,24,16,380,31.1
2011,1,24,17,243,30.1
2011,1,24,18,61,28.4
2011,1,24,19,0,26.9
2011,1,24,20,0,25.7
2011,1,24,21,0,24.5
2011,1,24,22,0,23.5
2011,1,24,23,0,22.8
2011,1,25,0,0,22.4
2011,1,25,1,0,22.3
2011,1,25,2,0,22.2
2011,1,25,3,0,22.1
2011,1,25,4,0,22.1
2011,1,25,5,28,22.4
2011,1,25,6,200,23.2
2011,1,25,7,417,24.1
2011,1,25,8,628,25.2
2011,1,25,9,808,25.9
2011,1,25,10,948,28
2011,1,25,11,1019,28.9
2011,1,25,12,1026,29.2
2011,1,25,13,812,29
2011,1,25,14,853,28.3
2011,1,25,15,683,27.4
2011,1,25,16,478,26.4
2011,1,25,17,259,25.2
2011,1,25,18,64,24.1
2011,1,25,19,0,23.7
2011,1,25,20,0,23.6
2011,1,25,21,0,23.5
2011,1,25,22,0,23.4
2011,1,25,23,0,23.4
2011,1,26,0,0,23.4
2011,1,26,1,0,23.4
2011,1,26,2,0,23.5
2011,1,26,3,0,23.5
2011,1,26,4,0,23.5
2011,1,26,5,3,24.1
2011,1,26,6,70,25.2
2011,1,26,7,296,26.4
2011,1,26,8,560,27.6
2011,1,26,9,799,28.3
2011,1,26,10,564,30.3
2011,1,26,11,211,31.5
2011,1,26,12,410,32.3
2011,1,26,13,956,32.8
2011,1,26,14,835,32.7
2011,1,26,15,665,32
2011,1,26,16,464,30.6
2011,1,26,17,247,28.8
2011,1,26,18,59,27.2
2011,1,26,19,0,26.1
2011,1,26,20,0,25.5
2011,1,26,21,0,25
2011,1,26,22,0,24.7
2011,1,26,23,0,24.4
2011,1,27,0,0,24.3
2011,1,27,1,0,24.2
2011,1,27,2,0,24.1
2011,1,27,3,0,24
2011,1,27,4,0,24
2011,1,27,5,27,24.3
2011,1,27,6,201,25.1
2011,1,27,7,418,25.9
2011,1,27,8,628,26.9
2011,1,27,9,810,27.4
2011,1,27,10,735,28.9
2011,1,27,11,782,29.5
2011,1,27,12,1019,29.5
2011,1,27,13,962,29.2
2011,1,27,14,842,28.5
2011,1,27,15,673,27.5
2011,1,27,16,245,26.2
2011,1,27,17,254,24.9
2011,1,27,18,29,24
2011,1,27,19,0,23.5
2011,1,27,20,0,23.4
2011,1,27,21,0,23.3
2011,1,27,22,0,23.2
2011,1,27,23,0,23.2
2011,1,28,0,0,23.1
2011,1,28,1,0,23
2011,1,28,2,0,22.8
2011,1,28,3,0,22.6
2011,1,28,4,0,22.6
2011,1,28,5,26,22.9
2011,1,28,6,201,23.3
2011,1,28,7,417,23.7
2011,1,28,8,71,24
2011,1,28,9,807,24.1
2011,1,28,10,92,24.3
2011,1,28,11,501,24.3
2011,1,28,12,1032,24.3
2011,1,28,13,975,24.2
2011,1,28,14,389,23.9
2011,1,28,15,400,23.5
2011,1,28,16,480,23
2011,1,28,17,257,22.4
2011,1,28,18,60,21.9
2011,1,28,19,0,21.6
2011,1,28,20,0,21.4
2011,1,28,21,0,21.2
2011,1,28,22,0,21.1
2011,1,28,23,0,20.9
2011,1,29,0,0,20.8
2011,1,29,1,0,20.7
2011,1,29,2,0,20.7
2011,1,29,3,0,20.6
2011,1,29,4,0,20.8
2011,1,29,5,3,21.4
2011,1,29,6,17,22.2
2011,1,29,7,40,23
2011,1,29,8,118,23.6
2011,1,29,9,835,23.9
2011,1,29,10,965,24.4
2011,1,29,11,1044,24.5
2011,1,29,12,1055,24.4
2011,1,29,13,1002,24.3
2011,1,29,14,881,24.1
2011,1,29,15,707,23.7
2011,1,29,16,496,23.3
2011,1,29,17,270,22.8
2011,1,29,18,65,22.2
2011,1,29,19,0,21.8
2011,1,29,20,0,21.6
2011,1,29,21,0,21.4
2011,1,29,22,0,21.2
2011,1,29,23,0,21
2011,1,30,0,0,20.9
2011,1,30,1,0,20.7
2011,1,30,2,0,20.5
2011,1,30,3,0,20.2
2011,1,30,4,0,20
2011,1,30,5,26,20.5
2011,1,30,6,211,21.9
2011,1,30,7,438,23.4
2011,1,30,8,658,25
2011,1,30,9,844,25.8
2011,1,30,10,979,27.8
2011,1,30,11,1052,28.6
2011,1,30,12,1059,29
2011,1,30,13,997,29.1
2011,1,30,14,871,28.8
2011,1,30,15,696,28.2
2011,1,30,16,486,27.4
2011,1,30,17,261,26.3
2011,1,30,18,61,25.1
2011,1,30,19,0,24.4
2011,1,30,20,0,23.9
2011,1,30,21,0,23.6
2011,1,30,22,0,23.3
2011,1,30,23,0,23
2011,1,31,0,0,22.7
2011,1,31,1,0,22.5
2011,1,31,2,0,22.3
2011,1,31,3,0,22.2
2011,1,31,4,0,22.1
2011,1,31,5,22,22.7
2011,1,31,6,197,24.3
2011,1,31,7,418,26.2
2011,1,31,8,633,27.9
2011,1,31,9,816,28.7
2011,1,31,10,953,30.7
2011,1,31,11,1030,31.4
2011,1,31,12,1040,31.7
2011,1,31,13,982,31.6
2011,1,31,14,862,31.2
2011,1,31,15,691,30.5
2011,1,31,16,483,29.5
2011,1,31,17,260,28.1
2011,1,31,18,60,26.6
2011,1,31,19,0,25.5
2011,1,31,20,0,24.8
2011,1,31,21,0,24.3
2011,1,31,22,0,23.9
2011,1,31,23,0,23.5
2011,2,1,0,0,23.2
2011,2,1,1,0,23
2011,2,1,2,0,22.9
2011,2,1,3,0,22.8
2011,2,1,4,0,22.9
2011,2,1,5,18,23.5
2011,2,1,6,186,24.9
2011,2,1,7,408,26.8
2011,2,1,8,626,29.2
2011,2,1,9,812,30.6
2011,2,1,10,952,34
2011,2,1,11,1028,35.2
2011,2,1,12,1040,35.6
2011,2,1,13,986,35.6
2011,2,1,14,864,35.3
2011,2,1,15,688,35
2011,2,1,16,479,34.2
2011,2,1,17,253,32.7
2011,2,1,18,56,30.9
2011,2,1,19,0,29.9
2011,2,1,20,0,29.4
2011,2,1,21,0,29
2011,2,1,22,0,28.7
2011,2,1,23,0,28.3
2011,2,2,0,0,28
2011,2,2,1,0,27.6
2011,2,2,2,0,27.3
2011,2,2,3,0,26.8
2011,2,2,4,0,26.1
2011,2,2,5,16,25.8
2011,2,2,6,174,26.1
2011,2,2,7,383,26.8
2011,2,2,8,590,27.6
2011,2,2,9,771,28
2011,2,2,10,924,29
2011,2,2,11,997,29.4
2011,2,2,12,1004,29.7
2011,2,2,13,947,29.8
2011,2,2,14,824,29.7
2011,2,2,15,650,29.4
2011,2,2,16,415,28.7
2011,2,2,17,140,27.7
2011,2,2,18,47,26.7
2011,2,2,19,0,26.2
2011,2,2,20,0,26
2011,2,2,21,0,25.9
2011,2,2,22,0,25.8
2011,2,2,23,0,25.6
2011,2,3,0,0,25.4
2011,2,3,1,0,25.3
2011,2,3,2,0,25.1
2011,2,3,3,0,25.1
2011,2,3,4,0,25.2
2011,2,3,5,4,25.6
2011,2,3,6,27,26.4
2011,2,3,7,65,27.7
2011,2,3,8,183,29.4
2011,2,3,9,561,30.3
2011,2,3,10,424,31.7
2011,2,3,11,75,32.1
2011,2,3,12,93,32.5
2011,2,3,13,193,32.9
2011,2,3,14,811,32.7
2011,2,3,15,641,31.5
2011,2,3,16,439,29.7
2011,2,3,17,225,28
2011,2,3,18,45,26.7
2011,2,3,19,0,25.8
2011,2,3,20,0,25.1
2011,2,3,21,0,24.7
2011,2,3,22,0,24.5
2011,2,3,23,0,24.3
2011,2,4,0,0,24
2011,2,4,1,0,23.9
2011,2,4,2,0,23.9
2011,2,4,3,0,23.8
2011,2,4,4,0,23.9
2011,2,4,5,15,24.5
2011,2,4,6,166,25.6
2011,2,4,7,362,26.6
2011,2,4,8,561,27.6
2011,2,4,9,772,28.1
2011,2,4,10,904,29.5
2011,2,4,11,737,30.1
2011,2,4,12,838,30.2
2011,2,4,13,929,30.1
2011,2,4,14,687,29.8
2011,2,4,15,504,29.2
2011,2,4,16,305,28.3
2011,2,4,17,155,27
2011,2,4,18,32,25.9
2011,2,4,19,0,25.4
2011,2,4,20,0,25.2
2011,2,4,21,0,25
2011,2,4,22,0,24.9
2011,2,4,23,0,24.9
2011,2,5,0,0,24.8
2011,2,5,1,0,24.7
2011,2,5,2,0,24.7
2011,2,5,3,0,24.8
2011,2,5,4,0,25.1
2011,2,5,5,9,26
2011,2,5,6,134,27.7
2011,2,5,7,305,29.9
2011,2,5,8,602,31.8
2011,2,5,9,783,32.6
2011,2,5,10,922,33.9
2011,2,5,11,1005,34.5
2011,2,5,12,1023,34.9
2011,2,5,13,968,35.2
2011,2,5,14,846,35.3
2011,2,5,15,672,35.2
2011,2,5,16,462,34.8
2011,2,5,17,239,33.9
2011,2,5,18,48,32.8
2011,2,5,19,0,31.9
2011,2,5,20,0,31.2
2011,2,5,21,0,30.4
2011,2,5,22,0,29.6
2011,2,5,23,0,29
2011,2,6,0,0,28.4
2011,2,6,1,0,27.9
2011,2,6,2,0,27.4
2011,2,6,3,0,26.9
2011,2,6,4,0,26.5
2011,2,6,5,2,26.7
2011,2,6,6,34,27.5
2011,2,6,7,90,28.5
2011,2,6,8,409,29.6
2011,2,6,9,611,30.2
2011,2,6,10,706,32.2
2011,2,6,11,517,33.3
2011,2,6,12,357,32.6
2011,2,6,13,74,29.3
2011,2,6,14,144,24.9
2011,2,6,15,55,21.6
2011,2,6,16,35,20.2
2011,2,6,17,198,19.6
2011,2,6,18,4,19.2
2011,2,6,19,0,19.2
2011,2,6,20,0,19.4
2011,2,6,21,0,19.6
2011,2,6,22,0,19.7
2011,2,6,23,0,19.7
2011,2,7,0,0,19.6
2011,2,7,1,0,19.5
2011,2,7,2,0,19.4
2011,2,7,3,0,19.4
2011,2,7,4,0,19.4
2011,2,7,5,1,19.7
2011,2,7,6,38,20.2
2011,2,7,7,30,20.7
2011,2,7,8,176,21.4
2011,2,7,9,305,21.8
2011,2,7,10,413,22.5
2011,2,7,11,563,22.6
2011,2,7,12,383,22.6
2011,2,7,13,298,22.5
2011,2,7,14,347,22.2
2011,2,7,15,339,21.9
2011,2,7,16,160,21.5
2011,2,7,17,116,21
2011,2,7,18,16,20.5
2011,2,7,19,0,20.3
2011,2,7,20,0,20.2
2011,2,7,21,0,20.1
2011,2,7,22,0,20
2011,2,7,23,0,20
2011,2,8,0,0,20.1
2011,2,8,1,0,19.9
2011,2,8,2,0,19.7
2011,2,8,3,0,19.6
2011,2,8,4,0,19.7
2011,2,8,5,0,20.4
2011,2,8,6,21,21.3
2011,2,8,7,55,22.1
2011,2,8,8,617,22.8
2011,2,8,9,804,23.2
2011,2,8,10,946,24
2011,2,8,11,114,24.4
2011,2,8,12,167,24.5
2011,2,8,13,421,24.5
2011,2,8,14,851,24.1
2011,2,8,15,677,23.6
2011,2,8,16,465,23
2011,2,8,17,148,22.3
2011,2,8,18,24,21.8
2011,2,8,19,0,21.5
2011,2,8,20,0,21.3
2011,2,8,21,0,21.2
2011,2,8,22,0,21.1
2011,2,8,23,0,21
2011,2,9,0,0,20.9
2011,2,9,1,0,20.6
2011,2,9,2,0,20.4
2011,2,9,3,0,20.2
2011,2,9,4,0,20.2
2011,2,9,5,0,20.8
2011,2,9,6,171,21.9
2011,2,9,7,210,22.8
2011,2,9,8,600,23.5
2011,2,9,9,388,23.8
2011,2,9,10,930,24.1
2011,2,9,11,1007,24.1
2011,2,9,12,1018,24.1
2011,2,9,13,952,24
2011,2,9,14,621,23.7
2011,2,9,15,388,23.4
2011,2,9,16,357,23
2011,2,9,17,204,22.5
2011,2,9,18,43,22
2011,2,9,19,0,21.8
2011,2,9,20,0,21.6
2011,2,9,21,0,21.5
2011,2,9,22,0,21.4
2011,2,9,23,0,21.4
2011,2,10,0,0,21.2
2011,2,10,1,0,21
2011,2,10,2,0,21
2011,2,10,3,0,21
2011,2,10,4,0,21.1
2011,2,10,5,0,21.8
2011,2,10,6,169,22.6
2011,2,10,7,390,23.4
2011,2,10,8,225,24.1
2011,2,10,9,399,24.5
2011,2,10,10,515,25.7
2011,2,10,11,650,26.3
2011,2,10,12,718,26.6
2011,2,10,13,951,26.6
2011,2,10,14,831,26.3
2011,2,10,15,657,25.7
2011,2,10,16,396,24.9
2011,2,10,17,185,23.9
2011,2,10,18,32,23.1
2011,2,10,19,0,22.8
2011,2,10,20,0,22.7
2011,2,10,21,0,22.7
2011,2,10,22,0,22.5
2011,2,10,23,0,22.4
2011,2,11,0,0,22.2
2011,2,11,1,0,22
2011,2,11,2,0,21.8
2011,2,11,3,0,21.7
2011,2,11,4,0,21.6
2011,2,11,5,0,22
2011,2,11,6,161,23.3
2011,2,11,7,377,24.9
2011,2,11,8,589,26.6
2011,2,11,9,771,27.5
2011,2,11,10,745,29.6
2011,2,11,11,769,30.2
2011,2,11,12,679,30.4
2011,2,11,13,747,30.2
2011,2,11,14,809,30
2011,2,11,15,453,29.6
2011,2,11,16,188,28.9
2011,2,11,17,147,27.6
2011,2,11,18,21,26.3
2011,2,11,19,0,25.5
2011,2,11,20,0,25
2011,2,11,21,0,24.8
2011,2,11,22,0,24.5
2011,2,11,23,0,24.3
2011,2,12,0,0,24.1
2011,2,12,1,0,24
2011,2,12,2,0,23.8
2011,2,12,3,0,23.6
2011,2,12,4,0,23.4
2011,2,12,5,0,23.7
2011,2,12,6,23,24.1
2011,2,12,7,59,24.1
2011,2,12,8,147,23.7
2011,2,12,9,116,23.5
2011,2,12,10,248,23
2011,2,12,11,72,22.9
2011,2,12,12,312,22.9
2011,2,12,13,305,23
2011,2,12,14,73,22.9
2011,2,12,15,27,22.6
2011,2,12,16,33,22.1
2011,2,12,17,38,21.6
2011,2,12,18,9,21.3
2011,2,12,19,0,21.3
2011,2,12,20,0,21.3
2011,2,12,21,0,21.3
2011,2,12,22,0,21.3
2011,2,12,23,0,21.3
2011,2,13,0,0,21.2
2011,2,13,1,0,21.1
2011,2,13,2,0,21.1
2011,2,13,3,0,21.2
2011,2,13,4,0,21.3
2011,2,13,5,0,21.6
2011,2,13,6,54,22
2011,2,13,7,146,22.2
2011,2,13,8,166,22.6
2011,2,13,9,62,22.9
2011,2,13,10,275,23.9
2011,2,13,11,255,24
2011,2,13,12,172,23.8
2011,2,13,13,213,23.4
2011,2,13,14,334,22.9
2011,2,13,15,98,22.4
2011,2,13,16,172,21.9
2011,2,13,17,84,21.4
2011,2,13,18,15,21.1
2011,2,13,19,0,21
2011,2,13,20,0,20.9
2011,2,13,21,0,20.8
2011,2,13,22,0,20.7
2011,2,13,23,0,20.6
2011,2,14,0,0,20.5
2011,2,14,1,0,20.5
2011,2,14,2,0,20.5
2011,2,14,3,0,20.6
2011,2,14,4,0,20.6
2011,2,14,5,0,21
2011,2,14,6,36,21.6
2011,2,14,7,375,22.1
2011,2,14,8,185,22.7
2011,2,14,9,394,22.9
2011,2,14,10,368,23.5
2011,2,14,11,335,23.7
2011,2,14,12,144,23.6
2011,2,14,13,454,23.4
2011,2,14,14,268,23.2
2011,2,14,15,221,22.8
2011,2,14,16,220,22.3
2011,2,14,17,114,21.7
2011,2,14,18,14,21.3
2011,2,14,19,0,21
2011,2,14,20,0,20.8
2011,2,14,21,0,20.7
2011,2,14,22,0,20.7
2011,2,14,23,0,20.6
2011,2,15,0,0,20.4
2011,2,15,1,0,20.4
2011,2,15,2,0,20.4
2011,2,15,3,0,20.4
2011,2,15,4,0,20.6
2011,2,15,5,0,21.2
2011,2,15,6,12,22
2011,2,15,7,116,22.8
2011,2,15,8,60,23.5
2011,2,15,9,346,23.9
2011,2,15,10,551,24.6
2011,2,15,11,531,24.6
2011,2,15,12,505,24.4
2011,2,15,13,405,24.2
2011,2,15,14,667,23.9
2011,2,15,15,630,23.5
2011,2,15,16,354,23.1
2011,2,15,17,170,22.5
2011,2,15,18,24,22.1
2011,2,15,19,0,21.9
2011,2,15,20,0,21.7
2011,2,15,21,0,21.5
2011,2,15,22,0,21.4
2011,2,15,23,0,21.3
2011,2,16,0,0,21.3
2011,2,16,1,0,21.2
2011,2,16,2,0,21.1
2011,2,16,3,0,21.1
2011,2,16,4,0,21.1
2011,2,16,5,0,21.4
2011,2,16,6,9,22
2011,2,16,7,26,22.5
2011,2,16,8,314,23.4
2011,2,16,9,416,23.9
2011,2,16,10,523,25.3
2011,2,16,11,457,25.8
2011,2,16,12,786,26
2011,2,16,13,906,26
2011,2,16,14,344,25.5
2011,2,16,15,271,24.9
2011,2,16,16,145,24.2
2011,2,16,17,60,23.7
2011,2,16,18,19,23.4
2011,2,16,19,0,23.3
2011,2,16,20,0,23.3
2011,2,16,21,0,23.3
2011,2,16,22,0,23.3
2011,2,16,23,0,23.3
2011,2,17,0,0,23.2
2011,2,17,1,0,23
2011,2,17,2,0,22.9
2011,2,17,3,0,22.6
2011,2,17,4,0,22.5
2011,2,17,5,0,22.7
2011,2,17,6,64,23.5
2011,2,17,7,17,24.5
2011,2,17,8,364,25.5
2011,2,17,9,741,25.9
2011,2,17,10,875,27.7
2011,2,17,11,639,28.4
2011,2,17,12,391,28.6
2011,2,17,13,315,28.4
2011,2,17,14,91,27.9
2011,2,17,15,399,27.4
2011,2,17,16,406,26.6
2011,2,17,17,191,25.7
2011,2,17,18,14,24.9
2011,2,17,19,0,24.5
2011,2,17,20,0,24.3
2011,2,17,21,0,24.1
2011,2,17,22,0,24
2011,2,17,23,0,24
2011,2,18,0,0,23.8
2011,2,18,1,0,23.5
2011,2,18,2,0,23.1
2011,2,18,3,0,22.8
2011,2,18,4,0,22.6
2011,2,18,5,0,22.9
2011,2,18,6,129,23.6
2011,2,18,7,51,24.2
2011,2,18,8,550,24.8
2011,2,18,9,733,25.1
2011,2,18,10,862,25.8
2011,2,18,11,935,25.9
2011,2,18,12,643,25.7
2011,2,18,13,888,25.5
2011,2,18,14,770,25.2
2011,2,18,15,509,24.8
2011,2,18,16,401,24.3
2011,2,18,17,157,23.7
2011,2,18,18,4,23.2
2011,2,18,19,0,23
2011,2,18,20,0,22.9
2011,2,18,21,0,22.9
2011,2,18,22,0,22.9
2011,2,18,23,0,22.9
2011,2,19,0,0,22.9
2011,2,19,1,0,22.9
2011,2,19,2,0,22.9
2011,2,19,3,0,22.9
2011,2,19,4,0,22.9
2011,2,19,5,0,23.2
2011,2,19,6,94,24.1
2011,2,19,7,255,25.1
2011,2,19,8,393,26.2
2011,2,19,9,553,26.7
2011,2,19,10,609,28.8
2011,2,19,11,940,30.2
2011,2,19,12,946,31.1
2011,2,19,13,788,31.3
2011,2,19,14,649,31.2
2011,2,19,15,497,30.9
2011,2,19,16,340,30.3
2011,2,19,17,157,29.3
2011,2,19,18,16,28.1
2011,2,19,19,0,27.5
2011,2,19,20,0,27.3
2011,2,19,21,0,27.2
2011,2,19,22,0,27.3
2011,2,19,23,0,27.3
2011,2,20,0,0,27.1
2011,2,20,1,0,27
2011,2,20,2,0,26.9
2011,2,20,3,0,26.8
2011,2,20,4,0,26.7
2011,2,20,5,0,26.6
2011,2,20,6,72,26.8
2011,2,20,7,116,27.2
2011,2,20,8,374,27.7
2011,2,20,9,534,28
2011,2,20,10,404,29
2011,2,20,11,629,29.4
2011,2,20,12,644,29.5
2011,2,20,13,765,29.1
2011,2,20,14,623,28.4
2011,2,20,15,596,27.6
2011,2,20,16,315,26.8
2011,2,20,17,144,25.9
2011,2,20,18,19,25.1
2011,2,20,19,0,24.8
2011,2,20,20,0,24.7
2011,2,20,21,0,24.4
2011,2,20,22,0,24.1
2011,2,20,23,0,23.8
2011,2,21,0,0,23.3
2011,2,21,1,0,22.7
2011,2,21,2,0,22
2011,2,21,3,0,21.5
2011,2,21,4,0,21.1
2011,2,21,5,0,21
2011,2,21,6,98,21.1
2011,2,21,7,350,21.6
2011,2,21,8,561,22.3
2011,2,21,9,738,22.6
2011,2,21,10,874,23.1
2011,2,21,11,944,23.2
2011,2,21,12,949,23.1
2011,2,21,13,901,22.8
2011,2,21,14,772,22.2
2011,2,21,15,599,21.5
2011,2,21,16,390,20.9
2011,2,21,17,15,20.3
2011,2,21,18,2,20.1
2011,2,21,19,0,20.1
2011,2,21,20,0,20.1
2011,2,21,21,0,20.1
2011,2,21,22,0,20
2011,2,21,23,0,19.9
2011,2,22,0,0,19.7
2011,2,22,1,0,19.6
2011,2,22,2,0,19.5
2011,2,22,3,0,19.3
2011,2,22,4,0,19.3
2011,2,22,5,0,19.7
2011,2,22,6,10,20.3
2011,2,22,7,30,20.8
2011,2,22,8,120,21.3
2011,2,22,9,419,21.5
2011,2,22,10,592,21.8
2011,2,22,11,469,21.8
2011,2,22,12,230,21.7
2011,2,22,13,314,21.5
2011,2,22,14,308,21.3
2011,2,22,15,299,21
2011,2,22,16,99,20.6
2011,2,22,17,39,20.2
2011,2,22,18,15,19.9
2011,2,22,19,0,19.8
2011,2,22,20,0,19.8
2011,2,22,21,0,19.8
2011,2,22,22,0,19.9
2011,2,22,23,0,19.9
2011,2,23,0,0,19.9
2011,2,23,1,0,19.7
2011,2,23,2,0,19.6
2011,2,23,3,0,19.6
2011,2,23,4,0,19.7
2011,2,23,5,0,20
2011,2,23,6,125,20.5
2011,2,23,7,130,20.9
2011,2,23,8,560,21.6
2011,2,23,9,85,21.9
2011,2,23,10,348,22.9
2011,2,23,11,967,23.3
2011,2,23,12,978,23.5
2011,2,23,13,923,23.4
2011,2,23,14,800,23.1
2011,2,23,15,625,22.6
2011,2,23,16,414,22
2011,2,23,17,191,21.3
2011,2,23,18,15,20.6
2011,2,23,19,0,20.3
2011,2,23,20,0,20
2011,2,23,21,0,19.9
2011,2,23,22,0,19.8
2011,2,23,23,0,19.7
2011,2,24,0,0,19.6
2011,2,24,1,0,19.5
2011,2,24,2,0,19.4
2011,2,24,3,0,19.4
2011,2,24,4,0,19.3
2011,2,24,5,0,19.7
2011,2,24,6,134,20.5
2011,2,24,7,359,21.5
2011,2,24,8,583,22.5
2011,2,24,9,775,23
2011,2,24,10,919,24.4
2011,2,24,11,998,25.2
2011,2,24,12,1007,25.6
2011,2,24,13,947,25.7
2011,2,24,14,822,25.4
2011,2,24,15,640,24.7
2011,2,24,16,422,23.7
2011,2,24,17,193,22.6
2011,2,24,18,14,21.7
2011,2,24,19,0,21.2
2011,2,24,20,0,20.9
2011,2,24,21,0,20.6
2011,2,24,22,0,20.4
2011,2,24,23,0,20.1
2011,2,25,0,0,19.9
2011,2,25,1,0,19.7
2011,2,25,2,0,19.6
2011,2,25,3,0,19.6
2011,2,25,4,0,19.7
2011,2,25,5,0,20.1
2011,2,25,6,97,20.6
2011,2,25,7,347,21.6
2011,2,25,8,452,23.1
2011,2,25,9,754,23.9
2011,2,25,10,758,25.5
2011,2,25,11,705,25.8
2011,2,25,12,680,25.9
2011,2,25,13,908,26
2011,2,25,14,439,25.8
2011,2,25,15,457,25.4
2011,2,25,16,294,24.6
2011,2,25,17,124,23.5
2011,2,25,18,9,22.7
2011,2,25,19,0,22.3
2011,2,25,20,0,22.1
2011,2,25,21,0,21.9
2011,2,25,22,0,21.7
2011,2,25,23,0,21.6
2011,2,26,0,0,21.6
2011,2,26,1,0,21.6
2011,2,26,2,0,21.5
2011,2,26,3,0,21.4
2011,2,26,4,0,21.3
2011,2,26,5,0,21.6
2011,2,26,6,114,22.5
2011,2,26,7,325,23.7
2011,2,26,8,541,24.8
2011,2,26,9,728,25.4
2011,2,26,10,879,26.6
2011,2,26,11,956,27.3
2011,2,26,12,962,27.5
2011,2,26,13,900,27.5
2011,2,26,14,774,27.1
2011,2,26,15,597,26.5
2011,2,26,16,386,25.6
2011,2,26,17,167,24.4
2011,2,26,18,0,23.4
2011,2,26,19,0,23
2011,2,26,20,0,22.8
2011,2,26,21,0,22.7
2011,2,26,22,0,22.5
2011,2,26,23,0,22.3
2011,2,27,0,0,22.1
2011,2,27,1,0,21.8
2011,2,27,2,0,21.6
2011,2,27,3,0,21.4
2011,2,27,4,0,21.3
2011,2,27,5,0,21.7
2011,2,27,6,8,22.8
2011,2,27,7,24,23.9
2011,2,27,8,114,24.9
2011,2,27,9,442,25.3
2011,2,27,10,323,26.2
2011,2,27,11,783,27.2
2011,2,27,12,184,28.7
2011,2,27,13,117,29.9
2011,2,27,14,282,30
2011,2,27,15,417,29.2
2011,2,27,16,145,27.8
2011,2,27,17,102,26.1
2011,2,27,18,0,24.5
2011,2,27,19,0,23.4
2011,2,27,20,0,22.7
2011,2,27,21,0,22.1
2011,2,27,22,0,21.7
2011,2,27,23,0,21.5
2011,2,28,0,0,21.3
2011,2,28,1,0,21.2
2011,2,28,2,0,21.2
2011,2,28,3,0,21.2
2011,2,28,4,0,21.3
2011,2,28,5,0,21.6
2011,2,28,6,94,22.2
2011,2,28,7,268,22.9
2011,2,28,8,456,23.6
2011,2,28,9,686,23.9
2011,2,28,10,97,25.3
2011,2,28,11,409,26.2
2011,2,28,12,511,26.9
2011,2,28,13,854,27.2
2011,2,28,14,208,27.2
2011,2,28,15,239,26.7
2011,2,28,16,91,25.7
2011,2,28,17,51,24.5
2011,2,28,18,0,23.5
2011,2,28,19,0,23.3
2011,2,28,20,0,23.2
2011,2,28,21,0,23.2
2011,2,28,22,0,23.2
2011,2,28,23,0,23.1
2011,3,1,0,0,23.1
2011,3,1,1,0,23
2011,3,1,2,0,23.1
2011,3,1,3,0,23.2
2011,3,1,4,0,23.4
2011,3,1,5,0,24
2011,3,1,6,32,25.1
2011,3,1,7,98,26.8
2011,3,1,8,25,28.6
2011,3,1,9,65,29.5
2011,3,1,10,198,30.3
2011,3,1,11,107,30.1
2011,3,1,12,331,29.6
2011,3,1,13,263,29.4
2011,3,1,14,441,29.1
2011,3,1,15,196,28.2
2011,3,1,16,240,26.4
2011,3,1,17,94,24.1
2011,3,1,18,0,22.1
2011,3,1,19,0,21.1
2011,3,1,20,0,20.7
2011,3,1,21,0,20.4
2011,3,1,22,0,20.2
2011,3,1,23,0,19.9
2011,3,2,0,0,19.8
2011,3,2,1,0,19.7
2011,3,2,2,0,19.7
2011,3,2,3,0,19.6
2011,3,2,4,0,19.6
2011,3,2,5,0,19.7
2011,3,2,6,38,20.1
2011,3,2,7,118,20.5
2011,3,2,8,31,21
2011,3,2,9,50,21.3
2011,3,2,10,835,21.7
2011,3,2,11,273,21.9
2011,3,2,12,903,22
2011,3,2,13,405,21.8
2011,3,2,14,718,21.7
2011,3,2,15,551,21.8
2011,3,2,16,347,21.6
2011,3,2,17,138,21.3
2011,3,2,18,0,21
2011,3,2,19,0,20.9
2011,3,2,20,0,20.7
2011,3,2,21,0,20.6
2011,3,2,22,0,20.5
2011,3,2,23,0,20.3
2011,3,3,0,0,20.2
2011,3,3,1,0,19.9
2011,3,3,2,0,19.7
2011,3,3,3,0,19.4
2011,3,3,4,0,19.1
2011,3,3,5,0,19.4
2011,3,3,6,102,20.4
2011,3,3,7,320,22.2
2011,3,3,8,551,24.3
2011,3,3,9,557,25.2
2011,3,3,10,698,27.1
2011,3,3,11,741,27.9
2011,3,3,12,784,28.2
2011,3,3,13,921,27.8
2011,3,3,14,790,26.9
2011,3,3,15,604,25.5
2011,3,3,16,383,23.7
2011,3,3,17,95,22.2
2011,3,3,18,0,21.3
2011,3,3,19,0,21
2011,3,3,20,0,20.8
2011,3,3,21,0,20.7
2011,3,3,22,0,20.5
2011,3,3,23,0,20.3
2011,3,4,0,0,20.2
2011,3,4,1,0,20.1
2011,3,4,2,0,20
2011,3,4,3,0,20
2011,3,4,4,0,20
2011,3,4,5,0,20.3
2011,3,4,6,103,21.2
2011,3,4,7,314,22.2
2011,3,4,8,530,23.4
2011,3,4,9,717,24
2011,3,4,10,870,25.8
2011,3,4,11,946,26.5
2011,3,4,12,953,26.7
2011,3,4,13,894,26.5
2011,3,4,14,763,25.5
2011,3,4,15,487,24.1
2011,3,4,16,218,22.7
2011,3,4,17,148,21.7
2011,3,4,18,0,21
2011,3,4,19,0,20.7
2011,3,4,20,0,20.6
2011,3,4,21,0,20.3
2011,3,4,22,0,20
2011,3,4,23,0,19.6
2011,3,5,0,0,19.3
2011,3,5,1,0,19.1
2011,3,5,2,0,18.9
2011,3,5,3,0,18.8
2011,3,5,4,0,18.8
2011,3,5,5,0,19
2011,3,5,6,18,19.5
2011,3,5,7,63,20
2011,3,5,8,197,20.6
2011,3,5,9,207,21
2011,3,5,10,89,20.9
2011,3,5,11,337,20.8
2011,3,5,12,341,20.8
2011,3,5,13,356,20.9
2011,3,5,14,146,20.7
2011,3,5,15,220,20.4
2011,3,5,16,171,20
2011,3,5,17,58,19.6
2011,3,5,18,0,19.3
2011,3,5,19,0,19.2
2011,3,5,20,0,19.2
2011,3,5,21,0,19.2
2011,3,5,22,0,19.1
2011,3,5,23,0,19
2011,3,6,0,0,19
2011,3,6,1,0,18.9
2011,3,6,2,0,18.9
2011,3,6,3,0,18.9
2011,3,6,4,0,19
2011,3,6,5,0,19.1
2011,3,6,6,11,19.5
2011,3,6,7,321,19.8
2011,3,6,8,542,20.2
2011,3,6,9,734,20.4
2011,3,6,10,130,20.9
2011,3,6,11,147,21.3
2011,3,6,12,148,21.6
2011,3,6,13,194,21.7
2011,3,6,14,494,21.6
2011,3,6,15,350,21.3
2011,3,6,16,376,20.8
2011,3,6,17,151,20.2
2011,3,6,18,0,19.8
2011,3,6,19,0,19.7
2011,3,6,20,0,19.7
2011,3,6,21,0,19.6
2011,3,6,22,0,19.5
2011,3,6,23,0,19.5
2011,3,7,0,0,19.4
2011,3,7,1,0,19.3
2011,3,7,2,0,19.3
2011,3,7,3,0,19.3
2011,3,7,4,0,19.4
2011,3,7,5,0,19.8
2011,3,7,6,103,20.7
2011,3,7,7,318,21.4
2011,3,7,8,138,22
2011,3,7,9,720,22.4
2011,3,7,10,854,23
2011,3,7,11,930,23.4
2011,3,7,12,938,23.6
2011,3,7,13,879,23.6
2011,3,7,14,754,23.4
2011,3,7,15,576,23.1
2011,3,7,16,363,22.6
2011,3,7,17,143,21.9
2011,3,7,18,0,21.4
2011,3,7,19,0,21
2011,3,7,20,0,20.8
2011,3,7,21,0,20.6
2011,3,7,22,0,20.4
2011,3,7,23,0,20.1
2011,3,8,0,0,19.9
2011,3,8,1,0,19.6
2011,3,8,2,0,19.3
2011,3,8,3,0,19
2011,3,8,4,0,18.8
2011,3,8,5,0,19
2011,3,8,6,99,20.1
2011,3,8,7,316,21.6
2011,3,8,8,533,22.9
2011,3,8,9,721,23.6
2011,3,8,10,859,25.1
2011,3,8,11,934,25.7
2011,3,8,12,940,26.1
2011,3,8,13,877,26.2
2011,3,8,14,749,26.1
2011,3,8,15,568,25.6
2011,3,8,16,354,24.8
2011,3,8,17,134,23.6
2011,3,8,18,0,22.8
2011,3,8,19,0,22.5
2011,3,8,20,0,22.5
2011,3,8,21,0,22.4
2011,3,8,22,0,22.2
2011,3,8,23,0,21.9
2011,3,9,0,0,21.6
2011,3,9,1,0,21.2
2011,3,9,2,0,20.9
2011,3,9,3,0,20.7
2011,3,9,4,0,20.4
2011,3,9,5,0,20.6
2011,3,9,6,13,21.5
2011,3,9,7,36,23
2011,3,9,8,96,24.9
2011,3,9,9,241,25.9
2011,3,9,10,466,28.6
2011,3,9,11,662,29.4
2011,3,9,12,557,29.3
2011,3,9,13,565,28.9
2011,3,9,14,393,28.3
2011,3,9,15,395,27.7
2011,3,9,16,202,26.9
2011,3,9,17,65,25.9
2011,3,9,18,0,25.1
2011,3,9,19,0,24.5
2011,3,9,20,0,24.1
2011,3,9,21,0,23.6
2011,3,9,22,0,23.3
2011,3,9,23,0,23.1
2011,3,10,0,0,22.9
2011,3,10,1,0,22.8
2011,3,10,2,0,22.6
2011,3,10,3,0,22.5
2011,3,10,4,0,22.3
2011,3,10,5,0,22.4
2011,3,10,6,11,22.9
2011,3,10,7,33,23.9
2011,3,10,8,46,25.2
2011,3,10,9,94,25.8
2011,3,10,10,229,27.4
2011,3,10,11,392,27.6
2011,3,10,12,181,27.2
2011,3,10,13,337,26.4
2011,3,10,14,264,25.7
2011,3,10,15,324,25.1
2011,3,10,16,245,24.6
2011,3,10,17,9,23.9
2011,3,10,18,0,23.3
2011,3,10,19,0,22.9
2011,3,10,20,0,22.7
2011,3,10,21,0,22.4
2011,3,10,22,0,22.2
2011,3,10,23,0,22
2011,3,11,0,0,21.8
2011,3,11,1,0,21.7
2011,3,11,2,0,21.7
2011,3,11,3,0,21.7
2011,3,11,4,0,21.6
2011,3,11,5,0,21.8
2011,3,11,6,16,22.2
2011,3,11,7,48,22.6
2011,3,11,8,92,23.2
2011,3,11,9,483,23.6
2011,3,11,10,269,24.5
2011,3,11,11,256,24.8
2011,3,11,12,227,24.8
2011,3,11,13,325,24.6
2011,3,11,14,542,24.3
2011,3,11,15,450,23.9
2011,3,11,16,270,23.4
2011,3,11,17,65,22.8
2011,3,11,18,0,22.4
2011,3,11,19,0,22.3
2011,3,11,20,0,22.3
2011,3,11,21,0,22.3
2011,3,11,22,0,22.3
2011,3,11,23,0,22.4
2011,3,12,0,0,22.4
2011,3,12,1,0,22.2
2011,3,12,2,0,22.1
2011,3,12,3,0,22
2011,3,12,4,0,22
2011,3,12,5,0,22.2
2011,3,12,6,74,22.5
2011,3,12,7,267,23
2011,3,12,8,470,23.7
2011,3,12,9,648,24.1
2011,3,12,10,797,25.4
2011,3,12,11,870,25.9
2011,3,12,12,875,26.1
2011,3,12,13,814,26.2
2011,3,12,14,467,26.1
2011,3,12,15,203,25.9
2011,3,12,16,225,25.3
2011,3,12,17,71,24.5
2011,3,12,18,0,23.7
2011,3,12,19,0,23.3
2011,3,12,20,0,23.1
2011,3,12,21,0,22.9
2011,3,12,22,0,22.7
2011,3,12,23,0,22.5
2011,3,13,0,0,22.3
2011,3,13,1,0,22.1
2011,3,13,2,0,21.9
2011,3,13,3,0,21.8
2011,3,13,4,0,21.7
2011,3,13,5,0,22
2011,3,13,6,77,22.8
2011,3,13,7,279,24
2011,3,13,8,489,25.2
2011,3,13,9,669,25.8
2011,3,13,10,803,27.1
2011,3,13,11,875,27.6
2011,3,13,12,879,27.6
2011,3,13,13,819,27.4
2011,3,13,14,694,26.9
2011,3,13,15,518,26.3
2011,3,13,16,310,25.4
2011,3,13,17,103,24.4
2011,3,13,18,0,23.7
2011,3,13,19,0,23.4
2011,3,13,20,0,23.2
2011,3,13,21,0,23.1
2011,3,13,22,0,23
2011,3,13,23,0,22.8
2011,3,14,0,0,22.7
2011,3,14,1,0,22.5
2011,3,14,2,0,22.5
2011,3,14,3,0,22.5
2011,3,14,4,0,22.4
2011,3,14,5,0,22.6
2011,3,14,6,70,23.2
2011,3,14,7,263,24.3
2011,3,14,8,467,25.1
2011,3,14,9,235,25.2
2011,3,14,10,132,24.5
2011,3,14,11,116,24.1
2011,3,14,12,219,23.6
2011,3,14,13,193,23
2011,3,14,14,345,22.5
2011,3,14,15,226,22
2011,3,14,16,145,21.6
2011,3,14,17,45,21.3
2011,3,14,18,0,21.2
2011,3,14,19,0,21.2
2011,3,14,20,0,21.3
2011,3,14,21,0,21.2
2011,3,14,22,0,21.1
2011,3,14,23,0,21
2011,3,15,0,0,21
2011,3,15,1,0,21
2011,3,15,2,0,21
2011,3,15,3,0,21.1
2011,3,15,4,0,21.1
2011,3,15,5,0,21.2
2011,3,15,6,42,21.7
2011,3,15,7,162,22.2
2011,3,15,8,335,22.8
2011,3,15,9,409,23.1
2011,3,15,10,609,23.6
2011,3,15,11,263,23.8
2011,3,15,12,583,23.9
2011,3,15,13,793,23.8
2011,3,15,14,539,23.3
2011,3,15,15,207,22.6
2011,3,15,16,119,21.9
2011,3,15,17,36,21.2
2011,3,15,18,0,20.8
2011,3,15,19,0,20.7
2011,3,15,20,0,20.7
2011,3,15,21,0,20.7
2011,3,15,22,0,20.7
2011,3,15,23,0,20.6
2011,3,16,0,0,20.5
2011,3,16,1,0,20.4
2011,3,16,2,0,20.3
2011,3,16,3,0,20.1
2011,3,16,4,0,20
2011,3,16,5,0,20.2
2011,3,16,6,70,21
2011,3,16,7,269,22.4
2011,3,16,8,477,24.1
2011,3,16,9,658,24.8
2011,3,16,10,796,25.7
2011,3,16,11,860,25.6
2011,3,16,12,855,24.8
2011,3,16,13,785,23.9
2011,3,16,14,435,23.2
2011,3,16,15,197,22.6
2011,3,16,16,162,22
2011,3,16,17,31,21.5
2011,3,16,18,0,21.1
2011,3,16,19,0,20.9
2011,3,16,20,0,20.8
2011,3,16,21,0,20.8
2011,3,16,22,0,20.8
2011,3,16,23,0,20.8
2011,3,17,0,0,20.7
2011,3,17,1,0,20.7
2011,3,17,2,0,20.6
2011,3,17,3,0,20.6
2011,3,17,4,0,20.5
2011,3,17,5,0,20.6
2011,3,17,6,65,20.9
2011,3,17,7,260,21.2
2011,3,17,8,469,21.7
2011,3,17,9,649,21.9
2011,3,17,10,778,23.1
2011,3,17,11,849,23.6
2011,3,17,12,737,23.9
2011,3,17,13,673,23.7
2011,3,17,14,555,23.3
2011,3,17,15,484,22.8
2011,3,17,16,70,22.4
2011,3,17,17,83,22
2011,3,17,18,0,21.7
2011,3,17,19,0,21.6
2011,3,17,20,0,21.6
2011,3,17,21,0,21.5
2011,3,17,22,0,21.5
2011,3,17,23,0,21.4
2011,3,18,0,0,21.2
2011,3,18,1,0,21.1
2011,3,18,2,0,20.9
2011,3,18,3,0,20.7
2011,3,18,4,0,20.6
2011,3,18,5,0,20.5
2011,3,18,6,29,20.6
2011,3,18,7,114,21
2011,3,18,8,167,21.6
2011,3,18,9,245,22
2011,3,18,10,474,22.3
2011,3,18,11,67,22.5
2011,3,18,12,363,22.7
2011,3,18,13,448,22.7
2011,3,18,14,202,22.5
2011,3,18,15,231,22
2011,3,18,16,166,21.5
2011,3,18,17,43,21
2011,3,18,18,0,20.7
2011,3,18,19,0,20.7
2011,3,18,20,0,20.7
2011,3,18,21,0,20.7
2011,3,18,22,0,20.8
2011,3,18,23,0,20.8
2011,3,19,0,0,20.8
2011,3,19,1,0,20.8
2011,3,19,2,0,20.6
2011,3,19,3,0,20.5
2011,3,19,4,0,20.5
2011,3,19,5,0,20.6
2011,3,19,6,15,21
2011,3,19,7,67,21.5
2011,3,19,8,211,22.1
2011,3,19,9,116,22.4
2011,3,19,10,57,23.4
2011,3,19,11,54,23.7
2011,3,19,12,322,23.7
2011,3,19,13,363,23.6
2011,3,19,14,191,23.3
2011,3,19,15,263,22.8
2011,3,19,16,104,22.3
2011,3,19,17,26,21.7
2011,3,19,18,0,21.5
2011,3,19,19,0,21.5
2011,3,19,20,0,21.5
2011,3,19,21,0,21.6
2011,3,19,22,0,21.7
2011,3,19,23,0,21.8
2011,3,20,0,0,21.6
2011,3,20,1,0,21.3
2011,3,20,2,0,21.1
2011,3,20,3,0,21.1
2011,3,20,4,0,21
2011,3,20,5,0,21
2011,3,20,6,5,21.3
2011,3,20,7,10,21.6
2011,3,20,8,68,21.9
2011,3,20,9,171,22.2
2011,3,20,10,140,22.7
2011,3,20,11,334,22.7
2011,3,20,12,529,22.7
2011,3,20,13,221,22.6
2011,3,20,14,637,22.6
2011,3,20,15,469,22.4
2011,3,20,16,267,22.2
2011,3,20,17,73,21.9
2011,3,20,18,0,21.8
2011,3,20,19,0,21.8
2011,3,20,20,0,21.7
2011,3,20,21,0,21.5
2011,3,20,22,0,21.5
2011,3,20,23,0,21.5
2011,3,21,0,0,21.5
2011,3,21,1,0,21.5
2011,3,21,2,0,21.5
2011,3,21,3,0,21.5
2011,3,21,4,0,21.6
2011,3,21,5,0,21.7
2011,3,21,6,5,21.9
2011,3,21,7,12,22.3
2011,3,21,8,77,22.8
2011,3,21,9,610,23.1
2011,3,21,10,463,23.7
2011,3,21,11,635,23.9
2011,3,21,12,657,24
2011,3,21,13,423,23.9
2011,3,21,14,251,23.8
2011,3,21,15,112,23.5
2011,3,21,16,10,23.2
2011,3,21,17,4,22.9
2011,3,21,18,0,22.8
2011,3,21,19,0,22.7
2011,3,21,20,0,22.7
2011,3,21,21,0,22.7
2011,3,21,22,0,22.6
2011,3,21,23,0,22.5
2011,3,22,0,0,22.5
2011,3,22,1,0,22.3
2011,3,22,2,0,22.2
2011,3,22,3,0,22.1
2011,3,22,4,0,22
2011,3,22,5,0,22
2011,3,22,6,60,22.3
2011,3,22,7,256,22.9
2011,3,22,8,463,23.7
2011,3,22,9,449,24.1
2011,3,22,10,769,25.6
2011,3,22,11,839,26.2
2011,3,22,12,840,26.6
2011,3,22,13,776,26.7
2011,3,22,14,649,26.4
2011,3,22,15,473,25.9
2011,3,22,16,267,25.1
2011,3,22,17,38,24.2
2011,3,22,18,0,23.5
2011,3,22,19,0,23.3
2011,3,22,20,0,23.1
2011,3,22,21,0,22.9
2011,3,22,22,0,22.7
2011,3,22,23,0,22.5
2011,3,23,0,0,22.1
2011,3,23,1,0,21.8
2011,3,23,2,0,21.4
2011,3,23,3,0,21
2011,3,23,4,0,20.7
2011,3,23,5,0,20.6
2011,3,23,6,63,21.1
2011,3,23,7,263,22.3
2011,3,23,8,471,23.6
2011,3,23,9,650,24.3
2011,3,23,10,778,25.4
2011,3,23,11,846,25.9
2011,3,23,12,508,26.3
2011,3,23,13,782,26.6
2011,3,23,14,367,26.9
2011,3,23,15,476,26.9
2011,3,23,16,18,26.4
2011,3,23,17,5,25.3
2011,3,23,18,0,24.2
2011,3,23,19,0,23.4
2011,3,23,20,0,22.5
2011,3,23,21,0,21.4
2011,3,23,22,0,20.3
2011,3,23,23,0,19.6
2011,3,24,0,0,19.1
2011,3,24,1,0,18.7
2011,3,24,2,0,18.5
2011,3,24,3,0,18.4
2011,3,24,4,0,18.2
2011,3,24,5,0,18.3
2011,3,24,6,63,18.9
2011,3,24,7,266,19.9
2011,3,24,8,474,20.9
2011,3,24,9,653,21.4
2011,3,24,10,785,22.9
2011,3,24,11,853,23.8
2011,3,24,12,852,24.4
2011,3,24,13,646,24.6
2011,3,24,14,658,24.7
2011,3,24,15,482,24.5
2011,3,24,16,275,23.8
2011,3,24,17,70,22.8
2011,3,24,18,0,22
2011,3,24,19,0,21.4
2011,3,24,20,0,20.8
2011,3,24,21,0,20.2
2011,3,24,22,0,19.6
2011,3,24,23,0,19.2
2011,3,25,0,0,18.9
2011,3,25,1,0,18.7
2011,3,25,2,0,18.6
2011,3,25,3,0,18.5
2011,3,25,4,0,18.3
2011,3,25,5,0,18.4
2011,3,25,6,61,18.9
2011,3,25,7,264,19.7
2011,3,25,8,470,20.5
2011,3,25,9,647,21
2011,3,25,10,775,22.4
2011,3,25,11,488,23.1
2011,3,25,12,251,23.5
2011,3,25,13,494,23.6
2011,3,25,14,651,23.6
2011,3,25,15,154,23.6
2011,3,25,16,98,23.1
2011,3,25,17,20,22.3
2011,3,25,18,0,21.6
2011,3,25,19,0,21.2
2011,3,25,20,0,20.8
2011,3,25,21,0,20.3
2011,3,25,22,0,19.8
2011,3,25,23,0,19.4
2011,3,26,0,0,19.1
2011,3,26,1,0,18.9
2011,3,26,2,0,18.8
2011,3,26,3,0,18.7
2011,3,26,4,0,18.6
2011,3,26,5,0,18.6
2011,3,26,6,4,18.9
2011,3,26,7,17,19.5
2011,3,26,8,35,20.1
2011,3,26,9,194,20.4
2011,3,26,10,107,20.8
2011,3,26,11,338,21
2011,3,26,12,340,21.2
2011,3,26,13,749,21.3
2011,3,26,14,302,21.1
2011,3,26,15,208,20.8
2011,3,26,16,124,20.4
2011,3,26,17,24,19.9
2011,3,26,18,0,19.6
2011,3,26,19,0,19.4
2011,3,26,20,0,19.3
2011,3,26,21,0,19.1
2011,3,26,22,0,18.9
2011,3,26,23,0,18.7
2011,3,27,0,0,18.6
2011,3,27,1,0,18.5
2011,3,27,2,0,18.5
2011,3,27,3,0,18.7
2011,3,27,4,0,18.7
2011,3,27,5,0,18.9
2011,3,27,6,11,19.3
2011,3,27,7,59,19.7
2011,3,27,8,126,20.1
2011,3,27,9,244,20.3
2011,3,27,10,64,20.7
2011,3,27,11,271,20.7
2011,3,27,12,395,20.6
2011,3,27,13,255,20.5
2011,3,27,14,230,20.4
2011,3,27,15,225,20.4
2011,3,27,16,18,20.2
2011,3,27,17,4,19.9
2011,3,27,18,0,19.8
2011,3,27,19,0,19.9
2011,3,27,20,0,19.9
2011,3,27,21,0,19.9
2011,3,27,22,0,19.9
2011,3,27,23,0,19.8
2011,3,28,0,0,19.8
2011,3,28,1,0,19.7
2011,3,28,2,0,19.6
2011,3,28,3,0,19.5
2011,3,28,4,0,19.6
2011,3,28,5,0,19.7
2011,3,28,6,54,20.3
2011,3,28,7,253,21.2
2011,3,28,8,119,21.8
2011,3,28,9,639,22
2011,3,28,10,758,22.6
2011,3,28,11,825,22.8
2011,3,28,12,824,22.8
2011,3,28,13,760,22.8
2011,3,28,14,633,22.7
2011,3,28,15,457,22.4
2011,3,28,16,250,22
2011,3,28,17,53,21.3
2011,3,28,18,0,20.9
2011,3,28,19,0,20.7
2011,3,28,20,0,20.7
2011,3,28,21,0,20.6
2011,3,28,22,0,20.5
2011,3,28,23,0,20.5
2011,3,29,0,0,20.3
2011,3,29,1,0,20.1
2011,3,29,2,0,19.9
2011,3,29,3,0,19.8
2011,3,29,4,0,19.6
2011,3,29,5,0,19.6
2011,3,29,6,10,20.1
2011,3,29,7,56,20.8
2011,3,29,8,195,21.4
2011,3,29,9,195,21.8
2011,3,29,10,757,23.2
2011,3,29,11,823,24
2011,3,29,12,824,24.5
2011,3,29,13,758,24.7
2011,3,29,14,629,24.6
2011,3,29,15,451,24.3
2011,3,29,16,244,23.7
2011,3,29,17,49,22.9
2011,3,29,18,0,22.3
2011,3,29,19,0,22.1
2011,3,29,20,0,21.9
2011,3,29,21,0,21.7
2011,3,29,22,0,21.4
2011,3,29,23,0,21.2
2011,3,30,0,0,21
2011,3,30,1,0,20.8
2011,3,30,2,0,20.5
2011,3,30,3,0,20.3
2011,3,30,4,0,20
2011,3,30,5,0,19.9
2011,3,30,6,45,20.3
2011,3,30,7,234,21.2
2011,3,30,8,437,22.5
2011,3,30,9,612,23.3
2011,3,30,10,743,25.2
2011,3,30,11,809,26.2
2011,3,30,12,810,26.8
2011,3,30,13,309,27.1
2011,3,30,14,374,27
2011,3,30,15,435,26.5
2011,3,30,16,223,25.6
2011,3,30,17,43,24.3
2011,3,30,18,0,23.3
2011,3,30,19,0,22.7
2011,3,30,20,0,22.4
2011,3,30,21,0,22
2011,3,30,22,0,21.6
2011,3,30,23,0,21.2
2011,3,31,0,0,20.9
2011,3,31,1,0,20.9
2011,3,31,2,0,20.8
2011,3,31,3,0,20.7
2011,3,31,4,0,20.5
2011,3,31,5,0,20.4
2011,3,31,6,4,20.6
2011,3,31,7,15,20.8
2011,3,31,8,33,21
2011,3,31,9,78,21
2011,3,31,10,133,20.9
2011,3,31,11,127,20.7
2011,3,31,12,151,20.5
2011,3,31,13,167,20.4
2011,3,31,14,84,20.3
2011,3,31,15,57,20.1
2011,3,31,16,53,19.9
2011,3,31,17,9,19.6
2011,3,31,18,0,19.4
2011,3,31,19,0,19.4
2011,3,31,20,0,19.5
2011,3,31,21,0,19.5
2011,3,31,22,0,19.5
2011,3,31,23,0,19.4
2011,4,1,0,0,19.3
2011,4,1,1,0,19.2
2011,4,1,2,0,19.1
2011,4,1,3,0,18.9
2011,4,1,4,0,18.9
2011,4,1,5,0,19
2011,4,1,6,19,19.5
2011,4,1,7,225,20.3
2011,4,1,8,427,20.9
2011,4,1,9,601,21.2
2011,4,1,10,499,22.1
2011,4,1,11,385,22.7
2011,4,1,12,354,23.1
2011,4,1,13,727,23.4
2011,4,1,14,597,23.4
2011,4,1,15,420,23.1
2011,4,1,16,219,22.4
2011,4,1,17,36,21.5
2011,4,1,18,0,21
2011,4,1,19,0,20.8
2011,4,1,20,0,20.6
2011,4,1,21,0,20.5
2011,4,1,22,0,20.3
2011,4,1,23,0,19.9
2011,4,2,0,0,19.5
2011,4,2,1,0,19.1
2011,4,2,2,0,18.8
2011,4,2,3,0,18.5
2011,4,2,4,0,18.5
2011,4,2,5,0,18.8
2011,4,2,6,37,19.6
2011,4,2,7,221,20.6
2011,4,2,8,312,21.2
2011,4,2,9,592,21.3
2011,4,2,10,60,21.3
2011,4,2,11,323,21
2011,4,2,12,541,20.7
2011,4,2,13,337,20.5
2011,4,2,14,297,20.4
2011,4,2,15,151,20.1
2011,4,2,16,73,19.6
2011,4,2,17,10,19.2
2011,4,2,18,0,18.9
2011,4,2,19,0,18.8
2011,4,2,20,0,18.8
2011,4,2,21,0,18.8
2011,4,2,22,0,18.7
2011,4,2,23,0,18.6
2011,4,3,0,0,18.5
2011,4,3,1,0,18.4
2011,4,3,2,0,18.3
2011,4,3,3,0,18.2
2011,4,3,4,0,18.1
2011,4,3,5,0,18.1
2011,4,3,6,38,18.5
2011,4,3,7,223,19.5
2011,4,3,8,427,20.3
2011,4,3,9,604,20.6
2011,4,3,10,737,21.6
2011,4,3,11,803,22.2
2011,4,3,12,801,22.6
2011,4,3,13,736,22.8
2011,4,3,14,606,22.7
2011,4,3,15,427,22.3
2011,4,3,16,218,21.4
2011,4,3,17,32,20.4
2011,4,3,18,0,19.8
2011,4,3,19,0,19.5
2011,4,3,20,0,19.3
2011,4,3,21,0,19.1
2011,4,3,22,0,19
2011,4,3,23,0,19
2011,4,4,0,0,19
2011,4,4,1,0,18.9
2011,4,4,2,0,18.9
2011,4,4,3,0,18.9
2011,4,4,4,0,18.8
2011,4,4,5,0,18.9
2011,4,4,6,17,19.3
2011,4,4,7,214,19.9
2011,4,4,8,415,20.2
2011,4,4,9,589,20.4
2011,4,4,10,718,20.7
2011,4,4,11,782,20.8
2011,4,4,12,783,21
2011,4,4,13,714,21
2011,4,4,14,390,20.9
2011,4,4,15,298,20.6
2011,4,4,16,140,20.1
2011,4,4,17,16,19.7
2011,4,4,18,0,19.4
2011,4,4,19,0,19.3
2011,4,4,20,0,19.1
2011,4,4,21,0,19
2011,4,4,22,0,18.8
2011,4,4,23,0,18.8
2011,4,5,0,0,18.7
2011,4,5,1,0,18.5
2011,4,5,2,0,18.4
2011,4,5,3,0,18.3
2011,4,5,4,0,18.3
2011,4,5,5,0,18.3
2011,4,5,6,3,18.5
2011,4,5,7,15,18.9
2011,4,5,8,79,19.3
2011,4,5,9,583,19.6
2011,4,5,10,282,20
2011,4,5,11,776,20.1
2011,4,5,12,774,20.2
2011,4,5,13,162,20.1
2011,4,5,14,572,20
2011,4,5,15,400,19.9
2011,4,5,16,34,19.6
2011,4,5,17,25,19.3
2011,4,5,18,0,19.2
2011,4,5,19,0,19.2
2011,4,5,20,0,19.1
2011,4,5,21,0,19
2011,4,5,22,0,18.9
2011,4,5,23,0,18.8
2011,4,6,0,0,18.7
2011,4,6,1,0,18.6
2011,4,6,2,0,18.4
2011,4,6,3,0,18.2
2011,4,6,4,0,18
2011,4,6,5,0,18
2011,4,6,6,3,18.6
2011,4,6,7,14,19.4
2011,4,6,8,104,20
2011,4,6,9,48,20.4
2011,4,6,10,125,21
2011,4,6,11,778,21.2
2011,4,6,12,775,21.3
2011,4,6,13,701,21.4
2011,4,6,14,577,21.3
2011,4,6,15,404,21.1
2011,4,6,16,26,20.7
2011,4,6,17,24,20.1
2011,4,6,18,0,19.9
2011,4,6,19,0,19.8
2011,4,6,20,0,19.8
2011,4,6,21,0,19.8
2011,4,6,22,0,19.7
2011,4,6,23,0,19.6
2011,4,7,0,0,19.5
2011,4,7,1,0,19.4
2011,4,7,2,0,19.3
2011,4,7,3,0,19.1
2011,4,7,4,0,19
2011,4,7,5,0,19
2011,4,7,6,35,19.5
2011,4,7,7,223,20.3
2011,4,7,8,426,20.9
2011,4,7,9,600,21.2
2011,4,7,10,715,21.9
2011,4,7,11,780,22.2
2011,4,7,12,778,22.3
2011,4,7,13,712,22.2
2011,4,7,14,581,22
2011,4,7,15,404,21.6
2011,4,7,16,200,21
2011,4,7,17,22,20.4
2011,4,7,18,0,20.2
2011,4,7,19,0,20.1
2011,4,7,20,0,20.1
2011,4,7,21,0,20.1
2011,4,7,22,0,20
2011,4,7,23,0,19.9
2011,4,8,0,0,19.8
2011,4,8,1,0,19.7
2011,4,8,2,0,19.6
2011,4,8,3,0,19.6
2011,4,8,4,0,19.5
2011,4,8,5,0,19.3
2011,4,8,6,12,19.6
2011,4,8,7,218,20.5
2011,4,8,8,421,21.2
2011,4,8,9,336,21.5
2011,4,8,10,467,22.1
2011,4,8,11,779,22.4
2011,4,8,12,774,22.5
2011,4,8,13,708,22.6
2011,4,8,14,400,22.4
2011,4,8,15,400,22.2
2011,4,8,16,196,21.6
2011,4,8,17,20,20.9
2011,4,8,18,0,20.5
2011,4,8,19,0,20.3
2011,4,8,20,0,20.2
2011,4,8,21,0,20.1
2011,4,8,22,0,20.1
2011,4,8,23,0,19.9
2011,4,9,0,0,19.5
2011,4,9,1,0,18.9
2011,4,9,2,0,18.3
2011,4,9,3,0,17.9
2011,4,9,4,0,17.5
2011,4,9,5,0,17.3
2011,4,9,6,30,18
2011,4,9,7,215,19.3
2011,4,9,8,417,20.7
2011,4,9,9,590,21.5
2011,4,9,10,715,23.3
2011,4,9,11,780,24.1
2011,4,9,12,776,24.7
2011,4,9,13,710,24.9
2011,4,9,14,579,24.9
2011,4,9,15,401,24.5
2011,4,9,16,197,23.4
2011,4,9,17,19,22.2
2011,4,9,18,0,21.4
2011,4,9,19,0,21
2011,4,9,20,0,20.7
2011,4,9,21,0,20.4
2011,4,9,22,0,20.1
2011,4,9,23,0,19.7
2011,4,10,0,0,19.3
2011,4,10,1,0,18.9
2011,4,10,2,0,18.5
2011,4,10,3,0,18.2
2011,4,10,4,0,18
2011,4,10,5,0,17.9
2011,4,10,6,29,18.5
2011,4,10,7,210,19.8
2011,4,10,8,409,21.4
2011,4,10,9,492,22.3
2011,4,10,10,500,24.7
2011,4,10,11,459,25.7
2011,4,10,12,154,26.1
2011,4,10,13,36,25.9
2011,4,10,14,37,25.5
2011,4,10,15,119,24.7
2011,4,10,16,50,23.2
2011,4,10,17,4,21
2011,4,10,18,0,19.2
2011,4,10,19,0,18.1
2011,4,10,20,0,17.7
2011,4,10,21,0,17.5
2011,4,10,22,0,17.4
2011,4,10,23,0,17.5
2011,4,11,0,0,17.4
2011,4,11,1,0,17
2011,4,11,2,0,16.6
2011,4,11,3,0,16.1
2011,4,11,4,0,15.7
2011,4,11,5,0,15.4
2011,4,11,6,26,15.4
2011,4,11,7,207,15.7
2011,4,11,8,409,16.4
2011,4,11,9,504,16.9
2011,4,11,10,709,18.6
2011,4,11,11,773,19.5
2011,4,11,12,768,20.1
2011,4,11,13,698,20.4
2011,4,11,14,457,20.4
2011,4,11,15,205,20.3
2011,4,11,16,83,19.9
2011,4,11,17,4,19.5
2011,4,11,18,0,19.1
2011,4,11,19,0,18.6
2011,4,11,20,0,18
2011,4,11,21,0,17.3
2011,4,11,22,0,16.6
2011,4,11,23,0,15.9
2011,4,12,0,0,15.3
2011,4,12,1,0,15
2011,4,12,2,0,14.7
2011,4,12,3,0,14.4
2011,4,12,4,0,14.1
2011,4,12,5,0,13.8
2011,4,12,6,27,14.3
2011,4,12,7,209,15.4
2011,4,12,8,410,16.7
2011,4,12,9,583,17.3
2011,4,12,10,710,18.8
2011,4,12,11,539,19.6
2011,4,12,12,767,20.3
2011,4,12,13,693,20.8
2011,4,12,14,563,21.1
2011,4,12,15,387,21
2011,4,12,16,183,20.3
2011,4,12,17,0,19.5
2011,4,12,18,0,18.8
2011,4,12,19,0,18.3
2011,4,12,20,0,17.7
2011,4,12,21,0,17
2011,4,12,22,0,16.4
2011,4,12,23,0,16
2011,4,13,0,0,15.7
2011,4,13,1,0,15.4
2011,4,13,2,0,15.3
2011,4,13,3,0,15.1
2011,4,13,4,0,15
2011,4,13,5,0,14.9
2011,4,13,6,26,15.4
2011,4,13,7,209,16.6
2011,4,13,8,411,17.9
2011,4,13,9,586,18.5
2011,4,13,10,707,20.1
2011,4,13,11,768,21.1
2011,4,13,12,760,22
2011,4,13,13,339,22.5
2011,4,13,14,365,22.6
2011,4,13,15,147,22.2
2011,4,13,16,60,21.4
2011,4,13,17,0,20.4
2011,4,13,18,0,19.7
2011,4,13,19,0,19.2
2011,4,13,20,0,18.6
2011,4,13,21,0,18.1
2011,4,13,22,0,17.7
2011,4,13,23,0,17.2
2011,4,14,0,0,16.8
2011,4,14,1,0,16.4
2011,4,14,2,0,16.2
2011,4,14,3,0,15.9
2011,4,14,4,0,15.7
2011,4,14,5,0,15.6
2011,4,14,6,23,16
2011,4,14,7,202,17.2
2011,4,14,8,402,18.3
2011,4,14,9,574,18.9
2011,4,14,10,695,20.2
2011,4,14,11,754,21
2011,4,14,12,746,21.7
2011,4,14,13,680,22.2
2011,4,14,14,547,22.4
2011,4,14,15,280,22.3
2011,4,14,16,118,21.7
2011,4,14,17,0,20.8
2011,4,14,18,0,20.2
2011,4,14,19,0,19.7
2011,4,14,20,0,19.2
2011,4,14,21,0,18.7
2011,4,14,22,0,18.2
2011,4,14,23,0,17.7
2011,4,15,0,0,17.3
2011,4,15,1,0,16.9
2011,4,15,2,0,16.7
2011,4,15,3,0,16.5
2011,4,15,4,0,16.5
2011,4,15,5,0,16.6
2011,4,15,6,21,17.1
2011,4,15,7,195,18.1
2011,4,15,8,394,19
2011,4,15,9,564,19.4
2011,4,15,10,427,20.4
2011,4,15,11,543,21
2011,4,15,12,433,21.2
2011,4,15,13,332,21.2
2011,4,15,14,229,21
2011,4,15,15,246,20.6
2011,4,15,16,102,20.2
2011,4,15,17,0,19.8
2011,4,15,18,0,19.6
2011,4,15,19,0,19.5
2011,4,15,20,0,19.5
2011,4,15,21,0,19.4
2011,4,15,22,0,19.4
2011,4,15,23,0,19.3
2011,4,16,0,0,19.2
2011,4,16,1,0,19.2
2011,4,16,2,0,19.1
2011,4,16,3,0,19.1
2011,4,16,4,0,19.1
2011,4,16,5,0,19
2011,4,16,6,4,18.9
2011,4,16,7,20,19.1
2011,4,16,8,43,19.2
2011,4,16,9,97,19.3
2011,4,16,10,57,19.6
2011,4,16,11,131,19.7
2011,4,16,12,133,19.8
2011,4,16,13,210,19.8
2011,4,16,14,125,19.6
2011,4,16,15,134,19.4
2011,4,16,16,53,19.1
2011,4,16,17,0,18.9
2011,4,16,18,0,18.8
2011,4,16,19,0,18.7
2011,4,16,20,0,18.7
2011,4,16,21,0,18.5
2011,4,16,22,0,18.4
2011,4,16,23,0,18.3
2011,4,17,0,0,18.2
2011,4,17,1,0,18.1
2011,4,17,2,0,18.2
2011,4,17,3,0,18.3
2011,4,17,4,0,18.4
2011,4,17,5,0,18.4
2011,4,17,6,2,18.6
2011,4,17,7,16,19
2011,4,17,8,36,19.4
2011,4,17,9,312,19.6
2011,4,17,10,55,20.1
2011,4,17,11,333,20.3
2011,4,17,12,218,20.4
2011,4,17,13,477,20.4
2011,4,17,14,237,20.3
2011,4,17,15,239,20
2011,4,17,16,93,19.5
2011,4,17,17,0,19
2011,4,17,18,0,18.8
2011,4,17,19,0,18.6
2011,4,17,20,0,18.5
2011,4,17,21,0,18.5
2011,4,17,22,0,18.4
2011,4,17,23,0,18.3
2011,4,18,0,0,18.2
2011,4,18,1,0,18
2011,4,18,2,0,17.9
2011,4,18,3,0,17.8
2011,4,18,4,0,17.8
2011,4,18,5,0,17.7
2011,4,18,6,7,17.8
2011,4,18,7,116,18.5
2011,4,18,8,387,19.4
2011,4,18,9,558,19.9
2011,4,18,10,677,20.8
2011,4,18,11,737,21.2
2011,4,18,12,731,21.6
2011,4,18,13,661,21.8
2011,4,18,14,529,21.9
2011,4,18,15,352,21.6
2011,4,18,16,154,20.8
2011,4,18,17,0,19.9
2011,4,18,18,0,19.4
2011,4,18,19,0,19.1
2011,4,18,20,0,18.8
2011,4,18,21,0,18.6
2011,4,18,22,0,18.3
2011,4,18,23,0,18
2011,4,19,0,0,17.6
2011,4,19,1,0,17.3
2011,4,19,2,0,17
2011,4,19,3,0,16.7
2011,4,19,4,0,16.3
2011,4,19,5,0,16
2011,4,19,6,16,16.2
2011,4,19,7,182,17.1
2011,4,19,8,177,18.5
2011,4,19,9,369,19.3
2011,4,19,10,488,21.9
2011,4,19,11,474,23
2011,4,19,12,551,23.3
2011,4,19,13,650,23.2
2011,4,19,14,519,23
2011,4,19,15,343,22.5
2011,4,19,16,56,21.6
2011,4,19,17,0,20.6
2011,4,19,18,0,20.1
2011,4,19,19,0,20
2011,4,19,20,0,20.1
2011,4,19,21,0,20
2011,4,19,22,0,19.7
2011,4,19,23,0,19.3
2011,4,20,0,0,18.9
2011,4,20,1,0,18.5
2011,4,20,2,0,18.2
2011,4,20,3,0,17.8
2011,4,20,4,0,17.5
2011,4,20,5,0,17.3
2011,4,20,6,13,17.5
2011,4,20,7,16,18.1
2011,4,20,8,34,18.6
2011,4,20,9,343,18.7
2011,4,20,10,480,19.3
2011,4,20,11,384,20
2011,4,20,12,130,20.7
2011,4,20,13,109,21.3
2011,4,20,14,85,21.3
2011,4,20,15,240,21
2011,4,20,16,96,20.6
2011,4,20,17,0,20.3
2011,4,20,18,0,20.2
2011,4,20,19,0,20.1
2011,4,20,20,0,19.6
2011,4,20,21,0,19
2011,4,20,22,0,18.4
2011,4,20,23,0,18.1
2011,4,21,0,0,17.9
2011,4,21,1,0,17.9
2011,4,21,2,0,17.9
2011,4,21,3,0,17.8
2011,4,21,4,0,17.6
2011,4,21,5,0,17.3
2011,4,21,6,13,17.5
2011,4,21,7,176,18.2
2011,4,21,8,368,19.3
2011,4,21,9,533,19.9
2011,4,21,10,652,21.5
2011,4,21,11,710,22.3
2011,4,21,12,702,23
2011,4,21,13,631,23.5
2011,4,21,14,502,23.8
2011,4,21,15,329,23.7
2011,4,21,16,137,22.8
2011,4,21,17,0,21.7
2011,4,21,18,0,20.9
2011,4,21,19,0,20.2
2011,4,21,20,0,19.6
2011,4,21,21,0,19.1
2011,4,21,22,0,18.5
2011,4,21,23,0,18
2011,4,22,0,0,17.5
2011,4,22,1,0,17.1
2011,4,22,2,0,16.6
2011,4,22,3,0,16.2
2011,4,22,4,0,15.9
2011,4,22,5,0,15.7
2011,4,22,6,1,16
2011,4,22,7,11,17.1
2011,4,22,8,361,18.9
2011,4,22,9,525,20
2011,4,22,10,647,22.6
2011,4,22,11,701,23.6
2011,4,22,12,494,24.1
2011,4,22,13,444,24.2
2011,4,22,14,320,24
2011,4,22,15,254,23.2
2011,4,22,16,98,22
2011,4,22,17,0,20.9
2011,4,22,18,0,19.9
2011,4,22,19,0,19
2011,4,22,20,0,18.3
2011,4,22,21,0,17.8
2011,4,22,22,0,17.4
2011,4,22,23,0,17.2
2011,4,23,0,0,17.2
2011,4,23,1,0,17.1
2011,4,23,2,0,16.9
2011,4,23,3,0,16.7
2011,4,23,4,0,16.6
2011,4,23,5,0,16.5
2011,4,23,6,0,16.9
2011,4,23,7,11,17.6
2011,4,23,8,26,18.2
2011,4,23,9,52,18.5
2011,4,23,10,80,19.3
2011,4,23,11,102,19.4
2011,4,23,12,119,19.5
2011,4,23,13,147,19.7
2011,4,23,14,356,19.7
2011,4,23,15,116,19.5
2011,4,23,16,121,18.9
2011,4,23,17,0,18.4
2011,4,23,18,0,18.3
2011,4,23,19,0,18.4
2011,4,23,20,0,18.5
2011,4,23,21,0,18.6
2011,4,23,22,0,18.6
2011,4,23,23,0,18.6
2011,4,24,0,0,18.5
2011,4,24,1,0,18.4
2011,4,24,2,0,18.3
2011,4,24,3,0,18.3
2011,4,24,4,0,18.2
2011,4,24,5,0,18.3
2011,4,24,6,0,18.5
2011,4,24,7,161,18.9
2011,4,24,8,52,19.5
2011,4,24,9,507,19.8
2011,4,24,10,617,20.8
2011,4,24,11,672,21.2
2011,4,24,12,154,21.4
2011,4,24,13,591,21.3
2011,4,24,14,461,21.2
2011,4,24,15,296,20.8
2011,4,24,16,19,20.2
2011,4,24,17,0,19.6
2011,4,24,18,0,19.3
2011,4,24,19,0,19.2
2011,4,24,20,0,19.1
2011,4,24,21,0,19
2011,4,24,22,0,18.9
2011,4,24,23,0,18.8
2011,4,25,0,0,18.7
2011,4,25,1,0,18.6
2011,4,25,2,0,18.5
2011,4,25,3,0,18.5
2011,4,25,4,0,18.4
2011,4,25,5,0,18.4
2011,4,25,6,0,18.6
2011,4,25,7,10,19.1
2011,4,25,8,24,19.6
2011,4,25,9,117,19.8
2011,4,25,10,58,20.4
2011,4,25,11,122,20.7
2011,4,25,12,87,20.8
2011,4,25,13,80,20.7
2011,4,25,14,84,20.5
2011,4,25,15,76,20.2
2011,4,25,16,25,19.7
2011,4,25,17,0,19.2
2011,4,25,18,0,19.1
2011,4,25,19,0,19.1
2011,4,25,20,0,19.1
2011,4,25,21,0,19
2011,4,25,22,0,19
2011,4,25,23,0,19
2011,4,26,0,0,19
2011,4,26,1,0,19
2011,4,26,2,0,18.8
2011,4,26,3,0,18.7
2011,4,26,4,0,18.6
2011,4,26,5,0,18.6
2011,4,26,6,0,18.8
2011,4,26,7,10,19.2
2011,4,26,8,25,19.5
2011,4,26,9,81,19.6
2011,4,26,10,617,19.9
2011,4,26,11,72,20
2011,4,26,12,193,19.9
2011,4,26,13,347,19.8
2011,4,26,14,224,19.7
2011,4,26,15,38,19.6
2011,4,26,16,13,19.2
2011,4,26,17,0,18.9
2011,4,26,18,0,18.8
2011,4,26,19,0,18.7
2011,4,26,20,0,18.6
2011,4,26,21,0,18.6
2011,4,26,22,0,18.5
2011,4,26,23,0,18.4
2011,4,27,0,0,18.3
2011,4,27,1,0,18.3
2011,4,27,2,0,18.2
2011,4,27,3,0,18.2
2011,4,27,4,0,18.2
2011,4,27,5,0,18.1
2011,4,27,6,0,18.1
2011,4,27,7,162,18.3
2011,4,27,8,198,18.6
2011,4,27,9,517,18.8
2011,4,27,10,69,19
2011,4,27,11,312,19.1
2011,4,27,12,273,19.2
2011,4,27,13,69,19.1
2011,4,27,14,302,19
2011,4,27,15,21,18.8
2011,4,27,16,7,18.6
2011,4,27,17,0,18.4
2011,4,27,18,0,18.3
2011,4,27,19,0,18.1
2011,4,27,20,0,17.9
2011,4,27,21,0,17.7
2011,4,27,22,0,17.6
2011,4,27,23,0,17.6
2011,4,28,0,0,17.6
2011,4,28,1,0,17.5
2011,4,28,2,0,17.4
2011,4,28,3,0,17.4
2011,4,28,4,0,17.4
2011,4,28,5,0,17.5
2011,4,28,6,0,17.8
2011,4,28,7,63,18.2
2011,4,28,8,162,18.6
2011,4,28,9,113,18.9
2011,4,28,10,99,19.4
2011,4,28,11,310,19.6
2011,4,28,12,406,19.8
2011,4,28,13,387,20
2011,4,28,14,112,19.9
2011,4,28,15,289,19.6
2011,4,28,16,106,19.2
2011,4,28,17,0,18.8
2011,4,28,18,0,18.8
2011,4,28,19,0,18.7
2011,4,28,20,0,18.6
2011,4,28,21,0,18.5
2011,4,28,22,0,18.3
2011,4,28,23,0,18.1
2011,4,29,0,0,18
2011,4,29,1,0,18
2011,4,29,2,0,18.1
2011,4,29,3,0,18.2
2011,4,29,4,0,18.3
2011,4,29,5,0,18.4
2011,4,29,6,0,18.7
2011,4,29,7,147,19.2
2011,4,29,8,332,19.7
2011,4,29,9,490,19.9
2011,4,29,10,107,20.4
2011,4,29,11,417,20.6
2011,4,29,12,235,20.5
2011,4,29,13,291,20.2
2011,4,29,14,144,20
2011,4,29,15,169,19.6
2011,4,29,16,53,19
2011,4,29,17,0,18.6
2011,4,29,18,0,18.5
2011,4,29,19,0,18.4
2011,4,29,20,0,18.5
2011,4,29,21,0,18.4
2011,4,29,22,0,18.4
2011,4,29,23,0,18.4
2011,4,30,0,0,18.4
2011,4,30,1,0,18.5
2011,4,30,2,0,18.5
2011,4,30,3,0,18.5
2011,4,30,4,0,18.6
2011,4,30,5,0,18.6
2011,4,30,6,0,18.8
2011,4,30,7,57,19.4
2011,4,30,8,150,20
2011,4,30,9,106,20.2
2011,4,30,10,320,20.9
2011,4,30,11,655,21.2
2011,4,30,12,35,21.4
2011,4,30,13,177,21.3
2011,4,30,14,453,21
2011,4,30,15,128,20.7
2011,4,30,16,100,20
2011,4,30,17,0,19.5
2011,4,30,18,0,19.3
2011,4,30,19,0,19.2
2011,4,30,20,0,19.2
2011,4,30,21,0,19.1
2011,4,30,22,0,18.9
2011,4,30,23,0,18.7
2011,5,1,0,0,18.5
2011,5,1,1,0,18.1
2011,5,1,2,0,17.9
2011,5,1,3,0,17.7
2011,5,1,4,0,17.5
2011,5,1,5,0,17.4
2011,5,1,6,0,17.7
2011,5,1,7,149,18.6
2011,5,1,8,336,19.5
2011,5,1,9,499,19.9
2011,5,1,10,615,20.7
2011,5,1,11,670,21
2011,5,1,12,662,21.2
2011,5,1,13,591,21.1
2011,5,1,14,358,20.9
2011,5,1,15,290,20.4
2011,5,1,16,38,19.5
2011,5,1,17,0,18.7
2011,5,1,18,0,18.4
2011,5,1,19,0,18.4
2011,5,1,20,0,18.4
2011,5,1,21,0,18.2
2011,5,1,22,0,17.9
2011,5,1,23,0,17.6
2011,5,2,0,0,17.3
2011,5,2,1,0,17.1
2011,5,2,2,0,17
2011,5,2,3,0,16.9
2011,5,2,4,0,16.9
2011,5,2,5,0,16.9
2011,5,2,6,0,17.2
2011,5,2,7,36,18
2011,5,2,8,88,18.9
2011,5,2,9,106,19.2
2011,5,2,10,133,19.6
2011,5,2,11,127,19.6
2011,5,2,12,229,19.5
2011,5,2,13,197,19.4
2011,5,2,14,259,19.2
2011,5,2,15,137,19
2011,5,2,16,44,18.5
2011,5,2,17,0,18.1
2011,5,2,18,0,17.9
2011,5,2,19,0,17.8
2011,5,2,20,0,17.8
2011,5,2,21,0,17.7
2011,5,2,22,0,17.5
2011,5,2,23,0,17.4
2011,5,3,0,0,17.3
2011,5,3,1,0,17.1
2011,5,3,2,0,17
2011,5,3,3,0,16.9
2011,5,3,4,0,16.9
2011,5,3,5,0,16.8
2011,5,3,6,0,16.8
2011,5,3,7,21,17
2011,5,3,8,50,17.3
2011,5,3,9,36,17.4
2011,5,3,10,73,17.8
2011,5,3,11,103,18.1
2011,5,3,12,101,18.4
2011,5,3,13,164,18.6
2011,5,3,14,140,18.7
2011,5,3,15,180,18.6
2011,5,3,16,53,18.3
2011,5,3,17,0,18.1
2011,5,3,18,0,18
2011,5,3,19,0,17.9
2011,5,3,20,0,17.8
2011,5,3,21,0,17.7
2011,5,3,22,0,17.5
2011,5,3,23,0,17.3
2011,5,4,0,0,17
2011,5,4,1,0,16.8
2011,5,4,2,0,16.7
2011,5,4,3,0,16.7
2011,5,4,4,0,16.8
2011,5,4,5,0,16.8
2011,5,4,6,0,17.1
2011,5,4,7,84,17.6
2011,5,4,8,307,18.2
2011,5,4,9,464,18.4
2011,5,4,10,581,19.3
2011,5,4,11,637,19.7
2011,5,4,12,629,19.9
2011,5,4,13,567,20
2011,5,4,14,440,19.7
2011,5,4,15,271,19.2
2011,5,4,16,90,18.4
2011,5,4,17,0,17.7
2011,5,4,18,0,17.4
2011,5,4,19,0,17.3
2011,5,4,20,0,17.2
2011,5,4,21,0,17.2
2011,5,4,22,0,17.1
2011,5,4,23,0,16.9
2011,5,5,0,0,16.6
2011,5,5,1,0,16.4
2011,5,5,2,0,16.4
2011,5,5,3,0,16.4
2011,5,5,4,0,16.4
2011,5,5,5,0,16.4
2011,5,5,6,0,16.6
2011,5,5,7,137,16.9
2011,5,5,8,320,17.3
2011,5,5,9,479,17.5
2011,5,5,10,589,17.9
2011,5,5,11,637,18.1
2011,5,5,12,626,18.2
2011,5,5,13,349,18.1
2011,5,5,14,172,18
2011,5,5,15,125,17.7
2011,5,5,16,35,17.1
2011,5,5,17,0,16.6
2011,5,5,18,0,16.5
2011,5,5,19,0,16.4
2011,5,5,20,0,16.4
2011,5,5,21,0,16.3
2011,5,5,22,0,16.2
2011,5,5,23,0,16.1
2011,5,6,0,0,15.9
2011,5,6,1,0,15.6
2011,5,6,2,0,15.3
2011,5,6,3,0,14.9
2011,5,6,4,0,14.6
2011,5,6,5,0,14.3
2011,5,6,6,0,14.4
2011,5,6,7,132,15.2
2011,5,6,8,205,16.1
2011,5,6,9,474,16.4
2011,5,6,10,587,17.3
2011,5,6,11,640,17.7
2011,5,6,12,502,17.9
2011,5,6,13,560,17.9
2011,5,6,14,389,17.8
2011,5,6,15,264,17.3
2011,5,6,16,54,16.6
2011,5,6,17,0,16.1
2011,5,6,18,0,15.9
2011,5,6,19,0,15.8
2011,5,6,20,0,15.7
2011,5,6,21,0,15.6
2011,5,6,22,0,15.4
2011,5,6,23,0,15.3
2011,5,7,0,0,15.2
2011,5,7,1,0,15
2011,5,7,2,0,14.8
2011,5,7,3,0,14.5
2011,5,7,4,0,14.3
2011,5,7,5,0,14.1
2011,5,7,6,0,14.3
2011,5,7,7,131,15.1
2011,5,7,8,312,16.2
2011,5,7,9,470,16.7
2011,5,7,10,587,17.7
2011,5,7,11,641,18.2
2011,5,7,12,632,18.6
2011,5,7,13,564,18.8
2011,5,7,14,436,18.8
2011,5,7,15,266,18.5
2011,5,7,16,84,17.7
2011,5,7,17,0,17
2011,5,7,18,0,16.8
2011,5,7,19,0,16.6
2011,5,7,20,0,16.3
2011,5,7,21,0,16
2011,5,7,22,0,15.6
2011,5,7,23,0,15.2
2011,5,8,0,0,14.7
2011,5,8,1,0,14.2
2011,5,8,2,0,13.8
2011,5,8,3,0,13.5
2011,5,8,4,0,13.1
2011,5,8,5,0,12.9
2011,5,8,6,0,13
2011,5,8,7,129,13.9
2011,5,8,8,312,15.3
2011,5,8,9,470,16.1
2011,5,8,10,586,17.9
2011,5,8,11,639,18.7
2011,5,8,12,626,19.2
2011,5,8,13,557,19.4
2011,5,8,14,429,19.5
2011,5,8,15,258,19.2
2011,5,8,16,78,18.4
2011,5,8,17,0,17.7
2011,5,8,18,0,17.3
2011,5,8,19,0,16.9
2011,5,8,20,0,16.3
2011,5,8,21,0,15.8
2011,5,8,22,0,15.2
2011,5,8,23,0,14.7
2011,5,9,0,0,14.2
2011,5,9,1,0,14
2011,5,9,2,0,13.9
2011,5,9,3,0,13.9
2011,5,9,4,0,13.8
2011,5,9,5,0,13.8
2011,5,9,6,0,14.2
2011,5,9,7,44,15
2011,5,9,8,274,15.8
2011,5,9,9,422,16.2
2011,5,9,10,546,16.6
2011,5,9,11,316,16.7
2011,5,9,12,299,16.6
2011,5,9,13,511,16.6
2011,5,9,14,278,16.4
2011,5,9,15,133,16.2
2011,5,9,16,34,15.8
2011,5,9,17,0,15.5
2011,5,9,18,0,15.4
2011,5,9,19,0,15.4
2011,5,9,20,0,15.4
2011,5,9,21,0,15.3
2011,5,9,22,0,15.2
2011,5,9,23,0,15
2011,5,10,0,0,14.8
2011,5,10,1,0,14.6
2011,5,10,2,0,14.4
2011,5,10,3,0,14.2
2011,5,10,4,0,14
2011,5,10,5,0,13.8
2011,5,10,6,0,13.9
2011,5,10,7,58,14.2
2011,5,10,8,165,14.7
2011,5,10,9,451,15
2011,5,10,10,566,15.8
2011,5,10,11,620,16.1
2011,5,10,12,614,16.3
2011,5,10,13,547,16.4
2011,5,10,14,422,16.4
2011,5,10,15,255,16
2011,5,10,16,78,15.3
2011,5,10,17,0,14.6
2011,5,10,18,0,14.4
2011,5,10,19,0,14.4
2011,5,10,20,0,14.2
2011,5,10,21,0,13.8
2011,5,10,22,0,13.3
2011,5,10,23,0,12.8
2011,5,11,0,0,12.4
2011,5,11,1,0,12.1
2011,5,11,2,0,11.7
2011,5,11,3,0,11.3
2011,5,11,4,0,10.9
2011,5,11,5,0,10.5
2011,5,11,6,0,10.3
2011,5,11,7,7,11
2011,5,11,8,13,12.2
2011,5,11,9,39,12.8
2011,5,11,10,102,14.3
2011,5,11,11,463,15
2011,5,11,12,358,15.5
2011,5,11,13,340,15.5
2011,5,11,14,268,15
2011,5,11,15,162,14.3
2011,5,11,16,76,13.6
2011,5,11,17,0,13.1
2011,5,11,18,0,12.7
2011,5,11,19,0,12.3
2011,5,11,20,0,12
2011,5,11,21,0,11.6
2011,5,11,22,0,11.3
2011,5,11,23,0,11.1
2011,5,12,0,0,10.9
2011,5,12,1,0,10.8
2011,5,12,2,0,10.7
2011,5,12,3,0,10.5
2011,5,12,4,0,10.3
2011,5,12,5,0,10.1
2011,5,12,6,0,10.3
2011,5,12,7,126,11.1
2011,5,12,8,310,12.1
2011,5,12,9,470,12.6
2011,5,12,10,583,14.1
2011,5,12,11,637,14.9
2011,5,12,12,628,15.5
2011,5,12,13,557,15.9
2011,5,12,14,427,16
2011,5,12,15,257,15.6
2011,5,12,16,75,14.7
2011,5,12,17,0,13.9
2011,5,12,18,0,13.3
2011,5,12,19,0,12.9
2011,5,12,20,0,12.6
2011,5,12,21,0,12.4
2011,5,12,22,0,12.5
2011,5,12,23,0,12.6
2011,5,13,0,0,12.6
2011,5,13,1,0,12.6
2011,5,13,2,0,12.5
2011,5,13,3,0,12.4
2011,5,13,4,0,12.5
2011,5,13,5,0,12.5
2011,5,13,6,0,12.9
2011,5,13,7,118,14
2011,5,13,8,297,15.4
2011,5,13,9,453,16.1
2011,5,13,10,561,17.6
2011,5,13,11,616,18.2
2011,5,13,12,606,18.7
2011,5,13,13,391,19
2011,5,13,14,414,19
2011,5,13,15,249,18.6
2011,5,13,16,73,17.5
2011,5,13,17,0,16.4
2011,5,13,18,0,15.7
2011,5,13,19,0,15.2
2011,5,13,20,0,14.8
2011,5,13,21,0,14.4
2011,5,13,22,0,14.1
2011,5,13,23,0,14
2011,5,14,0,0,14
2011,5,14,1,0,14.1
2011,5,14,2,0,13.9
2011,5,14,3,0,13.5
2011,5,14,4,0,13
2011,5,14,5,0,12.4
2011,5,14,6,0,12.3
2011,5,14,7,37,12.8
2011,5,14,8,300,13.6
2011,5,14,9,458,13.9
2011,5,14,10,569,15
2011,5,14,11,622,15.5
2011,5,14,12,610,15.9
2011,5,14,13,538,16.1
2011,5,14,14,170,16.2
2011,5,14,15,245,15.9
2011,5,14,16,21,15.2
2011,5,14,17,0,14.6
2011,5,14,18,0,14.3
2011,5,14,19,0,13.9
2011,5,14,20,0,13.5
2011,5,14,21,0,13
2011,5,14,22,0,12.5
2011,5,14,23,0,12.1
2011,5,15,0,0,11.8
2011,5,15,1,0,11.5
2011,5,15,2,0,11.2
2011,5,15,3,0,11
2011,5,15,4,0,10.8
2011,5,15,5,0,10.7
2011,5,15,6,0,10.9
2011,5,15,7,107,11.8
2011,5,15,8,283,13.2
2011,5,15,9,439,13.9
2011,5,15,10,551,15.7
2011,5,15,11,607,16.4
2011,5,15,12,599,16.9
2011,5,15,13,533,17.1
2011,5,15,14,410,17.2
2011,5,15,15,245,16.9
2011,5,15,16,68,16.2
2011,5,15,17,0,15.6
2011,5,15,18,0,15.5
2011,5,15,19,0,15.5
2011,5,15,20,0,15.2
2011,5,15,21,0,14.5
2011,5,15,22,0,13.6
2011,5,15,23,0,12.9
2011,5,16,0,0,12.4
2011,5,16,1,0,11.9
2011,5,16,2,0,11.7
2011,5,16,3,0,11.5
2011,5,16,4,0,11.4
2011,5,16,5,0,11.3
2011,5,16,6,0,11.4
2011,5,16,7,112,12.2
2011,5,16,8,290,13.2
2011,5,16,9,446,13.8
2011,5,16,10,558,15.3
2011,5,16,11,614,16.1
2011,5,16,12,604,16.8
2011,5,16,13,533,17.4
2011,5,16,14,407,17.6
2011,5,16,15,241,17.2
2011,5,16,16,64,16.3
2011,5,16,17,0,15.6
2011,5,16,18,0,15.4
2011,5,16,19,0,15.3
2011,5,16,20,0,15.1
2011,5,16,21,0,14.5
2011,5,16,22,0,13.7
2011,5,16,23,0,12.8
2011,5,17,0,0,12
2011,5,17,1,0,11.6
2011,5,17,2,0,11.3
2011,5,17,3,0,11.2
2011,5,17,4,0,11.2
2011,5,17,5,0,11.4
2011,5,17,6,0,11.9
2011,5,17,7,105,13.1
2011,5,17,8,279,14.6
2011,5,17,9,432,15.3
2011,5,17,10,543,16.9
2011,5,17,11,596,17.5
2011,5,17,12,586,17.8
2011,5,17,13,518,17.9
2011,5,17,14,394,17.7
2011,5,17,15,231,17.2
2011,5,17,16,60,16.3
2011,5,17,17,0,15.7
2011,5,17,18,0,15.5
2011,5,17,19,0,15.4
2011,5,17,20,0,15.3
2011,5,17,21,0,15.1
2011,5,17,22,0,14.9
2011,5,17,23,0,14.6
2011,5,18,0,0,14.3
2011,5,18,1,0,14.1
2011,5,18,2,0,13.9
2011,5,18,3,0,13.7
2011,5,18,4,0,13.5
2011,5,18,5,0,13.4
2011,5,18,6,0,13.6
2011,5,18,7,103,14.5
2011,5,18,8,275,15.7
2011,5,18,9,428,16.3
2011,5,18,10,533,17.7
2011,5,18,11,582,18.5
2011,5,18,12,575,19
2011,5,18,13,512,19.2
2011,5,18,14,390,19.3
2011,5,18,15,228,18.9
2011,5,18,16,58,18.1
2011,5,18,17,0,17.3
2011,5,18,18,0,17
2011,5,18,19,0,16.9
2011,5,18,20,0,16.8
2011,5,18,21,0,16.6
2011,5,18,22,0,16.4
2011,5,18,23,0,16.3
2011,5,19,0,0,16.1
2011,5,19,1,0,15.9
2011,5,19,2,0,15.6
2011,5,19,3,0,15.4
2011,5,19,4,0,15.2
2011,5,19,5,0,15
2011,5,19,6,0,15
2011,5,19,7,40,15.4
2011,5,19,8,116,15.9
2011,5,19,9,368,16.1
2011,5,19,10,407,16.9
2011,5,19,11,427,17.4
2011,5,19,12,565,18
2011,5,19,13,435,18.5
2011,5,19,14,378,18.9
2011,5,19,15,220,18.9
2011,5,19,16,55,18.4
2011,5,19,17,0,17.9
2011,5,19,18,0,17.7
2011,5,19,19,0,17.5
2011,5,19,20,0,17.1
2011,5,19,21,0,16.7
2011,5,19,22,0,16.1
2011,5,19,23,0,15.4
2011,5,20,0,0,14.9
2011,5,20,1,0,14.5
2011,5,20,2,0,14.2
2011,5,20,3,0,13.9
2011,5,20,4,0,13.6
2011,5,20,5,0,13.3
2011,5,20,6,0,13.3
2011,5,20,7,95,13.9
2011,5,20,8,264,15.1
2011,5,20,9,414,15.8
2011,5,20,10,520,18.3
2011,5,20,11,571,19.7
2011,5,20,12,564,20.6
2011,5,20,13,505,21
2011,5,20,14,383,21.1
2011,5,20,15,222,20.5
2011,5,20,16,54,19.3
2011,5,20,17,0,18.5
2011,5,20,18,0,18.2
2011,5,20,19,0,17.9
2011,5,20,20,0,17.6
2011,5,20,21,0,17.3
2011,5,20,22,0,16.8
2011,5,20,23,0,16.3
2011,5,21,0,0,15.7
2011,5,21,1,0,15.2
2011,5,21,2,0,14.8
2011,5,21,3,0,14.5
2011,5,21,4,0,14.3
2011,5,21,5,0,14
2011,5,21,6,0,13.9
2011,5,21,7,93,14.6
2011,5,21,8,261,15.8
2011,5,21,9,412,16.4
2011,5,21,10,519,18.8
2011,5,21,11,572,20.2
2011,5,21,12,563,21.4
2011,5,21,13,497,22.1
2011,5,21,14,376,22.4
2011,5,21,15,217,21.8
2011,5,21,16,52,20.5
2011,5,21,17,0,19.5
2011,5,21,18,0,18.9
2011,5,21,19,0,18.5
2011,5,21,20,0,18.1
2011,5,21,21,0,17.7
2011,5,21,22,0,17.2
2011,5,21,23,0,16.7
2011,5,22,0,0,16.3
2011,5,22,1,0,16.1
2011,5,22,2,0,15.7
2011,5,22,3,0,15.3
2011,5,22,4,0,14.9
2011,5,22,5,0,14.6
2011,5,22,6,0,14.5
2011,5,22,7,91,15.1
2011,5,22,8,149,16.3
2011,5,22,9,410,16.9
2011,5,22,10,516,19.4
2011,5,22,11,494,20.6
2011,5,22,12,416,21.4
2011,5,22,13,414,21.6
2011,5,22,14,317,21.6
2011,5,22,15,173,21
2011,5,22,16,48,20
2011,5,22,17,0,19.3
2011,5,22,18,0,19.1
2011,5,22,19,0,19
2011,5,22,20,0,18.9
2011,5,22,21,0,18.8
2011,5,22,22,0,18.6
2011,5,22,23,0,18.4
2011,5,23,0,0,18.2
2011,5,23,1,0,17.8
2011,5,23,2,0,17.2
2011,5,23,3,0,16.6
2011,5,23,4,0,16.2
2011,5,23,5,0,16.1
2011,5,23,6,0,16.3
2011,5,23,7,83,16.7
2011,5,23,8,249,17
2011,5,23,9,403,17.2
2011,5,23,10,525,18.1
2011,5,23,11,576,19.1
2011,5,23,12,561,20
2011,5,23,13,489,20.7
2011,5,23,14,367,20.9
2011,5,23,15,13,20.5
2011,5,23,16,49,19.6
2011,5,23,17,0,18.8
2011,5,23,18,0,18.1
2011,5,23,19,0,17.5
2011,5,23,20,0,16.8
2011,5,23,21,0,16.2
2011,5,23,22,0,15.8
2011,5,23,23,0,15.4
2011,5,24,0,0,15.1
2011,5,24,1,0,14.8
2011,5,24,2,0,14.5
2011,5,24,3,0,14.3
2011,5,24,4,0,14.1
2011,5,24,5,0,13.9
2011,5,24,6,0,13.9
2011,5,24,7,92,14.6
2011,5,24,8,260,15.5
2011,5,24,9,408,15.9
2011,5,24,10,510,16.6
2011,5,24,11,45,16.8
2011,5,24,12,44,16.8
2011,5,24,13,192,16.6
2011,5,24,14,19,16.3
2011,5,24,15,11,15.9
2011,5,24,16,5,15.5
2011,5,24,17,0,15.2
2011,5,24,18,0,15
2011,5,24,19,0,14.9
2011,5,24,20,0,14.8
2011,5,24,21,0,14.5
2011,5,24,22,0,14.2
2011,5,24,23,0,14
2011,5,25,0,0,13.9
2011,5,25,1,0,13.9
2011,5,25,2,0,14.1
2011,5,25,3,0,14.3
2011,5,25,4,0,14.4
2011,5,25,5,0,14.3
2011,5,25,6,0,14.3
2011,5,25,7,6,14.3
2011,5,25,8,102,14.5
2011,5,25,9,108,14.5
2011,5,25,10,78,15
2011,5,25,11,224,15.2
2011,5,25,12,359,15.2
2011,5,25,13,191,15.2
2011,5,25,14,46,15.2
2011,5,25,15,23,15
2011,5,25,16,6,15
2011,5,25,17,0,14.9
2011,5,25,18,0,14.8
2011,5,25,19,0,14.7
2011,5,25,20,0,14.6
2011,5,25,21,0,14.4
2011,5,25,22,0,14.3
2011,5,25,23,0,14.1
2011,5,26,0,0,14.2
2011,5,26,1,0,14.3
2011,5,26,2,0,14.4
2011,5,26,3,0,14.5
2011,5,26,4,0,14.5
2011,5,26,5,0,14.5
2011,5,26,6,0,14.3
2011,5,26,7,23,14.2
2011,5,26,8,80,14.3
2011,5,26,9,135,14.3
2011,5,26,10,497,14.8
2011,5,26,11,221,15.2
2011,5,26,12,268,15.6
2011,5,26,13,480,15.9
2011,5,26,14,363,16.3
2011,5,26,15,208,16.3
2011,5,26,16,47,15.8
2011,5,26,17,0,15.5
2011,5,26,18,0,15.5
2011,5,26,19,0,15.5
2011,5,26,20,0,15.3
2011,5,26,21,0,14.8
2011,5,26,22,0,14.1
2011,5,26,23,0,13.5
2011,5,27,0,0,13.1
2011,5,27,1,0,12.6
2011,5,27,2,0,12.2
2011,5,27,3,0,11.9
2011,5,27,4,0,11.5
2011,5,27,5,0,11.3
2011,5,27,6,0,11.3
2011,5,27,7,43,11.9
2011,5,27,8,252,13.1
2011,5,27,9,402,13.6
2011,5,27,10,341,15.1
2011,5,27,11,443,15.8
2011,5,27,12,94,16.2
2011,5,27,13,210,16.4
2011,5,27,14,107,16.3
2011,5,27,15,207,16
2011,5,27,16,46,15.3
2011,5,27,17,0,14.9
2011,5,27,18,0,14.7
2011,5,27,19,0,14.6
2011,5,27,20,0,14.3
2011,5,27,21,0,13.9
2011,5,27,22,0,13.6
2011,5,27,23,0,13.2
2011,5,28,0,0,13
2011,5,28,1,0,12.8
2011,5,28,2,0,12.7
2011,5,28,3,0,12.6
2011,5,28,4,0,12.6
2011,5,28,5,0,12.6
2011,5,28,6,0,12.9
2011,5,28,7,80,13.8
2011,5,28,8,242,15
2011,5,28,9,225,15.5
2011,5,28,10,318,16.8
2011,5,28,11,391,17.3
2011,5,28,12,221,17.6
2011,5,28,13,268,17.6
2011,5,28,14,229,17.4
2011,5,28,15,200,16.9
2011,5,28,16,43,16.2
2011,5,28,17,0,15.8
2011,5,28,18,0,15.7
2011,5,28,19,0,15.7
2011,5,28,20,0,15.7
2011,5,28,21,0,15.7
2011,5,28,22,0,15.8
2011,5,28,23,0,15.8
2011,5,29,0,0,15.8
2011,5,29,1,0,15.6
2011,5,29,2,0,15.5
2011,5,29,3,0,15.3
2011,5,29,4,0,15.1
2011,5,29,5,0,15
2011,5,29,6,0,14.9
2011,5,29,7,29,15.3
2011,5,29,8,89,15.9
2011,5,29,9,189,16
2011,5,29,10,314,16.4
2011,5,29,11,107,16.4
2011,5,29,12,81,16.3
2011,5,29,13,90,16.2
2011,5,29,14,119,16.2
2011,5,29,15,60,16.1
2011,5,29,16,21,16
2011,5,29,17,0,16.1
2011,5,29,18,0,16.2
2011,5,29,19,0,16.1
2011,5,29,20,0,15.9
2011,5,29,21,0,15.7
2011,5,29,22,0,15.4
2011,5,29,23,0,15.3
2011,5,30,0,0,15.2
2011,5,30,1,0,15.2
2011,5,30,2,0,15.3
2011,5,30,3,0,15.4
2011,5,30,4,0,15.6
2011,5,30,5,0,15.7
2011,5,30,6,0,15.8
2011,5,30,7,5,16.1
2011,5,30,8,9,16.4
2011,5,30,9,15,16.5
2011,5,30,10,58,16.6
2011,5,30,11,26,16.8
2011,5,30,12,91,17
2011,5,30,13,85,17.2
2011,5,30,14,45,17.2
2011,5,30,15,24,17
2011,5,30,16,8,16.6
2011,5,30,17,0,16.5
2011,5,30,18,0,16.6
2011,5,30,19,0,16.8
2011,5,30,20,0,17
2011,5,30,21,0,17.1
2011,5,30,22,0,17
2011,5,30,23,0,17
2011,5,31,0,0,17
2011,5,31,1,0,17.2
2011,5,31,2,0,17.4
2011,5,31,3,0,17.5
2011,5,31,4,0,17.7
2011,5,31,5,0,17.9
2011,5,31,6,0,18
2011,5,31,7,22,18.2
2011,5,31,8,67,18.3
2011,5,31,9,121,18.4
2011,5,31,10,168,18.6
2011,5,31,11,177,18.8
2011,5,31,12,241,18.9
2011,5,31,13,276,18.9
2011,5,31,14,289,18.8
2011,5,31,15,12,18.6
2011,5,31,16,3,18.3
2011,5,31,17,0,18.1
2011,5,31,18,0,18
2011,5,31,19,0,17.8
2011,5,31,20,0,17.6
2011,5,31,21,0,17.5
2011,5,31,22,0,17.4
2011,5,31,23,0,17.3
2011,6,1,0,0,17.2
2011,6,1,1,0,17.2
2011,6,1,2,0,17.2
2011,6,1,3,0,17.2
2011,6,1,4,0,17.2
2011,6,1,5,0,17.3
2011,6,1,6,0,17.4
2011,6,1,7,5,17.6
2011,6,1,8,15,17.9
2011,6,1,9,99,18.1
2011,6,1,10,104,18.5
2011,6,1,11,187,18.6
2011,6,1,12,296,18.6
2011,6,1,13,327,18.6
2011,6,1,14,241,18.4
2011,6,1,15,120,18.2
2011,6,1,16,35,18
2011,6,1,17,0,17.9
2011,6,1,18,0,17.9
2011,6,1,19,0,17.8
2011,6,1,20,0,17.7
2011,6,1,21,0,17.5
2011,6,1,22,0,17.3
2011,6,1,23,0,17.1
2011,6,2,0,0,17
2011,6,2,1,0,17
2011,6,2,2,0,17
2011,6,2,3,0,17
2011,6,2,4,0,17.1
2011,6,2,5,0,17.2
2011,6,2,6,0,17.3
2011,6,2,7,68,17.5
2011,6,2,8,228,17.9
2011,6,2,9,376,18
2011,6,2,10,482,18.5
2011,6,2,11,534,18.7
2011,6,2,12,528,18.6
2011,6,2,13,465,18.5
2011,6,2,14,223,18.2
2011,6,2,15,195,17.7
2011,6,2,16,39,17
2011,6,2,17,0,16.6
2011,6,2,18,0,16.4
2011,6,2,19,0,16.2
2011,6,2,20,0,16
2011,6,2,21,0,15.7
2011,6,2,22,0,15.5
2011,6,2,23,0,15.3
2011,6,3,0,0,15
2011,6,3,1,0,14.8
2011,6,3,2,0,14.6
2011,6,3,3,0,14.4
2011,6,3,4,0,14.1
2011,6,3,5,0,13.8
2011,6,3,6,0,13.6
2011,6,3,7,74,13.9
2011,6,3,8,237,14.7
2011,6,3,9,385,15.1
2011,6,3,10,490,16.6
2011,6,3,11,542,17.5
2011,6,3,12,534,18
2011,6,3,13,351,18.4
2011,6,3,14,305,18.5
2011,6,3,15,196,18.3
2011,6,3,16,40,17.9
2011,6,3,17,0,17.5
2011,6,3,18,0,17
2011,6,3,19,0,16.5
2011,6,3,20,0,16.1
2011,6,3,21,0,15.6
2011,6,3,22,0,15.1
2011,6,3,23,0,14.6
2011,6,4,0,0,14.1
2011,6,4,1,0,13.7
2011,6,4,2,0,13.2
2011,6,4,3,0,13
2011,6,4,4,0,12.8
2011,6,4,5,0,12.7
2011,6,4,6,0,12.8
2011,6,4,7,56,13.5
2011,6,4,8,184,14.5
2011,6,4,9,305,15.2
2011,6,4,10,395,17.1
2011,6,4,11,209,17.8
2011,6,4,12,174,18.1
2011,6,4,13,71,18.1
2011,6,4,14,155,17.9
2011,6,4,15,78,17.6
2011,6,4,16,17,17
2011,6,4,17,0,16.4
2011,6,4,18,0,15.8
2011,6,4,19,0,15.3
2011,6,4,20,0,14.9
2011,6,4,21,0,14.7
2011,6,4,22,0,14.3
2011,6,4,23,0,13.8
2011,6,5,0,0,13.3
2011,6,5,1,0,13
2011,6,5,2,0,12.8
2011,6,5,3,0,12.6
2011,6,5,4,0,12.3
2011,6,5,5,0,12.1
2011,6,5,6,0,11.9
2011,6,5,7,11,12.1
2011,6,5,8,237,12.7
2011,6,5,9,387,13
2011,6,5,10,497,14.3
2011,6,5,11,551,15
2011,6,5,12,543,15.6
2011,6,5,13,365,16
2011,6,5,14,359,16.2
2011,6,5,15,201,15.9
2011,6,5,16,40,15.2
2011,6,5,17,0,14.6
2011,6,5,18,0,14.1
2011,6,5,19,0,13.4
2011,6,5,20,0,12.8
2011,6,5,21,0,12.4
2011,6,5,22,0,12.1
2011,6,5,23,0,11.9
2011,6,6,0,0,11.8
2011,6,6,1,0,11.7
2011,6,6,2,0,11.5
2011,6,6,3,0,11.4
2011,6,6,4,0,11.3
2011,6,6,5,0,11.2
2011,6,6,6,0,11.3
2011,6,6,7,69,12.1
2011,6,6,8,232,13.4
2011,6,6,9,381,14
2011,6,6,10,488,15.2
2011,6,6,11,542,15.7
2011,6,6,12,536,15.9
2011,6,6,13,94,15.8
2011,6,6,14,261,15.4
2011,6,6,15,137,14.8
2011,6,6,16,23,13.9
2011,6,6,17,0,13.3
2011,6,6,18,0,13.1
2011,6,6,19,0,12.9
2011,6,6,20,0,12.7
2011,6,6,21,0,12.4
2011,6,6,22,0,12
2011,6,6,23,0,11.6
2011,6,7,0,0,11.2
2011,6,7,1,0,10.8
2011,6,7,2,0,10.4
2011,6,7,3,0,10
2011,6,7,4,0,9.6
2011,6,7,5,0,9.3
2011,6,7,6,0,9.2
2011,6,7,7,43,9.4
2011,6,7,8,130,10
2011,6,7,9,222,10.3
2011,6,7,10,497,11.3
2011,6,7,11,283,12
2011,6,7,12,491,12.7
2011,6,7,13,358,13.4
2011,6,7,14,355,13.7
2011,6,7,15,199,13.4
2011,6,7,16,40,12.7
2011,6,7,17,0,12.1
2011,6,7,18,0,11.7
2011,6,7,19,0,11.3
2011,6,7,20,0,10.9
2011,6,7,21,0,10.7
2011,6,7,22,0,10.6
2011,6,7,23,0,10.5
2011,6,8,0,0,10.4
2011,6,8,1,0,10.4
2011,6,8,2,0,10.3
2011,6,8,3,0,10
2011,6,8,4,0,9.6
2011,6,8,5,0,9.2
2011,6,8,6,0,9
2011,6,8,7,72,9.5
2011,6,8,8,240,10.3
2011,6,8,9,393,10.7
2011,6,8,10,500,12.1
2011,6,8,11,554,12.8
2011,6,8,12,548,13.3
2011,6,8,13,482,13.5
2011,6,8,14,362,13.3
2011,6,8,15,204,12.5
2011,6,8,16,42,11.6
2011,6,8,17,0,10.8
2011,6,8,18,0,10.2
2011,6,8,19,0,9.8
2011,6,8,20,0,9.7
2011,6,8,21,0,9.7
2011,6,8,22,0,9.7
2011,6,8,23,0,9.7
2011,6,9,0,0,9.7
2011,6,9,1,0,9.7
2011,6,9,2,0,9.6
2011,6,9,3,0,9.5
2011,6,9,4,0,9.4
2011,6,9,5,0,9.4
2011,6,9,6,0,9.5
2011,6,9,7,66,10.2
2011,6,9,8,230,11.3
2011,6,9,9,379,11.8
2011,6,9,10,485,13.4
2011,6,9,11,536,14.3
2011,6,9,12,531,14.9
2011,6,9,13,466,15.2
2011,6,9,14,347,15.1
2011,6,9,15,77,14.5
2011,6,9,16,38,13.7
2011,6,9,17,0,12.9
2011,6,9,18,0,12.2
2011,6,9,19,0,11.7
2011,6,9,20,0,11.5
2011,6,9,21,0,11.5
2011,6,9,22,0,11.5
2011,6,9,23,0,11.6
2011,6,10,0,0,11.7
2011,6,10,1,0,11.8
2011,6,10,2,0,11.9
2011,6,10,3,0,11.9
2011,6,10,4,0,11.9
2011,6,10,5,0,11.7
2011,6,10,6,0,11.6
2011,6,10,7,63,12
2011,6,10,8,223,12.9
2011,6,10,9,370,13.4
2011,6,10,10,472,14.9
2011,6,10,11,268,15.4
2011,6,10,12,217,15.5
2011,6,10,13,70,15.3
2011,6,10,14,14,15
2011,6,10,15,8,14.7
2011,6,10,16,4,14.2
2011,6,10,17,0,13.9
2011,6,10,18,0,13.9
2011,6,10,19,0,13.9
2011,6,10,20,0,13.9
2011,6,10,21,0,13.9
2011,6,10,22,0,14
2011,6,10,23,0,14.2
2011,6,11,0,0,14.2
2011,6,11,1,0,14.2
2011,6,11,2,0,14.2
2011,6,11,3,0,14.3
2011,6,11,4,0,14.3
2011,6,11,5,0,14.3
2011,6,11,6,0,14.4
2011,6,11,7,35,14.6
2011,6,11,8,207,14.9
2011,6,11,9,257,15.1
2011,6,11,10,326,15.8
2011,6,11,11,254,16.2
2011,6,11,12,289,16.3
2011,6,11,13,257,16.1
2011,6,11,14,170,15.7
2011,6,11,15,85,15.2
2011,6,11,16,14,14.5
2011,6,11,17,0,14.1
2011,6,11,18,0,14
2011,6,11,19,0,14.2
2011,6,11,20,0,14.4
2011,6,11,21,0,14.6
2011,6,11,22,0,15
2011,6,11,23,0,15.4
2011,6,12,0,0,15.6
2011,6,12,1,0,15.6
2011,6,12,2,0,15.6
2011,6,12,3,0,15.4
2011,6,12,4,0,15.4
2011,6,12,5,0,15.4
2011,6,12,6,0,15.4
2011,6,12,7,29,15.6
2011,6,12,8,14,15.9
2011,6,12,9,198,16
2011,6,12,10,290,16.3
2011,6,12,11,259,16.4
2011,6,12,12,223,16.3
2011,6,12,13,273,16.2
2011,6,12,14,198,16.1
2011,6,12,15,101,15.9
2011,6,12,16,20,15.7
2011,6,12,17,0,15.6
2011,6,12,18,0,15.6
2011,6,12,19,0,15.5
2011,6,12,20,0,15.4
2011,6,12,21,0,15.3
2011,6,12,22,0,15.3
2011,6,12,23,0,15.3
2011,6,13,0,0,15.4
2011,6,13,1,0,15.5
2011,6,13,2,0,15.5
2011,6,13,3,0,15.6
2011,6,13,4,0,15.7
2011,6,13,5,0,15.7
2011,6,13,6,0,15.7
2011,6,13,7,23,15.9
2011,6,13,8,83,16.2
2011,6,13,9,28,16.4
2011,6,13,10,242,16.5
2011,6,13,11,215,16.4
2011,6,13,12,358,16.4
2011,6,13,13,320,16.4
2011,6,13,14,143,16.4
2011,6,13,15,72,16.3
2011,6,13,16,15,16.2
2011,6,13,17,0,16.1
2011,6,13,18,0,16.1
2011,6,13,19,0,16
2011,6,13,20,0,16
2011,6,13,21,0,16
2011,6,13,22,0,16
2011,6,13,23,0,16.1
2011,6,14,0,0,16.2
2011,6,14,1,0,16.3
2011,6,14,2,0,16.4
2011,6,14,3,0,16.5
2011,6,14,4,0,16.5
2011,6,14,5,0,16.6
2011,6,14,6,0,16.6
2011,6,14,7,21,16.7
2011,6,14,8,74,16.8
2011,6,14,9,128,16.8
2011,6,14,10,175,17
2011,6,14,11,161,17
2011,6,14,12,343,16.9
2011,6,14,13,34,16.7
2011,6,14,14,250,16.6
2011,6,14,15,84,16.5
2011,6,14,16,25,16.4
2011,6,14,17,0,16.5
2011,6,14,18,0,16.6
2011,6,14,19,0,16.6
2011,6,14,20,0,16.6
2011,6,14,21,0,16.5
2011,6,14,22,0,16.4
2011,6,14,23,0,16.4
2011,6,15,0,0,16.4
2011,6,15,1,0,16.4
2011,6,15,2,0,16.4
2011,6,15,3,0,16.4
2011,6,15,4,0,16.4
2011,6,15,5,0,16.4
2011,6,15,6,0,16.4
2011,6,15,7,22,16.4
2011,6,15,8,51,16.5
2011,6,15,9,64,16.6
2011,6,15,10,197,17.1
2011,6,15,11,239,17.2
2011,6,15,12,360,17.1
2011,6,15,13,279,16.9
2011,6,15,14,169,16.8
2011,6,15,15,165,16.8
2011,6,15,16,14,16.9
2011,6,15,17,0,16.9
2011,6,15,18,0,17
2011,6,15,19,0,16.9
2011,6,15,20,0,16.9
2011,6,15,21,0,16.9
2011,6,15,22,0,16.9
2011,6,15,23,0,16.9
2011,6,16,0,0,16.8
2011,6,16,1,0,16.8
2011,6,16,2,0,16.7
2011,6,16,3,0,16.7
2011,6,16,4,0,16.6
2011,6,16,5,0,16.6
2011,6,16,6,0,16.6
2011,6,16,7,9,16.7
2011,6,16,8,33,16.9
2011,6,16,9,64,17
2011,6,16,10,159,17.2
2011,6,16,11,41,17.2
2011,6,16,12,286,17.1
2011,6,16,13,215,17.1
2011,6,16,14,121,16.9
2011,6,16,15,59,16.5
2011,6,16,16,10,16.1
2011,6,16,17,0,15.8
2011,6,16,18,0,15.6
2011,6,16,19,0,15.5
2011,6,16,20,0,15.3
2011,6,16,21,0,14.8
2011,6,16,22,0,14.2
2011,6,16,23,0,13.7
2011,6,17,0,0,13.3
2011,6,17,1,0,12.9
2011,6,17,2,0,12.6
2011,6,17,3,0,12.3
2011,6,17,4,0,12.1
2011,6,17,5,0,11.9
2011,6,17,6,0,11.8
2011,6,17,7,20,12.5
2011,6,17,8,216,13.6
2011,6,17,9,366,14.2
2011,6,17,10,470,15.4
2011,6,17,11,522,16
2011,6,17,12,517,16.6
2011,6,17,13,223,16.9
2011,6,17,14,234,16.6
2011,6,17,15,193,15.8
2011,6,17,16,39,14.6
2011,6,17,17,0,13.7
2011,6,17,18,0,13.3
2011,6,17,19,0,13.1
2011,6,17,20,0,12.9
2011,6,17,21,0,12.7
2011,6,17,22,0,12.7
2011,6,17,23,0,12.6
2011,6,18,0,0,12.5
2011,6,18,1,0,12.3
2011,6,18,2,0,12.2
2011,6,18,3,0,12
2011,6,18,4,0,11.9
2011,6,18,5,0,11.7
2011,6,18,6,0,11.7
2011,6,18,7,30,12.1
2011,6,18,8,214,12.8
2011,6,18,9,363,13.1
2011,6,18,10,471,14.3
2011,6,18,11,524,15
2011,6,18,12,521,15.6
2011,6,18,13,460,16
2011,6,18,14,346,15.9
2011,6,18,15,194,15.4
2011,6,18,16,39,14.6
2011,6,18,17,0,14
2011,6,18,18,0,13.7
2011,6,18,19,0,13.5
2011,6,18,20,0,13.5
2011,6,18,21,0,13.4
2011,6,18,22,0,13.4
2011,6,18,23,0,13.4
2011,6,19,0,0,13.3
2011,6,19,1,0,13.1
2011,6,19,2,0,12.9
2011,6,19,3,0,12.7
2011,6,19,4,0,12.5
2011,6,19,5,0,12.3
2011,6,19,6,0,12.2
2011,6,19,7,55,12.6
2011,6,19,8,215,13.5
2011,6,19,9,365,13.9
2011,6,19,10,475,15.2
2011,6,19,11,530,15.8
2011,6,19,12,523,16.3
2011,6,19,13,462,16.6
2011,6,19,14,347,16.8
2011,6,19,15,194,16.5
2011,6,19,16,39,15.9
2011,6,19,17,0,15.2
2011,6,19,18,0,14.4
2011,6,19,19,0,13.6
2011,6,19,20,0,13.1
2011,6,19,21,0,12.7
2011,6,19,22,0,12.3
2011,6,19,23,0,12
2011,6,20,0,0,11.8
2011,6,20,1,0,11.7
2011,6,20,2,0,11.7
2011,6,20,3,0,11.7
2011,6,20,4,0,11.7
2011,6,20,5,0,11.6
2011,6,20,6,0,11.7
2011,6,20,7,54,12.3
2011,6,20,8,212,13.4
2011,6,20,9,360,14
2011,6,20,10,468,15.8
2011,6,20,11,523,16.7
2011,6,20,12,518,17.3
2011,6,20,13,458,17.7
2011,6,20,14,344,17.8
2011,6,20,15,193,17.2
2011,6,20,16,39,16.3
2011,6,20,17,0,15.6
2011,6,20,18,0,15
2011,6,20,19,0,14.4
2011,6,20,20,0,13.7
2011,6,20,21,0,13.2
2011,6,20,22,0,12.8
2011,6,20,23,0,12.4
2011,6,21,0,0,12
2011,6,21,1,0,11.6
2011,6,21,2,0,11.4
2011,6,21,3,0,11.3
2011,6,21,4,0,11.4
2011,6,21,5,0,11.6
2011,6,21,6,0,11.9
2011,6,21,7,53,12.6
2011,6,21,8,116,13.6
2011,6,21,9,355,14.1
2011,6,21,10,451,15.7
2011,6,21,11,502,16.7
2011,6,21,12,496,17.6
2011,6,21,13,433,18.1
2011,6,21,14,23,17.6
2011,6,21,15,104,15.8
2011,6,21,16,21,13.8
2011,6,21,17,0,12.6
2011,6,21,18,0,11.9
2011,6,21,19,0,11.5
2011,6,21,20,0,11.2
2011,6,21,21,0,11.1
2011,6,21,22,0,11
2011,6,21,23,0,10.8
2011,6,22,0,0,10.7
2011,6,22,1,0,10.5
2011,6,22,2,0,10.3
2011,6,22,3,0,10.2
2011,6,22,4,0,10.1
2011,6,22,5,0,10.1
2011,6,22,6,0,10.2
2011,6,22,7,53,10.8
2011,6,22,8,212,11.7
2011,6,22,9,361,12.2
2011,6,22,10,466,13.3
2011,6,22,11,524,13.9
2011,6,22,12,526,14.3
2011,6,22,13,466,14.4
2011,6,22,14,351,14.3
2011,6,22,15,198,13.7
2011,6,22,16,40,12.7
2011,6,22,17,0,12
2011,6,22,18,0,11.5
2011,6,22,19,0,11
2011,6,22,20,0,10.8
2011,6,22,21,0,10.7
2011,6,22,22,0,10.7
2011,6,22,23,0,10.8
2011,6,23,0,0,10.9
2011,6,23,1,0,11
2011,6,23,2,0,11.1
2011,6,23,3,0,11.2
2011,6,23,4,0,11.4
2011,6,23,5,0,11.6
2011,6,23,6,0,12
2011,6,23,7,54,13
2011,6,23,8,211,14.4
2011,6,23,9,356,15
2011,6,23,10,464,16.4
2011,6,23,11,520,17
2011,6,23,12,516,17.5
2011,6,23,13,457,17.8
2011,6,23,14,344,17.8
2011,6,23,15,193,17.2
2011,6,23,16,40,16.3
2011,6,23,17,0,15.6
2011,6,23,18,0,15.1
2011,6,23,19,0,14.6
2011,6,23,20,0,13.9
2011,6,23,21,0,13.2
2011,6,23,22,0,12.7
2011,6,23,23,0,12.4
2011,6,24,0,0,12.1
2011,6,24,1,0,11.9
2011,6,24,2,0,11.7
2011,6,24,3,0,11.4
2011,6,24,4,0,11.3
2011,6,24,5,0,11.1
2011,6,24,6,0,11
2011,6,24,7,53,11.6
2011,6,24,8,212,12.6
2011,6,24,9,362,13.1
2011,6,24,10,474,14.6
2011,6,24,11,531,15.3
2011,6,24,12,528,15.9
2011,6,24,13,466,16.2
2011,6,24,14,352,16.3
2011,6,24,15,199,16.1
2011,6,24,16,42,15.8
2011,6,24,17,0,15.7
2011,6,24,18,0,15.7
2011,6,24,19,0,15.5
2011,6,24,20,0,15.2
2011,6,24,21,0,14.8
2011,6,24,22,0,14.2
2011,6,24,23,0,13.6
2011,6,25,0,0,13.2
2011,6,25,1,0,12.9
2011,6,25,2,0,12.7
2011,6,25,3,0,12.4
2011,6,25,4,0,12.3
2011,6,25,5,0,12.3
2011,6,25,6,0,12.4
2011,6,25,7,51,13
2011,6,25,8,207,14.2
2011,6,25,9,354,14.8
2011,6,25,10,462,16.3
2011,6,25,11,517,17.1
2011,6,25,12,515,17.7
2011,6,25,13,457,17.9
2011,6,25,14,345,17.7
2011,6,25,15,196,17.1
2011,6,25,16,41,16.3
2011,6,25,17,0,15.6
2011,6,25,18,0,15.2
2011,6,25,19,0,14.7
2011,6,25,20,0,14.3
2011,6,25,21,0,14
2011,6,25,22,0,13.6
2011,6,25,23,0,13.2
2011,6,26,0,0,12.9
2011,6,26,1,0,12.5
2011,6,26,2,0,12.1
2011,6,26,3,0,11.7
2011,6,26,4,0,11.3
2011,6,26,5,0,10.8
2011,6,26,6,0,10.4
2011,6,26,7,53,10.8
2011,6,26,8,216,11.8
2011,6,26,9,368,12.4
2011,6,26,10,482,14.5
2011,6,26,11,535,15.7
2011,6,26,12,532,16.7
2011,6,26,13,477,17.5
2011,6,26,14,358,17.9
2011,6,26,15,203,17.8
2011,6,26,16,42,17.4
2011,6,26,17,0,17
2011,6,26,18,0,16.4
2011,6,26,19,0,15.6
2011,6,26,20,0,14.6
2011,6,26,21,0,13.7
2011,6,26,22,0,12.9
2011,6,26,23,0,12.2
2011,6,27,0,0,11.6
2011,6,27,1,0,11.2
2011,6,27,2,0,10.8
2011,6,27,3,0,10.6
2011,6,27,4,0,10.5
2011,6,27,5,0,10.6
2011,6,27,6,0,10.9
2011,6,27,7,52,11.8
2011,6,27,8,210,13.3
2011,6,27,9,360,14.1
2011,6,27,10,468,16.4
2011,6,27,11,521,17.3
2011,6,27,12,516,17.8
2011,6,27,13,459,17.9
2011,6,27,14,345,17.7
2011,6,27,15,195,17
2011,6,27,16,42,16
2011,6,27,17,0,15.4
2011,6,27,18,0,15.1
2011,6,27,19,0,15
2011,6,27,20,0,15
2011,6,27,21,0,15
2011,6,27,22,0,14.9
2011,6,27,23,0,14.8
2011,6,28,0,0,14.6
2011,6,28,1,0,14.5
2011,6,28,2,0,14.5
2011,6,28,3,0,14.4
2011,6,28,4,0,14.3
2011,6,28,5,0,14.2
2011,6,28,6,0,14.3
2011,6,28,7,13,14.9
2011,6,28,8,59,15.8
2011,6,28,9,116,16.3
2011,6,28,10,459,16.7
2011,6,28,11,124,16.8
2011,6,28,12,87,16.8
2011,6,28,13,100,16.7
2011,6,28,14,165,16.5
2011,6,28,15,83,16.1
2011,6,28,16,15,15.6
2011,6,28,17,0,15.3
2011,6,28,18,0,15.2
2011,6,28,19,0,15.3
2011,6,28,20,0,15.4
2011,6,28,21,0,15.6
2011,6,28,22,0,15.8
2011,6,28,23,0,15.8
2011,6,29,0,0,15.8
2011,6,29,1,0,15.8
2011,6,29,2,0,15.8
2011,6,29,3,0,15.7
2011,6,29,4,0,15.7
2011,6,29,5,0,15.8
2011,6,29,6,0,15.8
2011,6,29,7,28,16
2011,6,29,8,132,16.4
2011,6,29,9,244,16.6
2011,6,29,10,348,17.2
2011,6,29,11,89,17.5
2011,6,29,12,508,17.7
2011,6,29,13,244,17.5
2011,6,29,14,130,17.1
2011,6,29,15,65,16.7
2011,6,29,16,13,16.4
2011,6,29,17,0,16.2
2011,6,29,18,0,16.1
2011,6,29,19,0,15.9
2011,6,29,20,0,15.8
2011,6,29,21,0,15.7
2011,6,29,22,0,15.7
2011,6,29,23,0,15.7
2011,6,30,0,0,15.6
2011,6,30,1,0,15.5
2011,6,30,2,0,15.4
2011,6,30,3,0,15.4
2011,6,30,4,0,15.4
2011,6,30,5,0,15.4
2011,6,30,6,0,15.5
2011,6,30,7,20,15.8
2011,6,30,8,97,16.2
2011,6,30,9,187,16.4
2011,6,30,10,146,16.6
2011,6,30,11,110,16.7
2011,6,30,12,76,16.8
2011,6,30,13,184,16.8
2011,6,30,14,182,16.5
2011,6,30,15,92,16.2
2011,6,30,16,18,15.9
2011,6,30,17,0,15.8
2011,6,30,18,0,15.7
2011,6,30,19,0,15.6
2011,6,30,20,0,15.5
2011,6,30,21,0,15.4
2011,6,30,22,0,15.3
2011,6,30,23,0,15.2
2011,7,1,0,0,15.1
2011,7,1,1,0,15
2011,7,1,2,0,14.9
2011,7,1,3,0,14.7
2011,7,1,4,0,14.7
2011,7,1,5,0,14.5
2011,7,1,6,0,14.5
2011,7,1,7,26,14.9
2011,7,1,8,124,15.4
2011,7,1,9,232,15.6
2011,7,1,10,452,15.9
2011,7,1,11,191,16.1
2011,7,1,12,142,16.1
2011,7,1,13,252,16
2011,7,1,14,101,15.9
2011,7,1,15,51,15.7
2011,7,1,16,11,15.4
2011,7,1,17,0,15.4
2011,7,1,18,0,15.4
2011,7,1,19,0,15.3
2011,7,1,20,0,15.1
2011,7,1,21,0,15
2011,7,1,22,0,14.9
2011,7,1,23,0,14.8
2011,7,2,0,0,14.8
2011,7,2,1,0,14.6
2011,7,2,2,0,14.5
2011,7,2,3,0,14.4
2011,7,2,4,0,14.3
2011,7,2,5,0,14.3
2011,7,2,6,0,14.3
2011,7,2,7,12,14.6
2011,7,2,8,202,15
2011,7,2,9,350,15.1
2011,7,2,10,459,15.6
2011,7,2,11,517,16
2011,7,2,12,515,16.5
2011,7,2,13,459,16.7
2011,7,2,14,349,16.8
2011,7,2,15,200,16.6
2011,7,2,16,46,16.1
2011,7,2,17,0,15.8
2011,7,2,18,0,15.7
2011,7,2,19,0,15.5
2011,7,2,20,0,15.1
2011,7,2,21,0,14.6
2011,7,2,22,0,14.2
2011,7,2,23,0,13.8
2011,7,3,0,0,13.4
2011,7,3,1,0,13.1
2011,7,3,2,0,12.7
2011,7,3,3,0,12.3
2011,7,3,4,0,12
2011,7,3,5,0,11.7
2011,7,3,6,0,11.7
2011,7,3,7,51,12.3
2011,7,3,8,209,13.5
2011,7,3,9,359,14.1
2011,7,3,10,470,16
2011,7,3,11,527,17.2
2011,7,3,12,525,18.1
2011,7,3,13,467,18.5
2011,7,3,14,353,18.5
2011,7,3,15,202,18
2011,7,3,16,46,17.2
2011,7,3,17,0,16.5
2011,7,3,18,0,15.9
2011,7,3,19,0,15.5
2011,7,3,20,0,15.1
2011,7,3,21,0,14.7
2011,7,3,22,0,14.4
2011,7,3,23,0,14.2
2011,7,4,0,0,14.1
2011,7,4,1,0,14
2011,7,4,2,0,14
2011,7,4,3,0,14
2011,7,4,4,0,13.9
2011,7,4,5,0,13.8
2011,7,4,6,0,13.8
2011,7,4,7,46,14.2
2011,7,4,8,197,15
2011,7,4,9,342,15.4
2011,7,4,10,457,17.3
2011,7,4,11,513,18.5
2011,7,4,12,512,19.2
2011,7,4,13,363,19.5
2011,7,4,14,157,19.4
2011,7,4,15,80,18.7
2011,7,4,16,16,17.6
2011,7,4,17,0,16.7
2011,7,4,18,0,16
2011,7,4,19,0,15.4
2011,7,4,20,0,14.9
2011,7,4,21,0,14.4
2011,7,4,22,0,14.1
2011,7,4,23,0,13.9
2011,7,5,0,0,13.7
2011,7,5,1,0,13.6
2011,7,5,2,0,13.3
2011,7,5,3,0,13.2
2011,7,5,4,0,13
2011,7,5,5,0,12.9
2011,7,5,6,0,13
2011,7,5,7,29,13.4
2011,7,5,8,219,13.9
2011,7,5,9,373,14.2
2011,7,5,10,482,15
2011,7,5,11,541,15.4
2011,7,5,12,399,15.6
2011,7,5,13,483,15.6
2011,7,5,14,371,15.4
2011,7,5,15,216,14.8
2011,7,5,16,53,14.1
2011,7,5,17,0,13.6
2011,7,5,18,0,13.2
2011,7,5,19,0,13
2011,7,5,20,0,12.8
2011,7,5,21,0,12.6
2011,7,5,22,0,12.4
2011,7,5,23,0,12.2
2011,7,6,0,0,12
2011,7,6,1,0,11.9
2011,7,6,2,0,11.8
2011,7,6,3,0,11.7
2011,7,6,4,0,11.7
2011,7,6,5,0,11.6
2011,7,6,6,0,11.7
2011,7,6,7,55,12.3
2011,7,6,8,219,13.3
2011,7,6,9,372,13.7
2011,7,6,10,481,14.7
2011,7,6,11,537,15.1
2011,7,6,12,535,15.4
2011,7,6,13,421,15.5
2011,7,6,14,363,15.3
2011,7,6,15,212,14.9
2011,7,6,16,52,14.1
2011,7,6,17,0,13.4
2011,7,6,18,0,13
2011,7,6,19,0,12.7
2011,7,6,20,0,12.6
2011,7,6,21,0,12.6
2011,7,6,22,0,12.7
2011,7,6,23,0,12.8
2011,7,7,0,0,12.9
2011,7,7,1,0,12.9
2011,7,7,2,0,12.9
2011,7,7,3,0,12.8
2011,7,7,4,0,12.9
2011,7,7,5,0,12.9
2011,7,7,6,0,13.1
2011,7,7,7,29,13.6
2011,7,7,8,214,14.2
2011,7,7,9,366,14.4
2011,7,7,10,474,15.1
2011,7,7,11,534,15.4
2011,7,7,12,534,15.6
2011,7,7,13,476,15.6
2011,7,7,14,364,15.4
2011,7,7,15,213,14.8
2011,7,7,16,52,14
2011,7,7,17,0,13.3
2011,7,7,18,0,12.6
2011,7,7,19,0,12
2011,7,7,20,0,11.4
2011,7,7,21,0,11.1
2011,7,7,22,0,10.8
2011,7,7,23,0,10.6
2011,7,8,0,0,10.3
2011,7,8,1,0,9.9
2011,7,8,2,0,9.6
2011,7,8,3,0,9.3
2011,7,8,4,0,9
2011,7,8,5,0,8.7
2011,7,8,6,0,8.6
2011,7,8,7,30,9.2
2011,7,8,8,224,10.3
2011,7,8,9,380,10.8
2011,7,8,10,495,12.6
2011,7,8,11,556,13.5
2011,7,8,12,556,14.4
2011,7,8,13,496,15.2
2011,7,8,14,384,15.7
2011,7,8,15,227,15.4
2011,7,8,16,58,14.6
2011,7,8,17,0,13.4
2011,7,8,18,0,12
2011,7,8,19,0,10.6
2011,7,8,20,0,9.6
2011,7,8,21,0,9
2011,7,8,22,0,8.5
2011,7,8,23,0,8.2
2011,7,9,0,0,7.9
2011,7,9,1,0,7.7
2011,7,9,2,0,7.6
2011,7,9,3,0,7.5
2011,7,9,4,0,7.5
2011,7,9,5,0,7.6
2011,7,9,6,0,8
2011,7,9,7,30,9.1
2011,7,9,8,140,10.6
2011,7,9,9,378,11.3
2011,7,9,10,490,13.3
2011,7,9,11,550,14.3
2011,7,9,12,553,15
2011,7,9,13,494,15.4
2011,7,9,14,379,15.3
2011,7,9,15,225,14.5
2011,7,9,16,59,13.4
2011,7,9,17,0,12.4
2011,7,9,18,0,11.7
2011,7,9,19,0,11.1
2011,7,9,20,0,10.6
2011,7,9,21,0,10.2
2011,7,9,22,0,9.9
2011,7,9,23,0,9.6
2011,7,10,0,0,9.3
2011,7,10,1,0,9
2011,7,10,2,0,8.7
2011,7,10,3,0,8.5
2011,7,10,4,0,8.5
2011,7,10,5,0,8.5
2011,7,10,6,0,8.8
2011,7,10,7,36,9.8
2011,7,10,8,229,11.3
2011,7,10,9,387,12
2011,7,10,10,499,13.8
2011,7,10,11,560,14.6
2011,7,10,12,557,15
2011,7,10,13,497,15.1
2011,7,10,14,383,15
2011,7,10,15,226,14.4
2011,7,10,16,60,13.6
2011,7,10,17,0,12.8
2011,7,10,18,0,12.2
2011,7,10,19,0,11.7
2011,7,10,20,0,11.4
2011,7,10,21,0,11.2
2011,7,10,22,0,11.2
2011,7,10,23,0,11.2
2011,7,11,0,0,11.3
2011,7,11,1,0,11.5
2011,7,11,2,0,11.7
2011,7,11,3,0,11.7
2011,7,11,4,0,11.6
2011,7,11,5,0,11.3
2011,7,11,6,0,11.2
2011,7,11,7,35,11.6
2011,7,11,8,221,12.5
2011,7,11,9,376,12.9
2011,7,11,10,491,14.1
2011,7,11,11,551,14.8
2011,7,11,12,548,15.3
2011,7,11,13,491,15.5
2011,7,11,14,377,15.6
2011,7,11,15,223,15.1
2011,7,11,16,59,14.2
2011,7,11,17,0,13.4
2011,7,11,18,0,12.7
2011,7,11,19,0,11.8
2011,7,11,20,0,11
2011,7,11,21,0,10.4
2011,7,11,22,0,10.1
2011,7,11,23,0,10
2011,7,12,0,0,10
2011,7,12,1,0,9.8
2011,7,12,2,0,9.6
2011,7,12,3,0,9.4
2011,7,12,4,0,9.3
2011,7,12,5,0,9.2
2011,7,12,6,0,9.3
2011,7,12,7,58,10
2011,7,12,8,224,11.3
2011,7,12,9,381,12
2011,7,12,10,496,13.8
2011,7,12,11,560,14.8
2011,7,12,12,560,15.7
2011,7,12,13,502,16.5
2011,7,12,14,384,16.9
2011,7,12,15,229,16.6
2011,7,12,16,62,15.6
2011,7,12,17,0,14.6
2011,7,12,18,0,13.6
2011,7,12,19,0,13
2011,7,12,20,0,12.5
2011,7,12,21,0,12.1
2011,7,12,22,0,11.7
2011,7,12,23,0,11.3
2011,7,13,0,0,11
2011,7,13,1,0,10.7
2011,7,13,2,0,10.6
2011,7,13,3,0,10.4
2011,7,13,4,0,10.4
2011,7,13,5,0,10.4
2011,7,13,6,0,10.4
2011,7,13,7,4,10.8
2011,7,13,8,8,11.5
2011,7,13,9,14,12
2011,7,13,10,22,12.8
2011,7,13,11,60,13.5
2011,7,13,12,118,13.9
2011,7,13,13,163,14.1
2011,7,13,14,149,13.9
2011,7,13,15,80,13.6
2011,7,13,16,22,13.3
2011,7,13,17,0,13
2011,7,13,18,0,12.7
2011,7,13,19,0,12.4
2011,7,13,20,0,12.2
2011,7,13,21,0,12.1
2011,7,13,22,0,11.9
2011,7,13,23,0,11.8
2011,7,14,0,0,11.6
2011,7,14,1,0,11.4
2011,7,14,2,0,11.2
2011,7,14,3,0,11
2011,7,14,4,0,10.9
2011,7,14,5,0,10.8
2011,7,14,6,0,10.9
2011,7,14,7,60,11.5
2011,7,14,8,226,12.4
2011,7,14,9,382,12.8
2011,7,14,10,490,13.6
2011,7,14,11,551,14
2011,7,14,12,551,14.1
2011,7,14,13,487,14.3
2011,7,14,14,288,14.2
2011,7,14,15,163,13.8
2011,7,14,16,40,13.2
2011,7,14,17,0,12.8
2011,7,14,18,0,12.6
2011,7,14,19,0,12.4
2011,7,14,20,0,12.3
2011,7,14,21,0,12.3
2011,7,14,22,0,12.3
2011,7,14,23,0,12.2
2011,7,15,0,0,12.2
2011,7,15,1,0,12
2011,7,15,2,0,11.8
2011,7,15,3,0,11.7
2011,7,15,4,0,11.5
2011,7,15,5,0,11.2
2011,7,15,6,0,11.2
2011,7,15,7,24,11.8
2011,7,15,8,105,12.7
2011,7,15,9,232,13.2
2011,7,15,10,79,13.9
2011,7,15,11,173,14.1
2011,7,15,12,248,14.4
2011,7,15,13,247,14.6
2011,7,15,14,250,14.6
2011,7,15,15,137,14.5
2011,7,15,16,33,14.2
2011,7,15,17,0,14.1
2011,7,15,18,0,14
2011,7,15,19,0,13.9
2011,7,15,20,0,13.8
2011,7,15,21,0,13.7
2011,7,15,22,0,13.6
2011,7,15,23,0,13.5
2011,7,16,0,0,13.4
2011,7,16,1,0,13.2
2011,7,16,2,0,13.1
2011,7,16,3,0,13.2
2011,7,16,4,0,13.3
2011,7,16,5,0,13.4
2011,7,16,6,0,13.4
2011,7,16,7,9,13.5
2011,7,16,8,24,13.8
2011,7,16,9,292,13.9
2011,7,16,10,349,14.1
2011,7,16,11,411,14.4
2011,7,16,12,261,14.8
2011,7,16,13,151,15.2
2011,7,16,14,261,15.3
2011,7,16,15,126,15
2011,7,16,16,34,14.6
2011,7,16,17,0,14.3
2011,7,16,18,0,14.2
2011,7,16,19,0,14.1
2011,7,16,20,0,14.1
2011,7,16,21,0,14.1
2011,7,16,22,0,14.1
2011,7,16,23,0,14.1
2011,7,17,0,0,14.1
2011,7,17,1,0,13.9
2011,7,17,2,0,13.8
2011,7,17,3,0,13.6
2011,7,17,4,0,13.5
2011,7,17,5,0,13.4
2011,7,17,6,0,13.6
2011,7,17,7,41,14
2011,7,17,8,157,14.6
2011,7,17,9,253,14.8
2011,7,17,10,159,14.9
2011,7,17,11,261,15
2011,7,17,12,189,15
2011,7,17,13,294,15
2011,7,17,14,104,14.9
2011,7,17,15,16,14.6
2011,7,17,16,5,14.2
2011,7,17,17,0,13.8
2011,7,17,18,0,13.6
2011,7,17,19,0,13.5
2011,7,17,20,0,13.3
2011,7,17,21,0,13.1
2011,7,17,22,0,12.9
2011,7,17,23,0,12.7
2011,7,18,0,0,12.4
2011,7,18,1,0,12.1
2011,7,18,2,0,11.9
2011,7,18,3,0,11.8
2011,7,18,4,0,11.6
2011,7,18,5,0,11.5
2011,7,18,6,0,11.6
2011,7,18,7,10,12.2
2011,7,18,8,29,13.2
2011,7,18,9,301,13.7
2011,7,18,10,487,15.5
2011,7,18,11,547,16.3
2011,7,18,12,547,16.8
2011,7,18,13,492,17.1
2011,7,18,14,380,17.2
2011,7,18,15,71,16.9
2011,7,18,16,18,16.3
2011,7,18,17,0,15.8
2011,7,18,18,0,15.2
2011,7,18,19,0,14.3
2011,7,18,20,0,13.2
2011,7,18,21,0,12.3
2011,7,18,22,0,11.6
2011,7,18,23,0,11.1
2011,7,19,0,0,10.8
2011,7,19,1,0,10.4
2011,7,19,2,0,10
2011,7,19,3,0,9.6
2011,7,19,4,0,9.4
2011,7,19,5,0,9.2
2011,7,19,6,0,9.3
2011,7,19,7,52,10.1
2011,7,19,8,189,11.1
2011,7,19,9,302,11.6
2011,7,19,10,496,12.6
2011,7,19,11,551,13.1
2011,7,19,12,433,13.3
2011,7,19,13,105,13.1
2011,7,19,14,68,12.9
2011,7,19,15,132,12.6
2011,7,19,16,52,12.2
2011,7,19,17,0,11.8
2011,7,19,18,0,11.8
2011,7,19,19,0,12.2
2011,7,19,20,0,12.8
2011,7,19,21,0,13.7
2011,7,19,22,0,14.6
2011,7,19,23,0,15
2011,7,20,0,0,15.1
2011,7,20,1,0,15.3
2011,7,20,2,0,15.4
2011,7,20,3,0,15.4
2011,7,20,4,0,15.4
2011,7,20,5,0,15.3
2011,7,20,6,0,15.4
2011,7,20,7,21,15.5
2011,7,20,8,74,15.6
2011,7,20,9,41,15.6
2011,7,20,10,192,16
2011,7,20,11,265,16.3
2011,7,20,12,353,16.5
2011,7,20,13,165,16.5
2011,7,20,14,116,16.3
2011,7,20,15,56,15.9
2011,7,20,16,15,15.5
2011,7,20,17,0,15.3
2011,7,20,18,0,15.2
2011,7,20,19,0,15
2011,7,20,20,0,14.8
2011,7,20,21,0,14.6
2011,7,20,22,0,14.6
2011,7,20,23,0,14.6
2011,7,21,0,0,14.6
2011,7,21,1,0,14.4
2011,7,21,2,0,14.3
2011,7,21,3,0,14.3
2011,7,21,4,0,14.3
2011,7,21,5,0,14.4
2011,7,21,6,0,14.4
2011,7,21,7,4,14.5
2011,7,21,8,8,14.7
2011,7,21,9,22,14.8
2011,7,21,10,20,14.8
2011,7,21,11,30,14.8
2011,7,21,12,24,14.7
2011,7,21,13,50,14.6
2011,7,21,14,75,14.4
2011,7,21,15,47,14.3
2011,7,21,16,16,14.3
2011,7,21,17,0,14.4
2011,7,21,18,0,14.6
2011,7,21,19,0,14.7
2011,7,21,20,0,14.7
2011,7,21,21,0,14.7
2011,7,21,22,0,14.6
2011,7,21,23,0,14.5
2011,7,22,0,0,14.4
2011,7,22,1,0,14.4
2011,7,22,2,0,14.5
2011,7,22,3,0,14.5
2011,7,22,4,0,14.5
2011,7,22,5,0,14.5
2011,7,22,6,0,14.5
2011,7,22,7,5,14.5
2011,7,22,8,9,14.7
2011,7,22,9,58,14.8
2011,7,22,10,17,14.8
2011,7,22,11,27,14.8
2011,7,22,12,27,14.8
2011,7,22,13,22,14.9
2011,7,22,14,64,14.8
2011,7,22,15,69,14.6
2011,7,22,16,22,14.3
2011,7,22,17,0,14.2
2011,7,22,18,0,14.1
2011,7,22,19,0,14.1
2011,7,22,20,0,14
2011,7,22,21,0,13.9
2011,7,22,22,0,13.7
2011,7,22,23,0,13.6
2011,7,23,0,0,13.5
2011,7,23,1,0,13.4
2011,7,23,2,0,13.3
2011,7,23,3,0,13.2
2011,7,23,4,0,13.1
2011,7,23,5,0,13.1
2011,7,23,6,0,13.2
2011,7,23,7,24,13.4
2011,7,23,8,16,13.8
2011,7,23,9,80,13.9
2011,7,23,10,205,14.6
2011,7,23,11,368,15
2011,7,23,12,248,15.2
2011,7,23,13,315,15.2
2011,7,23,14,308,15.1
2011,7,23,15,162,14.8
2011,7,23,16,45,14.3
2011,7,23,17,0,13.9
2011,7,23,18,0,13.5
2011,7,23,19,0,13.2
2011,7,23,20,0,12.8
2011,7,23,21,0,12.6
2011,7,23,22,0,12.3
2011,7,23,23,0,12
2011,7,24,0,0,11.8
2011,7,24,1,0,11.6
2011,7,24,2,0,11.3
2011,7,24,3,0,11.2
2011,7,24,4,0,11
2011,7,24,5,0,10.9
2011,7,24,6,0,10.9
2011,7,24,7,33,11.4
2011,7,24,8,130,12
2011,7,24,9,272,12.3
2011,7,24,10,391,13.1
2011,7,24,11,399,13.6
2011,7,24,12,417,13.9
2011,7,24,13,281,14
2011,7,24,14,234,13.9
2011,7,24,15,163,13.7
2011,7,24,16,49,13.4
2011,7,24,17,0,13.1
2011,7,24,18,0,12.8
2011,7,24,19,0,12.5
2011,7,24,20,0,12.4
2011,7,24,21,0,12.2
2011,7,24,22,0,11.9
2011,7,24,23,0,11.5
2011,7,25,0,0,11.1
2011,7,25,1,0,10.7
2011,7,25,2,0,10.5
2011,7,25,3,0,10.3
2011,7,25,4,0,10.4
2011,7,25,5,0,10.5
2011,7,25,6,0,10.6
2011,7,25,7,35,11
2011,7,25,8,73,11.7
2011,7,25,9,200,12.2
2011,7,25,10,414,14
2011,7,25,11,376,15.1
2011,7,25,12,354,15.8
2011,7,25,13,237,16.2
2011,7,25,14,231,16.4
2011,7,25,15,248,16.1
2011,7,25,16,26,15.5
2011,7,25,17,0,14.9
2011,7,25,18,0,14.5
2011,7,25,19,0,14
2011,7,25,20,0,13.4
2011,7,25,21,0,12.8
2011,7,25,22,0,12.3
2011,7,25,23,0,11.9
2011,7,26,0,0,11.6
2011,7,26,1,0,11.3
2011,7,26,2,0,11.2
2011,7,26,3,0,11.1
2011,7,26,4,0,11.1
2011,7,26,5,0,11.1
2011,7,26,6,0,11.3
2011,7,26,7,76,12.1
2011,7,26,8,248,13.2
2011,7,26,9,406,13.8
2011,7,26,10,522,15.2
2011,7,26,11,436,15.7
2011,7,26,12,45,16.1
2011,7,26,13,185,16.3
2011,7,26,14,303,16.4
2011,7,26,15,183,16.2
2011,7,26,16,55,15.6
2011,7,26,17,0,15.1
2011,7,26,18,0,14.6
2011,7,26,19,0,14.1
2011,7,26,20,0,13.5
2011,7,26,21,0,12.8
2011,7,26,22,0,12.4
2011,7,26,23,0,12.1
2011,7,27,0,0,11.7
2011,7,27,1,0,11.5
2011,7,27,2,0,11.3
2011,7,27,3,0,11.3
2011,7,27,4,0,11.2
2011,7,27,5,0,11.3
2011,7,27,6,0,11.5
2011,7,27,7,60,12.1
2011,7,27,8,196,12.8
2011,7,27,9,249,13.2
2011,7,27,10,507,14.3
2011,7,27,11,568,14.9
2011,7,27,12,570,15.3
2011,7,27,13,383,15.5
2011,7,27,14,399,15.4
2011,7,27,15,179,15.1
2011,7,27,16,53,14.6
2011,7,27,17,0,14.4
2011,7,27,18,0,14.4
2011,7,27,19,0,14.5
2011,7,27,20,0,14.6
2011,7,27,21,0,14.7
2011,7,27,22,0,14.6
2011,7,27,23,0,14.1
2011,7,28,0,0,13.5
2011,7,28,1,0,13
2011,7,28,2,0,12.5
2011,7,28,3,0,12
2011,7,28,4,0,11.5
2011,7,28,5,0,10.9
2011,7,28,6,0,10.8
2011,7,28,7,77,11.4
2011,7,28,8,249,12.4
2011,7,28,9,409,12.9
2011,7,28,10,531,14.8
2011,7,28,11,595,15.9
2011,7,28,12,597,16.5
2011,7,28,13,540,16.9
2011,7,28,14,424,17
2011,7,28,15,265,16.6
2011,7,28,16,89,15.7
2011,7,28,17,0,14.8
2011,7,28,18,0,14.3
2011,7,28,19,0,13.7
2011,7,28,20,0,13.2
2011,7,28,21,0,12.9
2011,7,28,22,0,12.6
2011,7,28,23,0,12.3
2011,7,29,0,0,11.9
2011,7,29,1,0,11.5
2011,7,29,2,0,11
2011,7,29,3,0,10.5
2011,7,29,4,0,10
2011,7,29,5,0,9.6
2011,7,29,6,0,9.6
2011,7,29,7,84,10.5
2011,7,29,8,264,12
2011,7,29,9,427,12.8
2011,7,29,10,548,14.9
2011,7,29,11,612,15.8
2011,7,29,12,613,16.5
2011,7,29,13,553,16.9
2011,7,29,14,436,17
2011,7,29,15,275,16.6
2011,7,29,16,95,15.8
2011,7,29,17,0,15.2
2011,7,29,18,0,14.8
2011,7,29,19,0,14.6
2011,7,29,20,0,14.3
2011,7,29,21,0,14
2011,7,29,22,0,13.7
2011,7,29,23,0,13.4
2011,7,30,0,0,13
2011,7,30,1,0,12.7
2011,7,30,2,0,12.3
2011,7,30,3,0,11.9
2011,7,30,4,0,11.4
2011,7,30,5,0,10.8
2011,7,30,6,0,10.5
2011,7,30,7,85,11
2011,7,30,8,264,12.2
2011,7,30,9,427,12.8
2011,7,30,10,548,14.8
2011,7,30,11,612,15.8
2011,7,30,12,613,16.5
2011,7,30,13,551,17
2011,7,30,14,433,17.2
2011,7,30,15,270,16.7
2011,7,30,16,93,15.8
2011,7,30,17,0,15.2
2011,7,30,18,0,14.7
2011,7,30,19,0,14.3
2011,7,30,20,0,13.8
2011,7,30,21,0,13.3
2011,7,30,22,0,12.9
2011,7,30,23,0,12.4
2011,7,31,0,0,11.9
2011,7,31,1,0,11.5
2011,7,31,2,0,11
2011,7,31,3,0,10.6
2011,7,31,4,0,10.3
2011,7,31,5,0,9.9
2011,7,31,6,0,9.7
2011,7,31,7,86,10.3
2011,7,31,8,38,11.4
2011,7,31,9,425,12.1
2011,7,31,10,542,15
2011,7,31,11,439,16.4
2011,7,31,12,595,17.1
2011,7,31,13,534,17.4
2011,7,31,14,419,17.6
2011,7,31,15,264,17.4
2011,7,31,16,56,16.7
2011,7,31,17,0,16.1
2011,7,31,18,0,15.7
2011,7,31,19,0,15.3
2011,7,31,20,0,14.8
2011,7,31,21,0,14.3
2011,7,31,22,0,13.8
2011,7,31,23,0,13.2
2011,8,1,0,0,12.7
2011,8,1,1,0,12.1
2011,8,1,2,0,11.7
2011,8,1,3,0,11.3
2011,8,1,4,0,11
2011,8,1,5,0,10.7
2011,8,1,6,0,10.7
2011,8,1,7,85,11.5
2011,8,1,8,259,12.8
2011,8,1,9,69,13.5
2011,8,1,10,535,16.3
2011,8,1,11,597,17.7
2011,8,1,12,595,18.6
2011,8,1,13,541,19
2011,8,1,14,426,19
2011,8,1,15,267,18.4
2011,8,1,16,95,17.5
2011,8,1,17,0,16.8
2011,8,1,18,0,16.4
2011,8,1,19,0,16.1
2011,8,1,20,0,15.8
2011,8,1,21,0,15.4
2011,8,1,22,0,14.8
2011,8,1,23,0,14.2
2011,8,2,0,0,13.6
2011,8,2,1,0,12.9
2011,8,2,2,0,12.3
2011,8,2,3,0,11.7
2011,8,2,4,0,11.1
2011,8,2,5,0,10.6
2011,8,2,6,0,10.5
2011,8,2,7,92,11.2
2011,8,2,8,271,12.6
2011,8,2,9,432,13.3
2011,8,2,10,548,16.1
2011,8,2,11,609,17.6
2011,8,2,12,608,18.5
2011,8,2,13,552,18.9
2011,8,2,14,303,19
2011,8,2,15,275,18.5
2011,8,2,16,99,17.5
2011,8,2,17,0,16.7
2011,8,2,18,0,16.3
2011,8,2,19,0,15.9
2011,8,2,20,0,15.6
2011,8,2,21,0,15.3
2011,8,2,22,0,14.9
2011,8,2,23,0,14.5
2011,8,3,0,0,14.2
2011,8,3,1,0,13.9
2011,8,3,2,0,13.6
2011,8,3,3,0,13.3
2011,8,3,4,0,13
2011,8,3,5,0,13.1
2011,8,3,6,0,13.7
2011,8,3,7,38,14.7
2011,8,3,8,17,15.7
2011,8,3,9,211,16.1
2011,8,3,10,315,17.6
2011,8,3,11,498,18.8
2011,8,3,12,489,19.7
2011,8,3,13,411,20.2
2011,8,3,14,364,20.4
2011,8,3,15,276,20
2011,8,3,16,97,19
2011,8,3,17,0,18.2
2011,8,3,18,0,17.7
2011,8,3,19,0,17.2
2011,8,3,20,0,16.7
2011,8,3,21,0,16.2
2011,8,3,22,0,15.9
2011,8,3,23,0,15.5
2011,8,4,0,0,15
2011,8,4,1,0,14.5
2011,8,4,2,0,13.9
2011,8,4,3,0,13.5
2011,8,4,4,0,13.2
2011,8,4,5,0,12.9
2011,8,4,6,0,12.9
2011,8,4,7,93,13.7
2011,8,4,8,270,14.9
2011,8,4,9,432,15.6
2011,8,4,10,552,18.1
2011,8,4,11,615,19.4
2011,8,4,12,617,20.1
2011,8,4,13,560,20.4
2011,8,4,14,444,20.4
2011,8,4,15,285,19.9
2011,8,4,16,105,18.9
2011,8,4,17,0,18.2
2011,8,4,18,0,17.7
2011,8,4,19,0,17.1
2011,8,4,20,0,16.6
2011,8,4,21,0,16.1
2011,8,4,22,0,15.7
2011,8,4,23,0,15.4
2011,8,5,0,0,14.9
2011,8,5,1,0,14.4
2011,8,5,2,0,13.9
2011,8,5,3,0,13.4
2011,8,5,4,0,13
2011,8,5,5,0,12.5
2011,8,5,6,0,12.5
2011,8,5,7,96,13.3
2011,8,5,8,274,14.7
2011,8,5,9,435,15.5
2011,8,5,10,558,18
2011,8,5,11,623,19.2
2011,8,5,12,624,19.8
2011,8,5,13,565,20.1
2011,8,5,14,446,20
2011,8,5,15,284,19.5
2011,8,5,16,104,18.6
2011,8,5,17,0,17.7
2011,8,5,18,0,17.2
2011,8,5,19,0,16.8
2011,8,5,20,0,16.4
2011,8,5,21,0,15.9
2011,8,5,22,0,15.5
2011,8,5,23,0,15.2
2011,8,6,0,0,14.9
2011,8,6,1,0,14.5
2011,8,6,2,0,14.1
2011,8,6,3,0,13.8
2011,8,6,4,0,13.4
2011,8,6,5,0,13.1
2011,8,6,6,0,13.1
2011,8,6,7,67,13.9
2011,8,6,8,184,15.1
2011,8,6,9,311,15.8
2011,8,6,10,425,17.9
2011,8,6,11,542,18.8
2011,8,6,12,489,19.5
2011,8,6,13,554,19.9
2011,8,6,14,67,20
2011,8,6,15,27,19.6
2011,8,6,16,8,18.8
2011,8,6,17,0,18.1
2011,8,6,18,0,17.7
2011,8,6,19,0,17.3
2011,8,6,20,0,16.9
2011,8,6,21,0,16.6
2011,8,6,22,0,16.1
2011,8,6,23,0,15.7
2011,8,7,0,0,15.4
2011,8,7,1,0,15.2
2011,8,7,2,0,15
2011,8,7,3,0,14.8
2011,8,7,4,0,14.5
2011,8,7,5,0,14.3
2011,8,7,6,0,14.3
2011,8,7,7,41,14.7
2011,8,7,8,138,15.5
2011,8,7,9,265,15.9
2011,8,7,10,543,17.2
2011,8,7,11,607,17.9
2011,8,7,12,370,18.3
2011,8,7,13,137,18.4
2011,8,7,14,47,18.2
2011,8,7,15,26,17.6
2011,8,7,16,10,16.6
2011,8,7,17,0,15.7
2011,8,7,18,0,15.1
2011,8,7,19,0,14.5
2011,8,7,20,0,14.1
2011,8,7,21,0,13.6
2011,8,7,22,0,13.1
2011,8,7,23,0,12.6
2011,8,8,0,0,12.1
2011,8,8,1,0,11.5
2011,8,8,2,0,11
2011,8,8,3,0,10.7
2011,8,8,4,0,10.5
2011,8,8,5,0,10.5
2011,8,8,6,0,10.8
2011,8,8,7,7,11.5
2011,8,8,8,19,12.5
2011,8,8,9,33,13
2011,8,8,10,45,14.3
2011,8,8,11,51,14.8
2011,8,8,12,51,15
2011,8,8,13,45,15.2
2011,8,8,14,34,15.2
2011,8,8,15,20,15
2011,8,8,16,7,14.7
2011,8,8,17,0,14.2
2011,8,8,18,0,13.8
2011,8,8,19,0,13.3
2011,8,8,20,0,12.7
2011,8,8,21,0,12.1
2011,8,8,22,0,11.4
2011,8,8,23,0,10.8
2011,8,9,0,0,10.3
2011,8,9,1,0,10
2011,8,9,2,0,9.8
2011,8,9,3,0,9.6
2011,8,9,4,0,9.4
2011,8,9,5,0,9.3
2011,8,9,6,0,9.5
2011,8,9,7,8,10.2
2011,8,9,8,22,11
2011,8,9,9,54,11.5
2011,8,9,10,46,12.7
2011,8,9,11,52,13.3
2011,8,9,12,66,13.7
2011,8,9,13,49,13.9
2011,8,9,14,34,13.9
2011,8,9,15,20,13.7
2011,8,9,16,7,13.4
2011,8,9,17,0,13.3
2011,8,9,18,0,13.2
2011,8,9,19,0,12.7
2011,8,9,20,0,12.2
2011,8,9,21,0,11.7
2011,8,9,22,0,10.9
2011,8,9,23,0,10.4
2011,8,10,0,0,10.1
2011,8,10,1,0,10
2011,8,10,2,0,9.9
2011,8,10,3,0,9.8
2011,8,10,4,0,9.7
2011,8,10,5,0,9.7
2011,8,10,6,0,10
2011,8,10,7,49,11
2011,8,10,8,186,12.1
2011,8,10,9,346,12.7
2011,8,10,10,519,14.1
2011,8,10,11,591,14.8
2011,8,10,12,612,15.3
2011,8,10,13,499,15.7
2011,8,10,14,152,15.9
2011,8,10,15,36,15.6
2011,8,10,16,9,14.8
2011,8,10,17,0,14.1
2011,8,10,18,0,13.5
2011,8,10,19,0,13
2011,8,10,20,0,12.3
2011,8,10,21,0,11.7
2011,8,10,22,0,11.2
2011,8,10,23,0,10.9
2011,8,11,0,0,10.6
2011,8,11,1,0,10.3
2011,8,11,2,0,10.1
2011,8,11,3,0,9.9
2011,8,11,4,0,9.8
2011,8,11,5,0,9.9
2011,8,11,6,0,10.2
2011,8,11,7,29,11.1
2011,8,11,8,39,12.1
2011,8,11,9,45,12.6
2011,8,11,10,33,13.5
2011,8,11,11,39,13.7
2011,8,11,12,59,13.7
2011,8,11,13,50,13.7
2011,8,11,14,30,13.5
2011,8,11,15,17,13.4
2011,8,11,16,8,13.3
2011,8,11,17,0,13.6
2011,8,11,18,0,13.8
2011,8,11,19,0,13.9
2011,8,11,20,0,13.8
2011,8,11,21,0,13.8
2011,8,11,22,0,13.7
2011,8,11,23,0,13.7
2011,8,12,0,0,13.9
2011,8,12,1,0,14.1
2011,8,12,2,0,14.2
2011,8,12,3,0,14.3
2011,8,12,4,0,14.3
2011,8,12,5,0,14.3
2011,8,12,6,0,14.5
2011,8,12,7,15,15
2011,8,12,8,42,15.4
2011,8,12,9,71,15.5
2011,8,12,10,107,16.1
2011,8,12,11,157,16.3
2011,8,12,12,175,16.3
2011,8,12,13,168,16.2
2011,8,12,14,155,16.1
2011,8,12,15,96,15.9
2011,8,12,16,27,15.4
2011,8,12,17,0,15.1
2011,8,12,18,0,14.9
2011,8,12,19,0,14.8
2011,8,12,20,0,14.8
2011,8,12,21,0,14.7
2011,8,12,22,0,14.5
2011,8,12,23,0,14.2
2011,8,13,0,0,13.8
2011,8,13,1,0,13.3
2011,8,13,2,0,12.8
2011,8,13,3,0,12.4
2011,8,13,4,0,12
2011,8,13,5,0,11.6
2011,8,13,6,0,11.7
2011,8,13,7,40,12.5
2011,8,13,8,76,13.6
2011,8,13,9,105,14.1
2011,8,13,10,103,15.6
2011,8,13,11,110,16.3
2011,8,13,12,114,16.7
2011,8,13,13,92,16.9
2011,8,13,14,60,16.8
2011,8,13,15,32,16.4
2011,8,13,16,16,15.8
2011,8,13,17,0,15.3
2011,8,13,18,0,15.2
2011,8,13,19,0,15.3
2011,8,13,20,0,15.3
2011,8,13,21,0,15.3
2011,8,13,22,0,15.2
2011,8,13,23,0,15.2
2011,8,14,0,0,15.2
2011,8,14,1,0,15.2
2011,8,14,2,0,15
2011,8,14,3,0,14.8
2011,8,14,4,0,14.6
2011,8,14,5,0,14.3
2011,8,14,6,0,14.2
2011,8,14,7,16,14.3
2011,8,14,8,34,14.5
2011,8,14,9,54,14.6
2011,8,14,10,59,14.6
2011,8,14,11,47,14.7
2011,8,14,12,42,14.8
2011,8,14,13,46,14.9
2011,8,14,14,36,14.9
2011,8,14,15,21,14.7
2011,8,14,16,8,14.2
2011,8,14,17,0,13.8
2011,8,14,18,0,13.8
2011,8,14,19,0,13.8
2011,8,14,20,0,13.9
2011,8,14,21,0,13.9
2011,8,14,22,0,13.8
2011,8,14,23,0,13.6
2011,8,15,0,0,13.3
2011,8,15,1,0,13.2
2011,8,15,2,0,13
2011,8,15,3,0,12.9
2011,8,15,4,0,12.8
2011,8,15,5,0,12.7
2011,8,15,6,0,13
2011,8,15,7,8,13.8
2011,8,15,8,21,14.6
2011,8,15,9,36,14.8
2011,8,15,10,48,15.3
2011,8,15,11,41,15.4
2011,8,15,12,41,15.5
2011,8,15,13,34,15.6
2011,8,15,14,24,15.6
2011,8,15,15,14,15.4
2011,8,15,16,7,14.9
2011,8,15,17,0,14.4
2011,8,15,18,0,14.3
2011,8,15,19,0,14.3
2011,8,15,20,0,14.4
2011,8,15,21,0,14.4
2011,8,15,22,0,14.4
2011,8,15,23,0,14.4
2011,8,16,0,0,14.4
2011,8,16,1,0,14.3
2011,8,16,2,0,14.2
2011,8,16,3,0,14
2011,8,16,4,0,13.9
2011,8,16,5,0,13.7
2011,8,16,6,0,13.7
2011,8,16,7,18,14.2
2011,8,16,8,32,14.9
2011,8,16,9,50,15.2
2011,8,16,10,66,15.9
2011,8,16,11,308,16.4
2011,8,16,12,657,16.7
2011,8,16,13,596,16.9
2011,8,16,14,477,16.8
2011,8,16,15,313,16.4
2011,8,16,16,129,15.6
2011,8,16,17,0,14.9
2011,8,16,18,0,14.6
2011,8,16,19,0,14.4
2011,8,16,20,0,14.3
2011,8,16,21,0,14.2
2011,8,16,22,0,14.1
2011,8,16,23,0,14
2011,8,17,0,0,13.9
2011,8,17,1,0,13.8
2011,8,17,2,0,13.7
2011,8,17,3,0,13.7
2011,8,17,4,0,13.9
2011,8,17,5,0,14
2011,8,17,6,0,14.4
2011,8,17,7,54,15
2011,8,17,8,142,15.4
2011,8,17,9,224,15.5
2011,8,17,10,99,15.7
2011,8,17,11,98,15.8
2011,8,17,12,172,16
2011,8,17,13,213,16
2011,8,17,14,259,16
2011,8,17,15,56,16
2011,8,17,16,23,15.8
2011,8,17,17,0,15.6
2011,8,17,18,0,15.6
2011,8,17,19,0,15.7
2011,8,17,20,0,15.8
2011,8,17,21,0,15.9
2011,8,17,22,0,15.9
2011,8,17,23,0,15.8
2011,8,18,0,0,15.6
2011,8,18,1,0,15.3
2011,8,18,2,0,14.9
2011,8,18,3,0,14.5
2011,8,18,4,0,13.9
2011,8,18,5,0,13.3
2011,8,18,6,0,12.9
2011,8,18,7,135,13.1
2011,8,18,8,118,13.8
2011,8,18,9,272,14.3
2011,8,18,10,433,15.2
2011,8,18,11,680,15.8
2011,8,18,12,681,16.2
2011,8,18,13,619,16.4
2011,8,18,14,497,16.4
2011,8,18,15,329,16
2011,8,18,16,138,15.2
2011,8,18,17,0,14.3
2011,8,18,18,0,13.6
2011,8,18,19,0,12.9
2011,8,18,20,0,12.2
2011,8,18,21,0,11.6
2011,8,18,22,0,11.1
2011,8,18,23,0,10.8
2011,8,19,0,0,10.7
2011,8,19,1,0,10.5
2011,8,19,2,0,10.5
2011,8,19,3,0,10.5
2011,8,19,4,0,10.4
2011,8,19,5,0,10.4
2011,8,19,6,0,10.7
2011,8,19,7,38,11.4
2011,8,19,8,40,12.2
2011,8,19,9,163,12.6
2011,8,19,10,580,13.8
2011,8,19,11,52,14.7
2011,8,19,12,34,15.4
2011,8,19,13,302,15.8
2011,8,19,14,227,15.9
2011,8,19,15,205,15.8
2011,8,19,16,80,15.7
2011,8,19,17,0,15.6
2011,8,19,18,0,15.5
2011,8,19,19,0,15.4
2011,8,19,20,0,15.3
2011,8,19,21,0,15.2
2011,8,19,22,0,15.1
2011,8,19,23,0,15.1
2011,8,20,0,0,15
2011,8,20,1,0,15
2011,8,20,2,0,15
2011,8,20,3,0,15
2011,8,20,4,0,14.9
2011,8,20,5,0,14.9
2011,8,20,6,0,15.2
2011,8,20,7,147,15.8
2011,8,20,8,336,16.3
2011,8,20,9,322,16.5
2011,8,20,10,626,16.8
2011,8,20,11,686,16.9
2011,8,20,12,683,16.9
2011,8,20,13,614,16.8
2011,8,20,14,491,16.6
2011,8,20,15,324,16.3
2011,8,20,16,72,15.7
2011,8,20,17,0,15.2
2011,8,20,18,0,15
2011,8,20,19,0,14.9
2011,8,20,20,0,14.9
2011,8,20,21,0,14.9
2011,8,20,22,0,15
2011,8,20,23,0,15
2011,8,21,0,0,15.1
2011,8,21,1,0,15.1
2011,8,21,2,0,15
2011,8,21,3,0,14.8
2011,8,21,4,0,14.7
2011,8,21,5,0,14.7
2011,8,21,6,0,15
2011,8,21,7,151,15.6
2011,8,21,8,342,16.1
2011,8,21,9,510,16.3
2011,8,21,10,198,16.6
2011,8,21,11,297,16.6
2011,8,21,12,478,16.6
2011,8,21,13,191,16.5
2011,8,21,14,234,16.2
2011,8,21,15,189,15.9
2011,8,21,16,70,15.5
2011,8,21,17,0,15.2
2011,8,21,18,0,15
2011,8,21,19,0,15
2011,8,21,20,0,14.9
2011,8,21,21,0,14.9
2011,8,21,22,0,14.8
2011,8,21,23,0,14.7
2011,8,22,0,0,14.5
2011,8,22,1,0,14.3
2011,8,22,2,0,14.2
2011,8,22,3,0,14.1
2011,8,22,4,0,14.1
2011,8,22,5,0,14.2
2011,8,22,6,0,14.4
2011,8,22,7,160,14.9
2011,8,22,8,354,15.3
2011,8,22,9,521,15.6
2011,8,22,10,643,16
2011,8,22,11,705,16.3
2011,8,22,12,701,16.4
2011,8,22,13,634,16.3
2011,8,22,14,367,16.2
2011,8,22,15,228,15.9
2011,8,22,16,147,15.5
2011,8,22,17,0,15.2
2011,8,22,18,0,15.2
2011,8,22,19,0,15.2
2011,8,22,20,0,15.2
2011,8,22,21,0,15.2
2011,8,22,22,0,15.3
2011,8,22,23,0,15.3
2011,8,23,0,0,15.3
2011,8,23,1,0,15.3
2011,8,23,2,0,15.1
2011,8,23,3,0,15
2011,8,23,4,0,14.9
2011,8,23,5,0,14.7
2011,8,23,6,0,15
2011,8,23,7,99,15.7
2011,8,23,8,354,16.3
2011,8,23,9,522,16.5
2011,8,23,10,642,17.1
2011,8,23,11,705,17.3
2011,8,23,12,704,17.5
2011,8,23,13,640,17.6
2011,8,23,14,517,17.5
2011,8,23,15,347,17.2
2011,8,23,16,155,16.3
2011,8,23,17,0,15.4
2011,8,23,18,0,14.9
2011,8,23,19,0,14.8
2011,8,23,20,0,14.8
2011,8,23,21,0,14.9
2011,8,23,22,0,14.9
2011,8,23,23,0,14.8
2011,8,24,0,0,14.5
2011,8,24,1,0,14
2011,8,24,2,0,13.4
2011,8,24,3,0,12.8
2011,8,24,4,0,12.5
2011,8,24,5,0,12.3
2011,8,24,6,0,12.5
2011,8,24,7,170,13.5
2011,8,24,8,366,14.8
2011,8,24,9,535,15.5
2011,8,24,10,656,16.8
2011,8,24,11,719,17.3
2011,8,24,12,716,17.7
2011,8,24,13,652,17.9
2011,8,24,14,528,17.9
2011,8,24,15,355,17.6
2011,8,24,16,159,16.7
2011,8,24,17,0,15.7
2011,8,24,18,0,15.2
2011,8,24,19,0,14.8
2011,8,24,20,0,14.4
2011,8,24,21,0,14
2011,8,24,22,0,13.5
2011,8,24,23,0,13.1
2011,8,25,0,0,12.7
2011,8,25,1,0,12.3
2011,8,25,2,0,12
2011,8,25,3,0,11.8
2011,8,25,4,0,11.5
2011,8,25,5,0,11.3
2011,8,25,6,0,11.7
2011,8,25,7,179,12.8
2011,8,25,8,380,14.2
2011,8,25,9,552,14.9
2011,8,25,10,676,17
2011,8,25,11,739,18
2011,8,25,12,736,18.8
2011,8,25,13,669,19.3
2011,8,25,14,537,19.4
2011,8,25,15,362,19.1
2011,8,25,16,162,18.2
2011,8,25,17,0,17.1
2011,8,25,18,0,16.6
2011,8,25,19,0,16.2
2011,8,25,20,0,15.8
2011,8,25,21,0,15.3
2011,8,25,22,0,14.9
2011,8,25,23,0,14.4
2011,8,26,0,0,13.8
2011,8,26,1,0,13.1
2011,8,26,2,0,12.4
2011,8,26,3,0,11.9
2011,8,26,4,0,11.4
2011,8,26,5,0,11
2011,8,26,6,13,11.4
2011,8,26,7,178,12.9
2011,8,26,8,373,14.8
2011,8,26,9,539,15.9
2011,8,26,10,661,17.7
2011,8,26,11,722,18.2
2011,8,26,12,718,18.5
2011,8,26,13,653,18.5
2011,8,26,14,526,18.5
2011,8,26,15,353,18.2
2011,8,26,16,159,17.3
2011,8,26,17,0,16.4
2011,8,26,18,0,15.9
2011,8,26,19,0,15.7
2011,8,26,20,0,15.5
2011,8,26,21,0,15.2
2011,8,26,22,0,14.7
2011,8,26,23,0,14.2
2011,8,27,0,0,13.8
2011,8,27,1,0,13.4
2011,8,27,2,0,13
2011,8,27,3,0,12.6
2011,8,27,4,0,12.4
2011,8,27,5,0,12.3
2011,8,27,6,15,12.8
2011,8,27,7,180,13.9
2011,8,27,8,325,15.2
2011,8,27,9,369,15.9
2011,8,27,10,659,17.6
2011,8,27,11,110,18.1
2011,8,27,12,101,18.3
2011,8,27,13,188,18.5
2011,8,27,14,152,18.5
2011,8,27,15,171,18.1
2011,8,27,16,69,17.4
2011,8,27,17,0,16.7
2011,8,27,18,0,16.4
2011,8,27,19,0,16
2011,8,27,20,0,15.6
2011,8,27,21,0,15.3
2011,8,27,22,0,15.2
2011,8,27,23,0,15
2011,8,28,0,0,14.8
2011,8,28,1,0,14.5
2011,8,28,2,0,14.3
2011,8,28,3,0,13.9
2011,8,28,4,0,13.6
2011,8,28,5,0,13.4
2011,8,28,6,15,14
2011,8,28,7,177,15
2011,8,28,8,372,15.9
2011,8,28,9,541,16.2
2011,8,28,10,661,17.4
2011,8,28,11,722,17.9
2011,8,28,12,718,18.3
2011,8,28,13,654,18.7
2011,8,28,14,525,18.8
2011,8,28,15,353,18.6
2011,8,28,16,160,17.7
2011,8,28,17,0,16.8
2011,8,28,18,0,16.2
2011,8,28,19,0,15.8
2011,8,28,20,0,15.4
2011,8,28,21,0,14.9
2011,8,28,22,0,14.4
2011,8,28,23,0,13.8
2011,8,29,0,0,13.1
2011,8,29,1,0,12.6
2011,8,29,2,0,12.1
2011,8,29,3,0,11.7
2011,8,29,4,0,11.5
2011,8,29,5,0,11.3
2011,8,29,6,2,11.8
2011,8,29,7,190,13
2011,8,29,8,312,14.8
2011,8,29,9,454,15.9
2011,8,29,10,548,18.2
2011,8,29,11,744,19.1
2011,8,29,12,736,19.7
2011,8,29,13,578,19.9
2011,8,29,14,532,19.8
2011,8,29,15,357,19.3
2011,8,29,16,162,18.2
2011,8,29,17,0,17
2011,8,29,18,0,16.4
2011,8,29,19,0,16.1
2011,8,29,20,0,15.9
2011,8,29,21,0,15.6
2011,8,29,22,0,15.4
2011,8,29,23,0,15.1
2011,8,30,0,0,14.8
2011,8,30,1,0,14.5
2011,8,30,2,0,14.3
2011,8,30,3,0,14.1
2011,8,30,4,0,14
2011,8,30,5,0,14
2011,8,30,6,18,14.4
2011,8,30,7,182,15
2011,8,30,8,28,15.4
2011,8,30,9,546,15.5
2011,8,30,10,441,16
2011,8,30,11,724,16.3
2011,8,30,12,490,16.3
2011,8,30,13,645,16.3
2011,8,30,14,517,16.2
2011,8,30,15,347,16
2011,8,30,16,155,15.5
2011,8,30,17,0,14.9
2011,8,30,18,0,14.6
2011,8,30,19,0,14.6
2011,8,30,20,0,14.7
2011,8,30,21,0,14.8
2011,8,30,22,0,14.9
2011,8,30,23,0,14.9
2011,8,31,0,0,14.8
2011,8,31,1,0,14.7
2011,8,31,2,0,14.5
2011,8,31,3,0,14.4
2011,8,31,4,0,14.3
2011,8,31,5,0,14.4
2011,8,31,6,20,14.7
2011,8,31,7,186,15.3
2011,8,31,8,381,15.9
2011,8,31,9,550,16.2
2011,8,31,10,667,16.9
2011,8,31,11,728,17.2
2011,8,31,12,722,17.5
2011,8,31,13,655,17.6
2011,8,31,14,526,17.5
2011,8,31,15,356,17.1
2011,8,31,16,160,16.4
2011,8,31,17,0,15.6
2011,8,31,18,0,15.3
2011,8,31,19,0,15.1
2011,8,31,20,0,15
2011,8,31,21,0,15.1
2011,8,31,22,0,15.1
2011,8,31,23,0,15.2
2011,9,1,0,0,15.2
2011,9,1,1,0,15.2
2011,9,1,2,0,15.1
2011,9,1,3,0,15
2011,9,1,4,0,14.8
2011,9,1,5,0,14.7
2011,9,1,6,21,15.1
2011,9,1,7,114,15.8
2011,9,1,8,253,16.4
2011,9,1,9,545,16.7
2011,9,1,10,541,17.4
2011,9,1,11,725,17.6
2011,9,1,12,723,17.8
2011,9,1,13,658,17.8
2011,9,1,14,530,17.7
2011,9,1,15,358,17.4
2011,9,1,16,163,16.6
2011,9,1,17,0,15.8
2011,9,1,18,0,15.4
2011,9,1,19,0,15.2
2011,9,1,20,0,15.2
2011,9,1,21,0,15.2
2011,9,1,22,0,15.2
2011,9,1,23,0,15.1
2011,9,2,0,0,15
2011,9,2,1,0,14.8
2011,9,2,2,0,14.5
2011,9,2,3,0,14.3
2011,9,2,4,0,14.3
2011,9,2,5,0,14.3
2011,9,2,6,12,14.8
2011,9,2,7,101,15.5
2011,9,2,8,227,15.9
2011,9,2,9,91,16
2011,9,2,10,461,16.2
2011,9,2,11,751,16.4
2011,9,2,12,422,16.4
2011,9,2,13,534,16.3
2011,9,2,14,303,16.2
2011,9,2,15,289,15.9
2011,9,2,16,127,15.4
2011,9,2,17,5,15
2011,9,2,18,0,14.8
2011,9,2,19,0,14.7
2011,9,2,20,0,14.6
2011,9,2,21,0,14.5
2011,9,2,22,0,14.5
2011,9,2,23,0,14.4
2011,9,3,0,0,14.4
2011,9,3,1,0,14.3
2011,9,3,2,0,14.2
2011,9,3,3,0,14.2
2011,9,3,4,0,14.2
2011,9,3,5,0,14.2
2011,9,3,6,15,14.5
2011,9,3,7,216,15.3
2011,9,3,8,265,16.2
2011,9,3,9,590,16.7
2011,9,3,10,705,17.4
2011,9,3,11,764,17.8
2011,9,3,12,760,18.1
2011,9,3,13,694,18.3
2011,9,3,14,564,18.3
2011,9,3,15,387,18.1
2011,9,3,16,183,17.4
2011,9,3,17,14,16.5
2011,9,3,18,0,15.9
2011,9,3,19,0,15.5
2011,9,3,20,0,15.1
2011,9,3,21,0,14.8
2011,9,3,22,0,14.4
2011,9,3,23,0,14.1
2011,9,4,0,0,13.8
2011,9,4,1,0,13.5
2011,9,4,2,0,13.2
2011,9,4,3,0,13
2011,9,4,4,0,12.8
2011,9,4,5,0,12.7
2011,9,4,6,34,13.3
2011,9,4,7,219,14.4
2011,9,4,8,418,15.6
2011,9,4,9,588,16.3
2011,9,4,10,708,17.8
2011,9,4,11,768,18.5
2011,9,4,12,762,19
2011,9,4,13,692,19.3
2011,9,4,14,558,19.3
2011,9,4,15,381,19
2011,9,4,16,179,18.1
2011,9,4,17,13,17.2
2011,9,4,18,0,16.6
2011,9,4,19,0,16.2
2011,9,4,20,0,15.9
2011,9,4,21,0,15.5
2011,9,4,22,0,15.2
2011,9,4,23,0,14.8
2011,9,5,0,0,14.4
2011,9,5,1,0,14.1
2011,9,5,2,0,13.8
2011,9,5,3,0,13.5
2011,9,5,4,0,13.3
2011,9,5,5,0,13.1
2011,9,5,6,14,13.5
2011,9,5,7,208,14.6
2011,9,5,8,402,16.2
2011,9,5,9,327,17.1
2011,9,5,10,410,19.2
2011,9,5,11,289,20
2011,9,5,12,421,20.4
2011,9,5,13,660,20.6
2011,9,5,14,532,20.5
2011,9,5,15,361,20
2011,9,5,16,168,19
2011,9,5,17,11,17.9
2011,9,5,18,0,17.3
2011,9,5,19,0,16.9
2011,9,5,20,0,16.6
2011,9,5,21,0,16.4
2011,9,5,22,0,16.1
2011,9,5,23,0,15.8
2011,9,6,0,0,15.5
2011,9,6,1,0,15.3
2011,9,6,2,0,15
2011,9,6,3,0,14.8
2011,9,6,4,0,14.6
2011,9,6,5,0,14.5
2011,9,6,6,36,15
2011,9,6,7,218,16.1
2011,9,6,8,418,17.4
2011,9,6,9,587,18.1
2011,9,6,10,708,19.9
2011,9,6,11,769,20.6
2011,9,6,12,763,21.1
2011,9,6,13,688,21.3
2011,9,6,14,554,21.3
2011,9,6,15,377,20.8
2011,9,6,16,177,19.9
2011,9,6,17,13,18.9
2011,9,6,18,0,18.3
2011,9,6,19,0,18
2011,9,6,20,0,17.7
2011,9,6,21,0,17.3
2011,9,6,22,0,16.9
2011,9,6,23,0,16.4
2011,9,7,0,0,15.6
2011,9,7,1,0,14.5
2011,9,7,2,0,13.8
2011,9,7,3,0,13.5
2011,9,7,4,0,13.1
2011,9,7,5,0,12.7
2011,9,7,6,38,12.8
2011,9,7,7,222,13.4
2011,9,7,8,428,14.2
2011,9,7,9,604,14.7
2011,9,7,10,731,16.2
2011,9,7,11,790,17
2011,9,7,12,782,17.5
2011,9,7,13,712,17.6
2011,9,7,14,574,17.2
2011,9,7,15,391,16.5
2011,9,7,16,185,15.6
2011,9,7,17,2,14.8
2011,9,7,18,0,14.5
2011,9,7,19,0,14.4
2011,9,7,20,0,14.4
2011,9,7,21,0,14.4
2011,9,7,22,0,14.6
2011,9,7,23,0,14.8
2011,9,8,0,0,14.9
2011,9,8,1,0,14.9
2011,9,8,2,0,14.8
2011,9,8,3,0,14.7
2011,9,8,4,0,14.6
2011,9,8,5,0,14.6
2011,9,8,6,5,15.2
2011,9,8,7,22,16.2
2011,9,8,8,419,16.8
2011,9,8,9,49,17
2011,9,8,10,59,17.3
2011,9,8,11,229,17.4
2011,9,8,12,173,17.4
2011,9,8,13,303,17.4
2011,9,8,14,427,17.3
2011,9,8,15,256,17
2011,9,8,16,113,16.6
2011,9,8,17,10,16.2
2011,9,8,18,0,16
2011,9,8,19,0,15.9
2011,9,8,20,0,15.6
2011,9,8,21,0,15.4
2011,9,8,22,0,15.2
2011,9,8,23,0,15.1
2011,9,9,0,0,14.8
2011,9,9,1,0,14.5
2011,9,9,2,0,14.3
2011,9,9,3,0,14.1
2011,9,9,4,0,14
2011,9,9,5,0,13.7
2011,9,9,6,4,13.1
2011,9,9,7,10,12.5
2011,9,9,8,16,12.4
2011,9,9,9,42,12.4
2011,9,9,10,70,12.8
2011,9,9,11,76,13.3
2011,9,9,12,120,13.5
2011,9,9,13,252,13.7
2011,9,9,14,329,13.9
2011,9,9,15,258,13.9
2011,9,9,16,113,13.5
2011,9,9,17,9,12.9
2011,9,9,18,0,12.6
2011,9,9,19,0,12.4
2011,9,9,20,0,12.1
2011,9,9,21,0,11.9
2011,9,9,22,0,11.6
2011,9,9,23,0,11.5
2011,9,10,0,0,11.3
2011,9,10,1,0,11
2011,9,10,2,0,10.6
2011,9,10,3,0,10.2
2011,9,10,4,0,9.9
2011,9,10,5,0,9.9
2011,9,10,6,57,10.2
2011,9,10,7,255,11
2011,9,10,8,459,11.9
2011,9,10,9,633,12.5
2011,9,10,10,753,13.9
2011,9,10,11,813,14.7
2011,9,10,12,799,15.4
2011,9,10,13,474,15.9
2011,9,10,14,95,16.2
2011,9,10,15,117,16
2011,9,10,16,48,15.4
2011,9,10,17,5,14.7
2011,9,10,18,0,14.3
2011,9,10,19,0,13.9
2011,9,10,20,0,13.6
2011,9,10,21,0,13.3
2011,9,10,22,0,13
2011,9,10,23,0,12.7
2011,9,11,0,0,12.5
2011,9,11,1,0,12.3
2011,9,11,2,0,12.1
2011,9,11,3,0,11.9
2011,9,11,4,0,11.7
2011,9,11,5,0,11.6
2011,9,11,6,60,12.2
2011,9,11,7,261,13.2
2011,9,11,8,466,14.3
2011,9,11,9,638,14.8
2011,9,11,10,760,16
2011,9,11,11,819,16.7
2011,9,11,12,809,17.2
2011,9,11,13,737,17.5
2011,9,11,14,599,17.5
2011,9,11,15,252,17.2
2011,9,11,16,205,16.3
2011,9,11,17,23,15.2
2011,9,11,18,0,14.4
2011,9,11,19,0,13.7
2011,9,11,20,0,13
2011,9,11,21,0,12.5
2011,9,11,22,0,12.4
2011,9,11,23,0,12.4
2011,9,12,0,0,12.3
2011,9,12,1,0,12
2011,9,12,2,0,11.8
2011,9,12,3,0,11.6
2011,9,12,4,0,11.3
2011,9,12,5,0,11.3
2011,9,12,6,59,11.9
2011,9,12,7,255,12.8
2011,9,12,8,458,13.8
2011,9,12,9,630,14.3
2011,9,12,10,754,15.3
2011,9,12,11,813,15.9
2011,9,12,12,804,16.3
2011,9,12,13,733,16.5
2011,9,12,14,595,16.5
2011,9,12,15,411,16.3
2011,9,12,16,203,15.7
2011,9,12,17,22,14.9
2011,9,12,18,0,14.3
2011,9,12,19,0,14
2011,9,12,20,0,13.7
2011,9,12,21,0,13.2
2011,9,12,22,0,12.8
2011,9,12,23,0,12.3
2011,9,13,0,0,11.8
2011,9,13,1,0,11.4
2011,9,13,2,0,11
2011,9,13,3,0,10.4
2011,9,13,4,0,9.8
2011,9,13,5,0,9.3
2011,9,13,6,69,9.7
2011,9,13,7,275,11.1
2011,9,13,8,484,13.1
2011,9,13,9,658,14.2
2011,9,13,10,781,16.3
2011,9,13,11,841,17.4
2011,9,13,12,827,18.5
2011,9,13,13,750,19.2
2011,9,13,14,608,19.7
2011,9,13,15,422,19.8
2011,9,13,16,211,19.2
2011,9,13,17,25,17.9
2011,9,13,18,0,17
2011,9,13,19,0,16.3
2011,9,13,20,0,15.4
2011,9,13,21,0,14.4
2011,9,13,22,0,13.7
2011,9,13,23,0,13.1
2011,9,14,0,0,12.8
2011,9,14,1,0,12.5
2011,9,14,2,0,12.2
2011,9,14,3,0,12
2011,9,14,4,0,11.9
2011,9,14,5,0,12
2011,9,14,6,72,12.8
2011,9,14,7,279,14.4
2011,9,14,8,488,16.1
2011,9,14,9,662,17
2011,9,14,10,782,19.3
2011,9,14,11,840,20.3
2011,9,14,12,830,21
2011,9,14,13,751,21.5
2011,9,14,14,611,21.6
2011,9,14,15,426,21.4
2011,9,14,16,213,20.4
2011,9,14,17,26,19.2
2011,9,14,18,0,18.4
2011,9,14,19,0,17.8
2011,9,14,20,0,17.2
2011,9,14,21,0,16.7
2011,9,14,22,0,16.3
2011,9,14,23,0,15.9
2011,9,15,0,0,15.5
2011,9,15,1,0,15.1
2011,9,15,2,0,14.8
2011,9,15,3,0,14.5
2011,9,15,4,0,14.4
2011,9,15,5,0,14.5
2011,9,15,6,11,15.2
2011,9,15,7,45,16.1
2011,9,15,8,469,16.9
2011,9,15,9,641,17.2
2011,9,15,10,555,17.9
2011,9,15,11,819,18.1
2011,9,15,12,807,18.3
2011,9,15,13,734,18.4
2011,9,15,14,596,18.4
2011,9,15,15,414,18
2011,9,15,16,208,17.1
2011,9,15,17,25,16
2011,9,15,18,0,15.3
2011,9,15,19,0,15
2011,9,15,20,0,14.8
2011,9,15,21,0,14.5
2011,9,15,22,0,14.3
2011,9,15,23,0,14
2011,9,16,0,0,13.7
2011,9,16,1,0,13.3
2011,9,16,2,0,12.9
2011,9,16,3,0,12.6
2011,9,16,4,0,12.3
2011,9,16,5,0,12.2
2011,9,16,6,76,12.7
2011,9,16,7,273,13.9
2011,9,16,8,473,15.8
2011,9,16,9,163,16.9
2011,9,16,10,765,19.5
2011,9,16,11,819,20.6
2011,9,16,12,807,21.5
2011,9,16,13,732,22.1
2011,9,16,14,593,22.6
2011,9,16,15,333,22.6
2011,9,16,16,164,21.6
2011,9,16,17,21,20.5
2011,9,16,18,0,20
2011,9,16,19,0,19.6
2011,9,16,20,0,19.1
2011,9,16,21,0,18.5
2011,9,16,22,0,17.9
2011,9,16,23,0,17.4
2011,9,17,0,0,16.8
2011,9,17,1,0,16.2
2011,9,17,2,0,15.5
2011,9,17,3,0,15
2011,9,17,4,0,14.6
2011,9,17,5,0,14.5
2011,9,17,6,78,15
2011,9,17,7,280,16.3
2011,9,17,8,483,17.8
2011,9,17,9,655,18.5
2011,9,17,10,776,20
2011,9,17,11,832,20.8
2011,9,17,12,816,21.4
2011,9,17,13,633,21.9
2011,9,17,14,593,22.2
2011,9,17,15,282,21.8
2011,9,17,16,130,20.7
2011,9,17,17,25,19.4
2011,9,17,18,0,18.7
2011,9,17,19,0,18.6
2011,9,17,20,0,18.5
2011,9,17,21,0,18.2
2011,9,17,22,0,18
2011,9,17,23,0,17.9
2011,9,18,0,0,18
2011,9,18,1,0,18
2011,9,18,2,0,17.7
2011,9,18,3,0,17.3
2011,9,18,4,0,17
2011,9,18,5,0,17
2011,9,18,6,56,17.6
2011,9,18,7,200,18.6
2011,9,18,8,400,19.7
2011,9,18,9,660,20.4
2011,9,18,10,777,22.8
2011,9,18,11,833,23.4
2011,9,18,12,815,22.8
2011,9,18,13,729,21.5
2011,9,18,14,587,20.1
2011,9,18,15,404,19
2011,9,18,16,205,17.9
2011,9,18,17,26,16.9
2011,9,18,18,0,16.2
2011,9,18,19,0,16.1
2011,9,18,20,0,16
2011,9,18,21,0,16
2011,9,18,22,0,16
2011,9,18,23,0,16.1
2011,9,19,0,0,16.2
2011,9,19,1,0,16.1
2011,9,19,2,0,16
2011,9,19,3,0,15.7
2011,9,19,4,0,15.4
2011,9,19,5,0,15.2
2011,9,19,6,79,15.9
2011,9,19,7,275,17.2
2011,9,19,8,473,18.4
2011,9,19,9,641,18.8
2011,9,19,10,765,20
2011,9,19,11,819,20.6
2011,9,19,12,807,21.1
2011,9,19,13,733,21.4
2011,9,19,14,594,21.4
2011,9,19,15,409,21
2011,9,19,16,202,20
2011,9,19,17,24,18.9
2011,9,19,18,0,18.2
2011,9,19,19,0,18.2
2011,9,19,20,0,18.2
2011,9,19,21,0,18.2
2011,9,19,22,0,18.2
2011,9,19,23,0,18.1
2011,9,20,0,0,18.1
2011,9,20,1,0,18.2
2011,9,20,2,0,18.4
2011,9,20,3,0,18.6
2011,9,20,4,0,18.8
2011,9,20,5,0,19
2011,9,20,6,67,19.4
2011,9,20,7,214,20.2
2011,9,20,8,436,21
2011,9,20,9,534,21.5
2011,9,20,10,748,22.5
2011,9,20,11,816,22.8
2011,9,20,12,814,22.9
2011,9,20,13,745,22.6
2011,9,20,14,615,21.7
2011,9,20,15,437,20.4
2011,9,20,16,230,18.8
2011,9,20,17,37,17.6
2011,9,20,18,0,16.8
2011,9,20,19,0,16.2
2011,9,20,20,0,15.6
2011,9,20,21,0,15.1
2011,9,20,22,0,14.6
2011,9,20,23,0,14.2
2011,9,21,0,0,13.9
2011,9,21,1,0,13.5
2011,9,21,2,0,13.2
2011,9,21,3,0,13
2011,9,21,4,0,12.7
2011,9,21,5,0,12.6
2011,9,21,6,106,13.3
2011,9,21,7,319,14.7
2011,9,21,8,527,16.2
2011,9,21,9,699,16.9
2011,9,21,10,819,18.2
2011,9,21,11,874,19
2011,9,21,12,861,19.7
2011,9,21,13,782,20.1
2011,9,21,14,642,20.3
2011,9,21,15,452,20.2
2011,9,21,16,235,19.3
2011,9,21,17,37,18
2011,9,21,18,0,16.9
2011,9,21,19,0,16.2
2011,9,21,20,0,15.8
2011,9,21,21,0,15.4
2011,9,21,22,0,15.1
2011,9,21,23,0,14.6
2011,9,22,0,0,14
2011,9,22,1,0,13.4
2011,9,22,2,0,12.8
2011,9,22,3,0,12.4
2011,9,22,4,0,12
2011,9,22,5,0,12
2011,9,22,6,103,12.8
2011,9,22,7,314,14.6
2011,9,22,8,523,16.8
2011,9,22,9,695,17.9
2011,9,22,10,825,19.6
2011,9,22,11,879,20.2
2011,9,22,12,863,20.5
2011,9,22,13,780,20.8
2011,9,22,14,637,20.8
2011,9,22,15,446,20.5
2011,9,22,16,230,19.6
2011,9,22,17,36,18.4
2011,9,22,18,0,17.5
2011,9,22,19,0,17.1
2011,9,22,20,0,16.8
2011,9,22,21,0,16.4
2011,9,22,22,0,15.9
2011,9,22,23,0,15.4
2011,9,23,0,0,14.9
2011,9,23,1,0,14.4
2011,9,23,2,0,13.9
2011,9,23,3,0,13.7
2011,9,23,4,0,13.4
2011,9,23,5,0,13.5
2011,9,23,6,107,14.4
2011,9,23,7,321,16.2
2011,9,23,8,531,18.6
2011,9,23,9,705,19.8
2011,9,23,10,818,22.9
2011,9,23,11,867,24.4
2011,9,23,12,846,25.4
2011,9,23,13,772,25.8
2011,9,23,14,627,25
2011,9,23,15,435,22.9
2011,9,23,16,223,20.4
2011,9,23,17,33,18.2
2011,9,23,18,0,17.1
2011,9,23,19,0,16.7
2011,9,23,20,0,16.4
2011,9,23,21,0,16.1
2011,9,23,22,0,15.8
2011,9,23,23,0,15.6
2011,9,24,0,0,15.3
2011,9,24,1,0,15.2
2011,9,24,2,0,15.1
2011,9,24,3,0,15
2011,9,24,4,0,15
2011,9,24,5,0,15.1
2011,9,24,6,7,15.5
2011,9,24,7,295,16.1
2011,9,24,8,41,16.6
2011,9,24,9,191,16.9
2011,9,24,10,763,17.4
2011,9,24,11,117,17.6
2011,9,24,12,69,17.5
2011,9,24,13,533,17.2
2011,9,24,14,50,16.8
2011,9,24,15,110,16.2
2011,9,24,16,39,15.5
2011,9,24,17,22,14.9
2011,9,24,18,0,14.6
2011,9,24,19,0,14.6
2011,9,24,20,0,14.5
2011,9,24,21,0,14.4
2011,9,24,22,0,14.2
2011,9,24,23,0,14.2
2011,9,25,0,0,14.2
2011,9,25,1,0,14.2
2011,9,25,2,0,14.1
2011,9,25,3,0,14.1
2011,9,25,4,0,14.1
2011,9,25,5,0,14.2
2011,9,25,6,81,14.4
2011,9,25,7,241,14.7
2011,9,25,8,264,14.9
2011,9,25,9,32,15
2011,9,25,10,53,15.3
2011,9,25,11,55,15.2
2011,9,25,12,63,15.2
2011,9,25,13,75,15.1
2011,9,25,14,165,15.1
2011,9,25,15,236,15.1
2011,9,25,16,169,15.1
2011,9,25,17,15,14.9
2011,9,25,18,0,14.8
2011,9,25,19,0,14.8
2011,9,25,20,0,14.7
2011,9,25,21,0,14.6
2011,9,25,22,0,14.4
2011,9,25,23,0,14.3
2011,9,26,0,0,14.3
2011,9,26,1,0,14.3
2011,9,26,2,0,14.3
2011,9,26,3,0,14.4
2011,9,26,4,0,14.4
2011,9,26,5,0,14.6
2011,9,26,6,120,15.2
2011,9,26,7,334,15.9
2011,9,26,8,264,16.3
2011,9,26,9,278,16.5
2011,9,26,10,832,16.8
2011,9,26,11,886,17
2011,9,26,12,525,17.2
2011,9,26,13,601,17.3
2011,9,26,14,650,17.2
2011,9,26,15,325,17.1
2011,9,26,16,119,16.6
2011,9,26,17,45,16
2011,9,26,18,0,15.6
2011,9,26,19,0,15.5
2011,9,26,20,0,15.3
2011,9,26,21,0,15.3
2011,9,26,22,0,15.2
2011,9,26,23,0,15.1
2011,9,27,0,0,14.9
2011,9,27,1,0,14.7
2011,9,27,2,0,14.4
2011,9,27,3,0,14.1
2011,9,27,4,0,13.7
2011,9,27,5,0,13.4
2011,9,27,6,91,13.8
2011,9,27,7,338,14.8
2011,9,27,8,546,16.2
2011,9,27,9,482,17
2011,9,27,10,700,18.1
2011,9,27,11,889,18.6
2011,9,27,12,869,18.8
2011,9,27,13,781,18.7
2011,9,27,14,538,18.5
2011,9,27,15,445,18
2011,9,27,16,235,17.4
2011,9,27,17,44,16.7
2011,9,27,18,0,16
2011,9,27,19,0,15.7
2011,9,27,20,0,15.4
2011,9,27,21,0,15.1
2011,9,27,22,0,14.8
2011,9,27,23,0,14.5
2011,9,28,0,0,14.2
2011,9,28,1,0,14
2011,9,28,2,0,13.8
2011,9,28,3,0,13.7
2011,9,28,4,0,13.6
2011,9,28,5,0,13.8
2011,9,28,6,90,14.6
2011,9,28,7,250,15.7
2011,9,28,8,210,16.7
2011,9,28,9,162,17.1
2011,9,28,10,380,18.3
2011,9,28,11,181,18.9
2011,9,28,12,85,19.2
2011,9,28,13,130,19
2011,9,28,14,108,18.5
2011,9,28,15,162,17.9
2011,9,28,16,86,17.4
2011,9,28,17,18,17
2011,9,28,18,0,16.9
2011,9,28,19,0,17
2011,9,28,20,0,17
2011,9,28,21,0,16.9
2011,9,28,22,0,16.8
2011,9,28,23,0,16.7
2011,9,29,0,0,16.5
2011,9,29,1,0,16.4
2011,9,29,2,0,16.3
2011,9,29,3,0,16.2
2011,9,29,4,0,16.2
2011,9,29,5,0,16.2
2011,9,29,6,6,16.5
2011,9,29,7,14,16.8
2011,9,29,8,64,17.3
2011,9,29,9,221,17.5
2011,9,29,10,402,18
2011,9,29,11,734,18.6
2011,9,29,12,883,19.1
2011,9,29,13,800,19.2
2011,9,29,14,125,18.9
2011,9,29,15,471,18.1
2011,9,29,16,167,16.9
2011,9,29,17,52,15.7
2011,9,29,18,0,14.8
2011,9,29,19,0,14.2
2011,9,29,20,0,13.6
2011,9,29,21,0,13.2
2011,9,29,22,0,13.1
2011,9,29,23,0,13.1
2011,9,30,0,0,13
2011,9,30,1,0,13
2011,9,30,2,0,12.9
2011,9,30,3,0,12.9
2011,9,30,4,0,12.8
2011,9,30,5,0,13
2011,9,30,6,44,13.6
2011,9,30,7,125,14.3
2011,9,30,8,437,15
2011,9,30,9,524,15.3
2011,9,30,10,863,16.5
2011,9,30,11,918,17.4
2011,9,30,12,904,18.1
2011,9,30,13,820,18.5
2011,9,30,14,677,18.6
2011,9,30,15,350,18.4
2011,9,30,16,200,17.9
2011,9,30,17,40,16.9
2011,9,30,18,0,15.9
2011,9,30,19,0,15.3
2011,9,30,20,0,14.7
2011,9,30,21,0,14.2
2011,9,30,22,0,13.6
2011,9,30,23,0,13.1
2011,10,1,0,0,12.6
2011,10,1,1,0,12.3
2011,10,1,2,0,12.3
2011,10,1,3,0,12.4
2011,10,1,4,0,12.4
2011,10,1,5,0,12.7
2011,10,1,6,142,13.5
2011,10,1,7,359,14.8
2011,10,1,8,446,16
2011,10,1,9,453,16.5
2011,10,1,10,634,17.8
2011,10,1,11,201,18.1
2011,10,1,12,197,18.2
2011,10,1,13,443,17.9
2011,10,1,14,478,17.5
2011,10,1,15,229,17.1
2011,10,1,16,194,16.6
2011,10,1,17,40,15.9
2011,10,1,18,0,15.5
2011,10,1,19,0,15.2
2011,10,1,20,0,15
2011,10,1,21,0,14.9
2011,10,1,22,0,14.7
2011,10,1,23,0,14.5
2011,10,2,0,0,14.3
2011,10,2,1,0,14.1
2011,10,2,2,0,14.1
2011,10,2,3,0,14.1
2011,10,2,4,0,14.3
2011,10,2,5,0,14.4
2011,10,2,6,26,14.5
2011,10,2,7,68,14.6
2011,10,2,8,131,14.7
2011,10,2,9,306,14.8
2011,10,2,10,465,14.8
2011,10,2,11,499,14.9
2011,10,2,12,487,15
2011,10,2,13,388,15.1
2011,10,2,14,406,15.1
2011,10,2,15,318,15.1
2011,10,2,16,185,15
2011,10,2,17,9,14.7
2011,10,2,18,0,14.4
2011,10,2,19,0,14.3
2011,10,2,20,0,14.2
2011,10,2,21,0,14.1
2011,10,2,22,0,13.9
2011,10,2,23,0,13.7
2011,10,3,0,0,13.5
2011,10,3,1,0,13.3
2011,10,3,2,0,13
2011,10,3,3,0,12.8
2011,10,3,4,0,12.5
2011,10,3,5,0,12.5
2011,10,3,6,23,12.8
2011,10,3,7,66,13.3
2011,10,3,8,396,14.1
2011,10,3,9,746,14.6
2011,10,3,10,439,15.7
2011,10,3,11,899,16.2
2011,10,3,12,883,16.4
2011,10,3,13,656,16.5
2011,10,3,14,519,16.4
2011,10,3,15,314,16.1
2011,10,3,16,147,15.7
2011,10,3,17,28,15.2
2011,10,3,18,0,14.8
2011,10,3,19,0,14.7
2011,10,3,20,0,14.5
2011,10,3,21,0,14.3
2011,10,3,22,0,14
2011,10,3,23,0,13.8
2011,10,4,0,0,13.5
2011,10,4,1,0,13.3
2011,10,4,2,0,13.1
2011,10,4,3,0,13.2
2011,10,4,4,0,13.3
2011,10,4,5,0,13.4
2011,10,4,6,68,14
2011,10,4,7,190,14.8
2011,10,4,8,278,15.6
2011,10,4,9,355,16
2011,10,4,10,626,16.7
2011,10,4,11,605,17
2011,10,4,12,593,17.1
2011,10,4,13,820,17
2011,10,4,14,675,16.8
2011,10,4,15,483,16.5
2011,10,4,16,263,16.1
2011,10,4,17,59,15.5
2011,10,4,18,0,14.9
2011,10,4,19,0,14.6
2011,10,4,20,0,14.4
2011,10,4,21,0,14.3
2011,10,4,22,0,14.3
2011,10,4,23,0,14.2
2011,10,5,0,0,14.1
2011,10,5,1,0,13.8
2011,10,5,2,0,13.5
2011,10,5,3,0,13.4
2011,10,5,4,0,13.2
2011,10,5,5,0,13.4
2011,10,5,6,71,14.1
2011,10,5,7,188,15.1
2011,10,5,8,438,15.8
2011,10,5,9,618,16.2
2011,10,5,10,773,17
2011,10,5,11,587,17.5
2011,10,5,12,572,17.9
2011,10,5,13,462,17.9
2011,10,5,14,215,17.7
2011,10,5,15,241,17.2
2011,10,5,16,133,16.5
2011,10,5,17,30,15.8
2011,10,5,18,0,15.3
2011,10,5,19,0,15
2011,10,5,20,0,14.9
2011,10,5,21,0,14.7
2011,10,5,22,0,14.7
2011,10,5,23,0,14.7
2011,10,6,0,0,14.6
2011,10,6,1,0,14.5
2011,10,6,2,0,14.4
2011,10,6,3,0,14.3
2011,10,6,4,0,14.3
2011,10,6,5,0,14.6
2011,10,6,6,142,15.2
2011,10,6,7,328,16
2011,10,6,8,339,16.8
2011,10,6,9,420,17.3
2011,10,6,10,537,18.1
2011,10,6,11,593,18.3
2011,10,6,12,578,18.3
2011,10,6,13,287,18.1
2011,10,6,14,164,17.7
2011,10,6,15,159,17.3
2011,10,6,16,29,16.8
2011,10,6,17,9,16.3
2011,10,6,18,0,15.9
2011,10,6,19,0,15.7
2011,10,6,20,0,15.5
2011,10,6,21,0,15.2
2011,10,6,22,0,14.9
2011,10,6,23,0,14.7
2011,10,7,0,0,14.7
2011,10,7,1,0,14.8
2011,10,7,2,0,14.9
2011,10,7,3,0,14.9
2011,10,7,4,0,14.9
2011,10,7,5,0,15
2011,10,7,6,20,15.3
2011,10,7,7,53,15.9
2011,10,7,8,558,16.7
2011,10,7,9,721,17.2
2011,10,7,10,830,18.5
2011,10,7,11,879,19.2
2011,10,7,12,862,19.5
2011,10,7,13,778,19.6
2011,10,7,14,634,19.4
2011,10,7,15,450,19
2011,10,7,16,204,18.4
2011,10,7,17,49,17.6
2011,10,7,18,0,17
2011,10,7,19,0,16.8
2011,10,7,20,0,16.7
2011,10,7,21,0,16.7
2011,10,7,22,0,16.6
2011,10,7,23,0,16.6
2011,10,8,0,0,16.5
2011,10,8,1,0,16.4
2011,10,8,2,0,16.2
2011,10,8,3,0,16.1
2011,10,8,4,0,16.1
2011,10,8,5,0,16.2
2011,10,8,6,80,16.6
2011,10,8,7,204,17.1
2011,10,8,8,96,17.6
2011,10,8,9,546,17.9
2011,10,8,10,554,18.4
2011,10,8,11,649,18.7
2011,10,8,12,633,18.9
2011,10,8,13,143,19
2011,10,8,14,196,18.9
2011,10,8,15,344,18.6
2011,10,8,16,227,18.1
2011,10,8,17,27,17.4
2011,10,8,18,0,16.8
2011,10,8,19,0,16.7
2011,10,8,20,0,16.8
2011,10,8,21,0,16.8
2011,10,8,22,0,16.6
2011,10,8,23,0,16.1
2011,10,9,0,0,15.7
2011,10,9,1,0,15.2
2011,10,9,2,0,14.8
2011,10,9,3,0,14.5
2011,10,9,4,0,14.2
2011,10,9,5,4,14.4
2011,10,9,6,91,15.1
2011,10,9,7,226,16
2011,10,9,8,465,17.4
2011,10,9,9,531,18.2
2011,10,9,10,636,19.9
2011,10,9,11,935,20.6
2011,10,9,12,629,20.9
2011,10,9,13,61,21
2011,10,9,14,375,21
2011,10,9,15,318,20.8
2011,10,9,16,189,20.2
2011,10,9,17,74,19.2
2011,10,9,18,0,18.2
2011,10,9,19,0,17.6
2011,10,9,20,0,17
2011,10,9,21,0,16.4
2011,10,9,22,0,15.7
2011,10,9,23,0,15.1
2011,10,10,0,0,14.6
2011,10,10,1,0,14.1
2011,10,10,2,0,13.8
2011,10,10,3,0,13.4
2011,10,10,4,0,13.3
2011,10,10,5,9,13.6
2011,10,10,6,152,14.3
2011,10,10,7,349,15.3
2011,10,10,8,488,16.3
2011,10,10,9,576,16.7
2011,10,10,10,657,17.8
2011,10,10,11,954,18.5
2011,10,10,12,930,19
2011,10,10,13,492,19.3
2011,10,10,14,256,19.3
2011,10,10,15,333,19.1
2011,10,10,16,135,18.5
2011,10,10,17,33,17.5
2011,10,10,18,0,16.8
2011,10,10,19,0,16.7
2011,10,10,20,0,16.5
2011,10,10,21,0,16.2
2011,10,10,22,0,15.9
2011,10,10,23,0,15.3
2011,10,11,0,0,14.6
2011,10,11,1,0,13.9
2011,10,11,2,0,13.3
2011,10,11,3,0,12.9
2011,10,11,4,0,12.5
2011,10,11,5,17,12.8
2011,10,11,6,109,13.7
2011,10,11,7,433,14.9
2011,10,11,8,591,16
2011,10,11,9,650,16.5
2011,10,11,10,678,17.8
2011,10,11,11,710,18.6
2011,10,11,12,428,19.1
2011,10,11,13,859,19.3
2011,10,11,14,706,19.3
2011,10,11,15,508,18.9
2011,10,11,16,288,18.1
2011,10,11,17,76,16.8
2011,10,11,18,0,15.7
2011,10,11,19,0,15.3
2011,10,11,20,0,15.1
2011,10,11,21,0,15
2011,10,11,22,0,15.2
2011,10,11,23,0,15.3
2011,10,12,0,0,15.1
2011,10,12,1,0,14.4
2011,10,12,2,0,13.7
2011,10,12,3,0,13
2011,10,12,4,0,12.4
2011,10,12,5,18,12.5
2011,10,12,6,202,13.5
2011,10,12,7,428,14.9
2011,10,12,8,635,16.2
2011,10,12,9,803,16.7
2011,10,12,10,913,17.9
2011,10,12,11,957,18.4
2011,10,12,12,935,18.5
2011,10,12,13,80,18.3
2011,10,12,14,171,17.8
2011,10,12,15,499,17.1
2011,10,12,16,150,16.4
2011,10,12,17,73,15.5
2011,10,12,18,0,14.8
2011,10,12,19,0,14.6
2011,10,12,20,0,14.5
2011,10,12,21,0,14.5
2011,10,12,22,0,14.5
2011,10,12,23,0,14.5
2011,10,13,0,0,14.5
2011,10,13,1,0,14.5
2011,10,13,2,0,14.6
2011,10,13,3,0,14.7
2011,10,13,4,0,14.7
2011,10,13,5,9,15
2011,10,13,6,121,15.9
2011,10,13,7,284,16.8
2011,10,13,8,176,17.4
2011,10,13,9,659,17.6
2011,10,13,10,908,18.4
2011,10,13,11,955,18.7
2011,10,13,12,930,18.9
2011,10,13,13,639,18.8
2011,10,13,14,683,18.4
2011,10,13,15,492,18
2011,10,13,16,139,17.4
2011,10,13,17,73,16.7
2011,10,13,18,0,16.3
2011,10,13,19,0,16.1
2011,10,13,20,0,16
2011,10,13,21,0,15.8
2011,10,13,22,0,15.7
2011,10,13,23,0,15.6
2011,10,14,0,0,15.6
2011,10,14,1,0,15.6
2011,10,14,2,0,15.7
2011,10,14,3,0,15.8
2011,10,14,4,0,15.9
2011,10,14,5,3,16.2
2011,10,14,6,35,16.9
2011,10,14,7,17,17.6
2011,10,14,8,162,18.2
2011,10,14,9,132,18.4
2011,10,14,10,220,18.7
2011,10,14,11,256,18.8
2011,10,14,12,347,18.7
2011,10,14,13,255,18.7
2011,10,14,14,328,18.6
2011,10,14,15,225,18.3
2011,10,14,16,52,17.9
2011,10,14,17,16,17.5
2011,10,14,18,0,17.3
2011,10,14,19,0,17.3
2011,10,14,20,0,17.3
2011,10,14,21,0,17.3
2011,10,14,22,0,17.3
2011,10,14,23,0,17.4
2011,10,15,0,0,17.5
2011,10,15,1,0,17.6
2011,10,15,2,0,17.7
2011,10,15,3,0,17.8
2011,10,15,4,0,17.8
2011,10,15,5,4,17.9
2011,10,15,6,12,18.2
2011,10,15,7,224,18.4
2011,10,15,8,452,18.7
2011,10,15,9,770,18.8
2011,10,15,10,887,19.9
2011,10,15,11,934,20.7
2011,10,15,12,916,21.3
2011,10,15,13,833,21.6
2011,10,15,14,689,21.6
2011,10,15,15,497,21.3
2011,10,15,16,281,20.7
2011,10,15,17,78,19.8
2011,10,15,18,0,19
2011,10,15,19,0,18.7
2011,10,15,20,0,18.5
2011,10,15,21,0,18.4
2011,10,15,22,0,18.3
2011,10,15,23,0,18.2
2011,10,16,0,0,18.1
2011,10,16,1,0,17.9
2011,10,16,2,0,17.7
2011,10,16,3,0,17.4
2011,10,16,4,0,16.8
2011,10,16,5,28,16.8
2011,10,16,6,222,17.5
2011,10,16,7,449,18.4
2011,10,16,8,661,19.1
2011,10,16,9,831,19.4
2011,10,16,10,943,20.3
2011,10,16,11,987,20.9
2011,10,16,12,965,21.3
2011,10,16,13,877,21.3
2011,10,16,14,725,21
2011,10,16,15,528,20.3
2011,10,16,16,304,19.2
2011,10,16,17,87,17.7
2011,10,16,18,0,16.5
2011,10,16,19,0,16.1
2011,10,16,20,0,15.9
2011,10,16,21,0,15.8
2011,10,16,22,0,15.7
2011,10,16,23,0,15.6
2011,10,17,0,0,15.5
2011,10,17,1,0,15.5
2011,10,17,2,0,15.5
2011,10,17,3,0,15.5
2011,10,17,4,0,15.4
2011,10,17,5,3,15.4
2011,10,17,6,18,15.7
2011,10,17,7,319,16.1
2011,10,17,8,482,16.5
2011,10,17,9,519,16.7
2011,10,17,10,966,17.3
2011,10,17,11,1010,17.6
2011,10,17,12,988,17.8
2011,10,17,13,891,17.7
2011,10,17,14,740,17.5
2011,10,17,15,538,17.2
2011,10,17,16,310,16.7
2011,10,17,17,91,15.9
2011,10,17,18,0,15.2
2011,10,17,19,0,15
2011,10,17,20,0,14.8
2011,10,17,21,0,14.7
2011,10,17,22,0,14.6
2011,10,17,23,0,14.5
2011,10,18,0,0,14.5
2011,10,18,1,0,14.5
2011,10,18,2,0,14.5
2011,10,18,3,0,14.4
2011,10,18,4,0,14.3
2011,10,18,5,4,14.6
2011,10,18,6,19,15.7
2011,10,18,7,318,16.8
2011,10,18,8,655,17.6
2011,10,18,9,823,17.9
2011,10,18,10,934,18.7
2011,10,18,11,981,19.1
2011,10,18,12,961,19.4
2011,10,18,13,874,19.5
2011,10,18,14,725,19.5
2011,10,18,15,532,19.2
2011,10,18,16,306,18.6
2011,10,18,17,91,17.6
2011,10,18,18,0,16.6
2011,10,18,19,0,16.1
2011,10,18,20,0,15.7
2011,10,18,21,0,15.3
2011,10,18,22,0,14.9
2011,10,18,23,0,14.6
2011,10,19,0,0,14.3
2011,10,19,1,0,14
2011,10,19,2,0,13.8
2011,10,19,3,0,13.6
2011,10,19,4,0,13.5
2011,10,19,5,35,13.8
2011,10,19,6,232,15
2011,10,19,7,459,16.5
2011,10,19,8,668,18
2011,10,19,9,839,18.7
2011,10,19,10,953,20.3
2011,10,19,11,999,21.1
2011,10,19,12,976,21.4
2011,10,19,13,888,21.6
2011,10,19,14,740,21.5
2011,10,19,15,543,21.2
2011,10,19,16,317,20.7
2011,10,19,17,98,19.4
2011,10,19,18,0,18
2011,10,19,19,0,17.3
2011,10,19,20,0,16.8
2011,10,19,21,0,16.3
2011,10,19,22,0,16
2011,10,19,23,0,15.6
2011,10,20,0,0,15.2
2011,10,20,1,0,14.8
2011,10,20,2,0,14.4
2011,10,20,3,0,14.1
2011,10,20,4,0,13.7
2011,10,20,5,39,13.9
2011,10,20,6,241,15.1
2011,10,20,7,471,17.1
2011,10,20,8,682,19.4
2011,10,20,9,852,20.4
2011,10,20,10,969,22.1
2011,10,20,11,1016,22.9
2011,10,20,12,993,23.3
2011,10,20,13,902,23.3
2011,10,20,14,747,23.2
2011,10,20,15,549,22.8
2011,10,20,16,317,22.1
2011,10,20,17,97,20.8
2011,10,20,18,0,19.7
2011,10,20,19,0,19.1
2011,10,20,20,0,18.6
2011,10,20,21,0,18.2
2011,10,20,22,0,17.9
2011,10,20,23,0,17.5
2011,10,21,0,0,17.3
2011,10,21,1,0,17.1
2011,10,21,2,0,16.8
2011,10,21,3,0,16.3
2011,10,21,4,0,15.9
2011,10,21,5,13,16
2011,10,21,6,227,17
2011,10,21,7,451,18.6
2011,10,21,8,657,20.8
2011,10,21,9,823,21.9
2011,10,21,10,940,25.4
2011,10,21,11,985,26.5
2011,10,21,12,961,26.8
2011,10,21,13,871,26.5
2011,10,21,14,722,25.9
2011,10,21,15,527,25.2
2011,10,21,16,306,24.1
2011,10,21,17,94,22.4
2011,10,21,18,0,21
2011,10,21,19,0,20.2
2011,10,21,20,0,19.8
2011,10,21,21,0,19.4
2011,10,21,22,0,19.1
2011,10,21,23,0,18.8
2011,10,22,0,0,18.5
2011,10,22,1,0,18.2
2011,10,22,2,0,18
2011,10,22,3,0,17.8
2011,10,22,4,0,17.5
2011,10,22,5,36,17.6
2011,10,22,6,222,18.4
2011,10,22,7,200,19.7
2011,10,22,8,528,20.9
2011,10,22,9,806,21.4
2011,10,22,10,830,22.8
2011,10,22,11,955,23.5
2011,10,22,12,762,23.9
2011,10,22,13,723,24
2011,10,22,14,697,23.9
2011,10,22,15,507,23.5
2011,10,22,16,293,22.8
2011,10,22,17,88,21.6
2011,10,22,18,0,20.6
2011,10,22,19,0,20
2011,10,22,20,0,19.6
2011,10,22,21,0,19.3
2011,10,22,22,0,18.9
2011,10,22,23,0,18.5
2011,10,23,0,0,18.3
2011,10,23,1,0,18.1
2011,10,23,2,0,18.1
2011,10,23,3,0,18.1
2011,10,23,4,0,18.3
2011,10,23,5,27,18.5
2011,10,23,6,57,18.9
2011,10,23,7,155,19.6
2011,10,23,8,631,20.5
2011,10,23,9,604,20.9
2011,10,23,10,818,22.2
2011,10,23,11,824,23.1
2011,10,23,12,809,23.7
2011,10,23,13,856,23.9
2011,10,23,14,711,23.9
2011,10,23,15,518,23.6
2011,10,23,16,302,22.9
2011,10,23,17,95,21.7
2011,10,23,18,0,20.6
2011,10,23,19,0,20.2
2011,10,23,20,0,20.1
2011,10,23,21,0,20
2011,10,23,22,0,19.8
2011,10,23,23,0,19.7
2011,10,24,0,0,19.4
2011,10,24,1,0,19.1
2011,10,24,2,0,18.7
2011,10,24,3,0,18.2
2011,10,24,4,0,17.9
2011,10,24,5,43,18.2
2011,10,24,6,234,19.4
2011,10,24,7,452,21.1
2011,10,24,8,658,23.2
2011,10,24,9,824,24.2
2011,10,24,10,939,25.9
2011,10,24,11,982,26.5
2011,10,24,12,960,26.9
2011,10,24,13,870,27.1
2011,10,24,14,721,27.3
2011,10,24,15,532,27.4
2011,10,24,16,316,26.9
2011,10,24,17,103,25.5
2011,10,24,18,0,24.2
2011,10,24,19,0,23.4
2011,10,24,20,0,22.9
2011,10,24,21,0,22.6
2011,10,24,22,0,22.4
2011,10,24,23,0,22.3
2011,10,25,0,0,21.9
2011,10,25,1,0,21.2
2011,10,25,2,0,20.6
2011,10,25,3,0,20.1
2011,10,25,4,0,19.7
2011,10,25,5,35,19.4
2011,10,25,6,172,19.4
2011,10,25,7,92,19.8
2011,10,25,8,44,20.2
2011,10,25,9,302,20.4
2011,10,25,10,501,19.5
2011,10,25,11,109,18.5
2011,10,25,12,469,17.8
2011,10,25,13,222,17.4
2011,10,25,14,178,17.2
2011,10,25,15,185,16.9
2011,10,25,16,167,16.5
2011,10,25,17,51,16.2
2011,10,25,18,0,16
2011,10,25,19,0,15.8
2011,10,25,20,0,15.7
2011,10,25,21,0,15.6
2011,10,25,22,0,15.6
2011,10,25,23,0,15.6
2011,10,26,0,0,15.5
2011,10,26,1,0,15.5
2011,10,26,2,0,15.4
2011,10,26,3,0,15.4
2011,10,26,4,0,15.3
2011,10,26,5,4,15.4
2011,10,26,6,17,15.7
2011,10,26,7,36,15.9
2011,10,26,8,202,16.1
2011,10,26,9,394,16.2
2011,10,26,10,308,16.6
2011,10,26,11,429,16.9
2011,10,26,12,467,17.3
2011,10,26,13,350,17.5
2011,10,26,14,450,17.5
2011,10,26,15,290,17.3
2011,10,26,16,194,17
2011,10,26,17,57,16.4
2011,10,26,18,0,16
2011,10,26,19,0,15.8
2011,10,26,20,0,15.7
2011,10,26,21,0,15.7
2011,10,26,22,0,15.8
2011,10,26,23,0,16
2011,10,27,0,0,16.2
2011,10,27,1,0,16.2
2011,10,27,2,0,16.3
2011,10,27,3,0,16.3
2011,10,27,4,0,16.2
2011,10,27,5,59,16.5
2011,10,27,6,264,17.1
2011,10,27,7,488,17.6
2011,10,27,8,693,18
2011,10,27,9,857,18.2
2011,10,27,10,284,18.9
2011,10,27,11,224,19.3
2011,10,27,12,232,19.5
2011,10,27,13,416,19.5
2011,10,27,14,242,19.3
2011,10,27,15,547,19
2011,10,27,16,325,18.5
2011,10,27,17,25,17.9
2011,10,27,18,0,17.2
2011,10,27,19,0,16.9
2011,10,27,20,0,16.7
2011,10,27,21,0,16.6
2011,10,27,22,0,16.5
2011,10,27,23,0,16.4
2011,10,28,0,0,16.3
2011,10,28,1,0,16.1
2011,10,28,2,0,15.9
2011,10,28,3,0,15.7
2011,10,28,4,0,15.5
2011,10,28,5,60,16
2011,10,28,6,260,17.3
2011,10,28,7,480,18.7
2011,10,28,8,679,19.6
2011,10,28,9,271,20.1
2011,10,28,10,560,21.1
2011,10,28,11,982,21.5
2011,10,28,12,957,21.7
2011,10,28,13,862,21.7
2011,10,28,14,714,21.7
2011,10,28,15,524,21.4
2011,10,28,16,309,20.9
2011,10,28,17,24,20.1
2011,10,28,18,0,19.2
2011,10,28,19,0,18.7
2011,10,28,20,0,18.5
2011,10,28,21,0,18.4
2011,10,28,22,0,18.3
2011,10,28,23,0,18.2
2011,10,29,0,0,18.1
2011,10,29,1,0,17.9
2011,10,29,2,0,17.6
2011,10,29,3,0,17.5
2011,10,29,4,0,17.5
2011,10,29,5,15,17.9
2011,10,29,6,247,18.7
2011,10,29,7,460,19.8
2011,10,29,8,200,20.9
2011,10,29,9,381,21.4
2011,10,29,10,698,22.4
2011,10,29,11,626,22.8
2011,10,29,12,325,23.3
2011,10,29,13,136,23.9
2011,10,29,14,615,24.3
2011,10,29,15,519,24.5
2011,10,29,16,311,24.1
2011,10,29,17,97,23.1
2011,10,29,18,0,22
2011,10,29,19,0,21.3
2011,10,29,20,0,20.9
2011,10,29,21,0,20.6
2011,10,29,22,0,20.5
2011,10,29,23,0,20.3
2011,10,30,0,0,20.1
2011,10,30,1,0,19.9
2011,10,30,2,0,19.5
2011,10,30,3,0,19.1
2011,10,30,4,0,18.8
2011,10,30,5,12,19
2011,10,30,6,52,19.7
2011,10,30,7,264,20.4
2011,10,30,8,172,20.8
2011,10,30,9,321,20.9
2011,10,30,10,945,21.9
2011,10,30,11,374,23.1
2011,10,30,12,505,23.9
2011,10,30,13,903,24.1
2011,10,30,14,754,23.7
2011,10,30,15,560,22.9
2011,10,30,16,341,21.7
2011,10,30,17,122,20.1
2011,10,30,18,0,18.7
2011,10,30,19,0,17.8
2011,10,30,20,0,17.2
2011,10,30,21,0,17
2011,10,30,22,0,16.8
2011,10,30,23,0,16.5
2011,10,31,0,0,16.3
2011,10,31,1,0,16
2011,10,31,2,0,15.7
2011,10,31,3,0,15.3
2011,10,31,4,0,15.1
2011,10,31,5,71,15.4
2011,10,31,6,281,16
2011,10,31,7,508,16.8
2011,10,31,8,714,17.6
2011,10,31,9,879,18
2011,10,31,10,989,18.8
2011,10,31,11,1028,19.2
2011,10,31,12,1000,19.3
2011,10,31,13,906,19.2
2011,10,31,14,753,18.9
2011,10,31,15,556,18.5
2011,10,31,16,333,18
2011,10,31,17,8,17.3
2011,10,31,18,0,16.9
2011,10,31,19,0,16.6
2011,10,31,20,0,16.4
2011,10,31,21,0,16.2
2011,10,31,22,0,16.1
2011,10,31,23,0,16
2011,11,1,0,0,15.9
2011,11,1,1,0,15.8
2011,11,1,2,0,15.7
2011,11,1,3,0,15.7
2011,11,1,4,0,15.7
2011,11,1,5,5,16
2011,11,1,6,19,16.5
2011,11,1,7,46,17
2011,11,1,8,374,17.5
2011,11,1,9,461,17.8
2011,11,1,10,308,18.9
2011,11,1,11,482,19.5
2011,11,1,12,594,20
2011,11,1,13,674,20.2
2011,11,1,14,737,19.9
2011,11,1,15,545,19.2
2011,11,1,16,333,18.4
2011,11,1,17,120,17.4
2011,11,1,18,0,16.6
2011,11,1,19,0,16.2
2011,11,1,20,0,16.1
2011,11,1,21,0,16
2011,11,1,22,0,16
2011,11,1,23,0,16
2011,11,2,0,0,15.9
2011,11,2,1,0,15.8
2011,11,2,2,0,15.7
2011,11,2,3,0,15.5
2011,11,2,4,0,15.3
2011,11,2,5,70,15.9
2011,11,2,6,229,17.2
2011,11,2,7,295,18.9
2011,11,2,8,298,20.1
2011,11,2,9,346,20.5
2011,11,2,10,671,20.7
2011,11,2,11,866,20.7
2011,11,2,12,986,20.7
2011,11,2,13,850,20.4
2011,11,2,14,411,20
2011,11,2,15,83,19.5
2011,11,2,16,28,18.9
2011,11,2,17,13,18.3
2011,11,2,18,0,17.8
2011,11,2,19,0,17.6
2011,11,2,20,0,17.4
2011,11,2,21,0,17
2011,11,2,22,0,16.6
2011,11,2,23,0,16.2
2011,11,3,0,0,15.8
2011,11,3,1,0,15.4
2011,11,3,2,0,15.1
2011,11,3,3,0,14.9
2011,11,3,4,0,14.7
2011,11,3,5,7,14.7
2011,11,3,6,28,14.6
2011,11,3,7,55,14.7
2011,11,3,8,88,15.2
2011,11,3,9,121,15.6
2011,11,3,10,143,16.2
2011,11,3,11,159,16.4
2011,11,3,12,195,16.6
2011,11,3,13,194,16.9
2011,11,3,14,158,17.2
2011,11,3,15,121,17.3
2011,11,3,16,73,17.2
2011,11,3,17,22,16.9
2011,11,3,18,0,16.4
2011,11,3,19,0,16
2011,11,3,20,0,15.8
2011,11,3,21,0,15.8
2011,11,3,22,0,15.7
2011,11,3,23,0,15.8
2011,11,4,0,0,15.9
2011,11,4,1,0,16
2011,11,4,2,0,16
2011,11,4,3,0,16
2011,11,4,4,0,16.2
2011,11,4,5,23,16.6
2011,11,4,6,71,17.3
2011,11,4,7,119,18.1
2011,11,4,8,154,19
2011,11,4,9,178,19.4
2011,11,4,10,236,20.3
2011,11,4,11,336,20.7
2011,11,4,12,513,20.9
2011,11,4,13,580,20.9
2011,11,4,14,478,20.6
2011,11,4,15,365,20.1
2011,11,4,16,212,19.4
2011,11,4,17,91,18.4
2011,11,4,18,0,17.4
2011,11,4,19,0,16.9
2011,11,4,20,0,16.6
2011,11,4,21,0,16.4
2011,11,4,22,0,16.2
2011,11,4,23,0,16.1
2011,11,5,0,0,16
2011,11,5,1,0,15.9
2011,11,5,2,0,15.9
2011,11,5,3,0,15.9
2011,11,5,4,0,15.9
2011,11,5,5,82,16.5
2011,11,5,6,291,17.8
2011,11,5,7,507,19.1
2011,11,5,8,715,20.2
2011,11,5,9,881,20.8
2011,11,5,10,995,22.2
2011,11,5,11,1045,23
2011,11,5,12,1021,23.6
2011,11,5,13,931,23.9
2011,11,5,14,782,23.8
2011,11,5,15,585,23.4
2011,11,5,16,362,22.6
2011,11,5,17,140,21.3
2011,11,5,18,0,20
2011,11,5,19,0,19.3
2011,11,5,20,0,19
2011,11,5,21,0,18.8
2011,11,5,22,0,18.7
2011,11,5,23,0,18.5
2011,11,6,0,0,18.3
2011,11,6,1,0,18.2
2011,11,6,2,0,18
2011,11,6,3,0,17.8
2011,11,6,4,0,17.7
2011,11,6,5,73,18.2
2011,11,6,6,239,19.4
2011,11,6,7,424,21
2011,11,6,8,591,23.2
2011,11,6,9,723,24.5
2011,11,6,10,506,27
2011,11,6,11,250,27.6
2011,11,6,12,161,27.7
2011,11,6,13,105,27.5
2011,11,6,14,71,27.1
2011,11,6,15,49,26.3
2011,11,6,16,25,25.2
2011,11,6,17,12,24.2
2011,11,6,18,0,23.4
2011,11,6,19,0,22.9
2011,11,6,20,0,22.4
2011,11,6,21,0,22
2011,11,6,22,0,21.7
2011,11,6,23,0,21.5
2011,11,7,0,0,21.3
2011,11,7,1,0,21.1
2011,11,7,2,0,20.9
2011,11,7,3,0,20.7
2011,11,7,4,0,20.5
2011,11,7,5,19,20.7
2011,11,7,6,57,21.5
2011,11,7,7,151,22.7
2011,11,7,8,266,24.1
2011,11,7,9,304,24.8
2011,11,7,10,173,26
2011,11,7,11,135,26.3
2011,11,7,12,106,26.1
2011,11,7,13,97,25.6
2011,11,7,14,81,24.9
2011,11,7,15,52,24
2011,11,7,16,26,22.9
2011,11,7,17,11,21.9
2011,11,7,18,0,21.2
2011,11,7,19,0,20.8
2011,11,7,20,0,20.5
2011,11,7,21,0,20.2
2011,11,7,22,0,20
2011,11,7,23,0,19.8
2011,11,8,0,0,19.6
2011,11,8,1,0,19.4
2011,11,8,2,0,19.3
2011,11,8,3,0,19.2
2011,11,8,4,0,19.4
2011,11,8,5,77,19.8
2011,11,8,6,272,20.7
2011,11,8,7,485,22
2011,11,8,8,679,23.8
2011,11,8,9,652,24.8
2011,11,8,10,377,27.3
2011,11,8,11,267,28.4
2011,11,8,12,194,28.9
2011,11,8,13,150,28.5
2011,11,8,14,100,27.6
2011,11,8,15,59,26.6
2011,11,8,16,32,25.5
2011,11,8,17,13,24.3
2011,11,8,18,0,23.5
2011,11,8,19,0,23
2011,11,8,20,0,22.6
2011,11,8,21,0,22.2
2011,11,8,22,0,21.9
2011,11,8,23,0,21.7
2011,11,9,0,0,21.4
2011,11,9,1,0,21.2
2011,11,9,2,0,21
2011,11,9,3,0,20.7
2011,11,9,4,0,20.6
2011,11,9,5,78,21
2011,11,9,6,248,21.9
2011,11,9,7,399,23.2
2011,11,9,8,507,24.8
2011,11,9,9,599,25.6
2011,11,9,10,355,27
2011,11,9,11,304,27.1
2011,11,9,12,282,27.1
2011,11,9,13,278,27.1
2011,11,9,14,265,27.2
2011,11,9,15,115,26.8
2011,11,9,16,30,26
2011,11,9,17,9,24.9
2011,11,9,18,0,24
2011,11,9,19,0,23.7
2011,11,9,20,0,23.6
2011,11,9,21,0,23.5
2011,11,9,22,0,23.3
2011,11,9,23,0,23
2011,11,10,0,0,22.9
2011,11,10,1,0,22.8
2011,11,10,2,0,22.7
2011,11,10,3,0,22.7
2011,11,10,4,0,22.7
2011,11,10,5,20,23.2
2011,11,10,6,42,23.8
2011,11,10,7,54,24
2011,11,10,8,47,24.3
2011,11,10,9,68,24.5
2011,11,10,10,156,24.9
2011,11,10,11,413,24.8
2011,11,10,12,679,24.6
2011,11,10,13,787,24.8
2011,11,10,14,771,25
2011,11,10,15,604,24.9
2011,11,10,16,378,24.3
2011,11,10,17,156,22.7
2011,11,10,18,0,20.7
2011,11,10,19,0,19.3
2011,11,10,20,0,18.5
2011,11,10,21,0,18
2011,11,10,22,0,17.6
2011,11,10,23,0,17.3
2011,11,11,0,0,17.1
2011,11,11,1,0,17.1
2011,11,11,2,0,17.2
2011,11,11,3,0,17.2
2011,11,11,4,0,17.3
2011,11,11,5,92,18.1
2011,11,11,6,304,19.3
2011,11,11,7,522,20.3
2011,11,11,8,661,21.1
2011,11,11,9,766,21.5
2011,11,11,10,488,22
2011,11,11,11,432,22.1
2011,11,11,12,613,22.1
2011,11,11,13,657,21.9
2011,11,11,14,633,21.5
2011,11,11,15,562,21
2011,11,11,16,367,20.4
2011,11,11,17,150,19.7
2011,11,11,18,0,19
2011,11,11,19,0,18.6
2011,11,11,20,0,18.5
2011,11,11,21,0,18.4
2011,11,11,22,0,18.3
2011,11,11,23,0,18.2
2011,11,12,0,0,18.3
2011,11,12,1,0,18.5
2011,11,12,2,0,18.6
2011,11,12,3,0,18.5
2011,11,12,4,0,18.6
2011,11,12,5,35,19.2
2011,11,12,6,129,19.9
2011,11,12,7,300,20.6
2011,11,12,8,494,21.4
2011,11,12,9,643,21.8
2011,11,12,10,682,22.9
2011,11,12,11,825,23.6
2011,11,12,12,710,23.8
2011,11,12,13,211,23.7
2011,11,12,14,102,23.4
2011,11,12,15,89,22.8
2011,11,12,16,46,22.1
2011,11,12,17,17,21.3
2011,11,12,18,0,20.4
2011,11,12,19,0,19.7
2011,11,12,20,0,19.4
2011,11,12,21,0,19.1
2011,11,12,22,0,18.9
2011,11,12,23,0,18.7
2011,11,13,0,0,18.6
2011,11,13,1,0,18.5
2011,11,13,2,0,18.3
2011,11,13,3,0,18.3
2011,11,13,4,0,18.4
2011,11,13,5,27,18.9
2011,11,13,6,69,19.8
2011,11,13,7,193,20.7
2011,11,13,8,428,21.5
2011,11,13,9,568,21.9
2011,11,13,10,233,22.7
2011,11,13,11,157,23.1
2011,11,13,12,126,23.2
2011,11,13,13,84,23.2
2011,11,13,14,55,23
2011,11,13,15,34,22.5
2011,11,13,16,19,21.8
2011,11,13,17,10,21.1
2011,11,13,18,0,20.5
2011,11,13,19,0,20.1
2011,11,13,20,0,20
2011,11,13,21,0,19.9
2011,11,13,22,0,19.8
2011,11,13,23,0,19.7
2011,11,14,0,0,19.6
2011,11,14,1,0,19.4
2011,11,14,2,0,19.2
2011,11,14,3,0,19.1
2011,11,14,4,0,19.2
2011,11,14,5,87,19.7
2011,11,14,6,286,20.9
2011,11,14,7,502,22.5
2011,11,14,8,674,24.3
2011,11,14,9,812,25.2
2011,11,14,10,893,27.9
2011,11,14,11,917,29.3
2011,11,14,12,804,30.2
2011,11,14,13,457,30.6
2011,11,14,14,254,30.6
2011,11,14,15,217,30.6
2011,11,14,16,208,30.3
2011,11,14,17,124,29.2
2011,11,14,18,0,27.7
2011,11,14,19,0,26.3
2011,11,14,20,0,24.6
2011,11,14,21,0,22.6
2011,11,14,22,0,21.1
2011,11,14,23,0,20.3
2011,11,15,0,0,19.8
2011,11,15,1,0,19.4
2011,11,15,2,0,19.1
2011,11,15,3,0,18.8
2011,11,15,4,0,18.6
2011,11,15,5,99,19.1
2011,11,15,6,310,20
2011,11,15,7,531,21
2011,11,15,8,735,21.9
2011,11,15,9,899,22.3
2011,11,15,10,1003,23.3
2011,11,15,11,1016,23.8
2011,11,15,12,966,24.1
2011,11,15,13,924,24.1
2011,11,15,14,750,23.8
2011,11,15,15,553,23.2
2011,11,15,16,351,22.2
2011,11,15,17,145,21.1
2011,11,15,18,0,20.1
2011,11,15,19,0,19.6
2011,11,15,20,0,19.4
2011,11,15,21,0,19.3
2011,11,15,22,0,19.2
2011,11,15,23,0,19.1
2011,11,16,0,0,18.9
2011,11,16,1,0,18.7
2011,11,16,2,0,18.5
2011,11,16,3,0,18.4
2011,11,16,4,0,18.5
2011,11,16,5,85,19.1
2011,11,16,6,231,20.3
2011,11,16,7,390,21.3
2011,11,16,8,441,22.1
2011,11,16,9,461,22.4
2011,11,16,10,277,22.4
2011,11,16,11,209,22
2011,11,16,12,178,21.5
2011,11,16,13,154,20.9
2011,11,16,14,112,20.3
2011,11,16,15,62,19.7
2011,11,16,16,32,19.3
2011,11,16,17,15,18.9
2011,11,16,18,0,18.6
2011,11,16,19,0,18.5
2011,11,16,20,0,18.5
2011,11,16,21,0,18.4
2011,11,16,22,0,18.2
2011,11,16,23,0,18
2011,11,17,0,0,17.8
2011,11,17,1,0,17.7
2011,11,17,2,0,17.7
2011,11,17,3,0,17.7
2011,11,17,4,0,17.8
2011,11,17,5,16,18
2011,11,17,6,30,18.2
2011,11,17,7,52,18.3
2011,11,17,8,79,18.5
2011,11,17,9,107,18.6
2011,11,17,10,129,19.2
2011,11,17,11,164,19.6
2011,11,17,12,205,20
2011,11,17,13,225,20.2
2011,11,17,14,171,20.2
2011,11,17,15,65,20
2011,11,17,16,27,19.7
2011,11,17,17,17,19.1
2011,11,17,18,1,18.4
2011,11,17,19,0,18.1
2011,11,17,20,0,18.1
2011,11,17,21,0,18.1
2011,11,17,22,0,18.3
2011,11,17,23,0,18.4
2011,11,18,0,0,18.4
2011,11,18,1,0,18.4
2011,11,18,2,0,18.3
2011,11,18,3,0,18.2
2011,11,18,4,0,18.3
2011,11,18,5,91,18.7
2011,11,18,6,276,19.4
2011,11,18,7,379,20.4
2011,11,18,8,471,21.5
2011,11,18,9,634,22.1
2011,11,18,10,865,23.2
2011,11,18,11,888,23.7
2011,11,18,12,835,23.9
2011,11,18,13,799,23.9
2011,11,18,14,734,23.8
2011,11,18,15,603,23.4
2011,11,18,16,389,22.7
2011,11,18,17,172,21.8
2011,11,18,18,12,20.8
2011,11,18,19,0,20
2011,11,18,20,0,19.6
2011,11,18,21,0,19.3
2011,11,18,22,0,19.1
2011,11,18,23,0,19
2011,11,19,0,0,18.9
2011,11,19,1,0,18.7
2011,11,19,2,0,18.6
2011,11,19,3,0,18.4
2011,11,19,4,0,18.5
2011,11,19,5,100,19.3
2011,11,19,6,304,20.7
2011,11,19,7,520,22.4
2011,11,19,8,721,24.2
2011,11,19,9,880,25.2
2011,11,19,10,990,27.4
2011,11,19,11,1036,28.3
2011,11,19,12,848,28.8
2011,11,19,13,681,28.9
2011,11,19,14,464,28.7
2011,11,19,15,179,28.3
2011,11,19,16,84,27.3
2011,11,19,17,57,25.9
2011,11,19,18,6,24.6
2011,11,19,19,0,23.9
2011,11,19,20,0,23.8
2011,11,19,21,0,23.9
2011,11,19,22,0,23.8
2011,11,19,23,0,23.6
2011,11,20,0,0,23.2
2011,11,20,1,0,22.7
2011,11,20,2,0,22.2
2011,11,20,3,0,21.9
2011,11,20,4,0,21.6
2011,11,20,5,20,21.7
2011,11,20,6,65,22
2011,11,20,7,209,22.8
2011,11,20,8,504,24.2
2011,11,20,9,696,25.1
2011,11,20,10,814,27.8
2011,11,20,11,710,29.3
2011,11,20,12,355,30.1
2011,11,20,13,174,29.4
2011,11,20,14,103,27.4
2011,11,20,15,66,25.2
2011,11,20,16,44,23.5
2011,11,20,17,24,22.3
2011,11,20,18,3,21.5
2011,11,20,19,0,21
2011,11,20,20,0,20.3
2011,11,20,21,0,19.5
2011,11,20,22,0,18.8
2011,11,20,23,0,18.2
2011,11,21,0,0,17.7
2011,11,21,1,0,17.4
2011,11,21,2,0,17.2
2011,11,21,3,0,17.2
2011,11,21,4,0,17.3
2011,11,21,5,16,18
2011,11,21,6,39,19
2011,11,21,7,97,19.8
2011,11,21,8,155,20.4
2011,11,21,9,204,20.6
2011,11,21,10,275,21.2
2011,11,21,11,334,21.5
2011,11,21,12,322,21.7
2011,11,21,13,294,21.8
2011,11,21,14,240,21.7
2011,11,21,15,151,21.3
2011,11,21,16,79,20.6
2011,11,21,17,29,19.9
2011,11,21,18,4,19.3
2011,11,21,19,0,19.1
2011,11,21,20,0,19
2011,11,21,21,0,18.9
2011,11,21,22,0,19
2011,11,21,23,0,19
2011,11,22,0,0,19
2011,11,22,1,0,18.9
2011,11,22,2,0,18.9
2011,11,22,3,0,18.9
2011,11,22,4,0,19
2011,11,22,5,8,19.2
2011,11,22,6,27,19.4
2011,11,22,7,70,19.9
2011,11,22,8,96,20.6
2011,11,22,9,117,21
2011,11,22,10,88,21.8
2011,11,22,11,97,21.8
2011,11,22,12,104,21.5
2011,11,22,13,115,21
2011,11,22,14,73,20.2
2011,11,22,15,37,19.3
2011,11,22,16,22,18.4
2011,11,22,17,14,17.6
2011,11,22,18,4,16.9
2011,11,22,19,0,16.4
2011,11,22,20,0,15.9
2011,11,22,21,0,15.7
2011,11,22,22,0,15.6
2011,11,22,23,0,15.7
2011,11,23,0,0,15.8
2011,11,23,1,0,15.7
2011,11,23,2,0,15.6
2011,11,23,3,0,15.6
2011,11,23,4,0,15.5
2011,11,23,5,7,15.5
2011,11,23,6,18,15.6
2011,11,23,7,37,16.1
2011,11,23,8,73,16.7
2011,11,23,9,110,17
2011,11,23,10,129,17.7
2011,11,23,11,137,17.9
2011,11,23,12,132,18.1
2011,11,23,13,100,18.2
2011,11,23,14,73,18.3
2011,11,23,15,56,18.3
2011,11,23,16,33,18.2
2011,11,23,17,12,17.8
2011,11,23,18,3,17.5
2011,11,23,19,0,17.4
2011,11,23,20,0,17.5
2011,11,23,21,0,17.6
2011,11,23,22,0,17.7
2011,11,23,23,0,17.8
2011,11,24,0,0,17.7
2011,11,24,1,0,17.6
2011,11,24,2,0,17.6
2011,11,24,3,0,17.5
2011,11,24,4,0,17.5
2011,11,24,5,8,17.6
2011,11,24,6,30,17.9
2011,11,24,7,88,18.2
2011,11,24,8,132,18.4
2011,11,24,9,155,18.4
2011,11,24,10,230,18.3
2011,11,24,11,250,18.3
2011,11,24,12,211,18.1
2011,11,24,13,169,17.8
2011,11,24,14,115,17.6
2011,11,24,15,102,17.6
2011,11,24,16,85,17.6
2011,11,24,17,31,17.4
2011,11,24,18,5,17.1
2011,11,24,19,0,17
2011,11,24,20,0,16.9
2011,11,24,21,0,16.9
2011,11,24,22,0,17
2011,11,24,23,0,17
2011,11,25,0,0,17
2011,11,25,1,0,17.1
2011,11,25,2,0,17.1
2011,11,25,3,0,17.1
2011,11,25,4,0,17.2
2011,11,25,5,13,17.5
2011,11,25,6,31,17.9
2011,11,25,7,60,18.2
2011,11,25,8,91,18.5
2011,11,25,9,120,18.6
2011,11,25,10,118,19.1
2011,11,25,11,127,19.3
2011,11,25,12,124,19.2
2011,11,25,13,111,19
2011,11,25,14,88,18.8
2011,11,25,15,44,18.7
2011,11,25,16,24,18.6
2011,11,25,17,15,18.5
2011,11,25,18,4,18.5
2011,11,25,19,0,18.6
2011,11,25,20,0,18.8
2011,11,25,21,0,18.9
2011,11,25,22,0,19.2
2011,11,25,23,0,19.4
2011,11,26,0,0,19.6
2011,11,26,1,0,19.7
2011,11,26,2,0,19.9
2011,11,26,3,0,20.1
2011,11,26,4,0,20.2
2011,11,26,5,10,20.5
2011,11,26,6,38,20.9
2011,11,26,7,134,21.4
2011,11,26,8,319,21.9
2011,11,26,9,538,22.3
2011,11,26,10,180,23.2
2011,11,26,11,77,23.7
2011,11,26,12,77,24
2011,11,26,13,73,24.1
2011,11,26,14,65,24.2
2011,11,26,15,50,24.1
2011,11,26,16,30,23.7
2011,11,26,17,24,23
2011,11,26,18,14,22.1
2011,11,26,19,0,21.3
2011,11,26,20,0,20.6
2011,11,26,21,0,20.2
2011,11,26,22,0,19.7
2011,11,26,23,0,19.3
2011,11,27,0,0,19
2011,11,27,1,0,18.6
2011,11,27,2,0,18.4
2011,11,27,3,0,18.2
2011,11,27,4,0,18.3
2011,11,27,5,119,18.8
2011,11,27,6,333,19.7
2011,11,27,7,556,20.7
2011,11,27,8,755,21.8
2011,11,27,9,913,22.3
2011,11,27,10,1019,23.3
2011,11,27,11,1064,23.7
2011,11,27,12,1044,24.1
2011,11,27,13,963,24.4
2011,11,27,14,823,24.5
2011,11,27,15,636,24.2
2011,11,27,16,419,23.4
2011,11,27,17,199,22.2
2011,11,27,18,25,20.8
2011,11,27,19,0,19.9
2011,11,27,20,0,19.3
2011,11,27,21,0,18.8
2011,11,27,22,0,18.5
2011,11,27,23,0,18.2
2011,11,28,0,0,17.9
2011,11,28,1,0,17.7
2011,11,28,2,0,17.6
2011,11,28,3,0,17.5
2011,11,28,4,0,17.8
2011,11,28,5,115,18.7
2011,11,28,6,326,20
2011,11,28,7,516,21.2
2011,11,28,8,694,22.2
2011,11,28,9,843,22.6
2011,11,28,10,854,23.7
2011,11,28,11,838,24.1
2011,11,28,12,806,24.4
2011,11,28,13,751,24.3
2011,11,28,14,670,24
2011,11,28,15,535,23.4
2011,11,28,16,343,22.7
2011,11,28,17,151,21.8
2011,11,28,18,19,20.9
2011,11,28,19,0,20.4
2011,11,28,20,0,20.1
2011,11,28,21,0,19.8
2011,11,28,22,0,19.5
2011,11,28,23,0,19.2
2011,11,29,0,0,19
2011,11,29,1,0,18.9
2011,11,29,2,0,18.9
2011,11,29,3,0,19
2011,11,29,4,0,19.2
2011,11,29,5,83,19.8
2011,11,29,6,278,20.8
2011,11,29,7,519,21.8
2011,11,29,8,606,22.7
2011,11,29,9,689,23.1
2011,11,29,10,529,23.6
2011,11,29,11,546,23.7
2011,11,29,12,483,23.8
2011,11,29,13,350,23.8
2011,11,29,14,288,23.7
2011,11,29,15,193,23.3
2011,11,29,16,74,22.6
2011,11,29,17,26,22
2011,11,29,18,6,21.6
2011,11,29,19,0,21.4
2011,11,29,20,0,21.4
2011,11,29,21,0,21.3
2011,11,29,22,0,21.3
2011,11,29,23,0,21.2
2011,11,30,0,0,21.1
2011,11,30,1,0,21.1
2011,11,30,2,0,21.1
2011,11,30,3,0,21.1
2011,11,30,4,0,21.1
2011,11,30,5,36,21.5
2011,11,30,6,139,22.1
2011,11,30,7,274,23
2011,11,30,8,437,23.9
2011,11,30,9,584,24.3
2011,11,30,10,801,25.4
2011,11,30,11,587,26
2011,11,30,12,314,26.2
2011,11,30,13,197,26.1
2011,11,30,14,142,25.5
2011,11,30,15,82,24.7
2011,11,30,16,40,23.9
2011,11,30,17,16,23.3
2011,11,30,18,4,22.8
2011,11,30,19,0,22.1
2011,11,30,20,0,21.3
2011,11,30,21,0,20.6
2011,11,30,22,0,19.9
2011,11,30,23,0,19.2
2011,12,1,0,0,18.4
2011,12,1,1,0,17.8
2011,12,1,2,0,17.5
2011,12,1,3,0,17.4
2011,12,1,4,0,17.2
2011,12,1,5,23,17.1
2011,12,1,6,78,17.1
2011,12,1,7,188,17.4
2011,12,1,8,359,17.8
2011,12,1,9,491,18
2011,12,1,10,615,18.4
2011,12,1,11,762,18.5
2011,12,1,12,834,18.6
2011,12,1,13,776,18.5
2011,12,1,14,627,18.4
2011,12,1,15,458,18.2
2011,12,1,16,320,18
2011,12,1,17,123,17.5
2011,12,1,18,18,17
2011,12,1,19,0,16.7
2011,12,1,20,0,16.7
2011,12,1,21,0,16.7
2011,12,1,22,0,16.6
2011,12,1,23,0,16.6
2011,12,2,0,0,16.5
2011,12,2,1,0,16.3
2011,12,2,2,0,16.2
2011,12,2,3,0,16.2
2011,12,2,4,0,16.3
2011,12,2,5,14,16.5
2011,12,2,6,35,16.8
2011,12,2,7,61,17.2
2011,12,2,8,91,17.6
2011,12,2,9,112,17.8
2011,12,2,10,106,18.3
2011,12,2,11,132,18.5
2011,12,2,12,125,18.6
2011,12,2,13,96,18.5
2011,12,2,14,77,18.4
2011,12,2,15,64,18.3
2011,12,2,16,44,18
2011,12,2,17,16,17.5
2011,12,2,18,4,16.9
2011,12,2,19,0,16.5
2011,12,2,20,0,16.3
2011,12,2,21,0,16.2
2011,12,2,22,0,16
2011,12,2,23,0,15.8
2011,12,3,0,0,15.5
2011,12,3,1,0,15.2
2011,12,3,2,0,14.9
2011,12,3,3,0,14.7
2011,12,3,4,0,14.8
2011,12,3,5,21,15.6
2011,12,3,6,55,16.6
2011,12,3,7,133,17.4
2011,12,3,8,287,18.2
2011,12,3,9,397,18.6
2011,12,3,10,782,19.7
2011,12,3,11,1014,20.4
2011,12,3,12,1018,20.9
2011,12,3,13,995,21.2
2011,12,3,14,855,21.2
2011,12,3,15,665,21.1
2011,12,3,16,447,20.6
2011,12,3,17,222,19.7
2011,12,3,18,37,18.7
2011,12,3,19,0,17.9
2011,12,3,20,0,17.6
2011,12,3,21,0,17.3
2011,12,3,22,0,17
2011,12,3,23,0,16.8
2011,12,4,0,0,16.5
2011,12,4,1,0,16.1
2011,12,4,2,0,15.8
2011,12,4,3,0,15.4
2011,12,4,4,0,15.3
2011,12,4,5,55,16
2011,12,4,6,102,17.3
2011,12,4,7,172,18.7
2011,12,4,8,121,19.4
2011,12,4,9,90,19.6
2011,12,4,10,78,18.9
2011,12,4,11,79,17.8
2011,12,4,12,79,17
2011,12,4,13,76,16.8
2011,12,4,14,69,16.9
2011,12,4,15,62,16.8
2011,12,4,16,70,16.6
2011,12,4,17,51,16.1
2011,12,4,18,11,15.7
2011,12,4,19,0,15.5
2011,12,4,20,0,15.3
2011,12,4,21,0,15.1
2011,12,4,22,0,14.9
2011,12,4,23,0,14.7
2011,12,5,0,0,14.6
2011,12,5,1,0,14.3
2011,12,5,2,0,14.2
2011,12,5,3,0,14
2011,12,5,4,0,14
2011,12,5,5,14,14.5
2011,12,5,6,44,15.2
2011,12,5,7,106,16
2011,12,5,8,178,16.6
2011,12,5,9,234,16.9
2011,12,5,10,287,17.5
2011,12,5,11,254,17.8
2011,12,5,12,227,17.9
2011,12,5,13,225,17.8
2011,12,5,14,201,17.7
2011,12,5,15,160,17.5
2011,12,5,16,105,17.2
2011,12,5,17,45,16.8
2011,12,5,18,11,16.3
2011,12,5,19,0,15.9
2011,12,5,20,0,15.7
2011,12,5,21,0,15.6
2011,12,5,22,0,15.5
2011,12,5,23,0,15.4
2011,12,6,0,0,15.3
2011,12,6,1,0,15.2
2011,12,6,2,0,15.2
2011,12,6,3,0,15.2
2011,12,6,4,0,15.3
2011,12,6,5,21,15.6
2011,12,6,6,67,16.1
2011,12,6,7,138,16.6
2011,12,6,8,229,17.1
2011,12,6,9,313,17.4
2011,12,6,10,390,18
2011,12,6,11,437,18.3
2011,12,6,12,389,18.6
2011,12,6,13,294,18.6
2011,12,6,14,160,18.5
2011,12,6,15,89,18.2
2011,12,6,16,50,17.9
2011,12,6,17,23,17.3
2011,12,6,18,6,16.6
2011,12,6,19,0,16
2011,12,6,20,0,15.6
2011,12,6,21,0,15.4
2011,12,6,22,0,15.3
2011,12,6,23,0,15.2
2011,12,7,0,0,15.1
2011,12,7,1,0,15
2011,12,7,2,0,14.9
2011,12,7,3,0,14.9
2011,12,7,4,0,15.1
2011,12,7,5,32,15.9
2011,12,7,6,75,16.9
2011,12,7,7,99,17.7
2011,12,7,8,108,18.3
2011,12,7,9,135,18.6
2011,12,7,10,194,18.7
2011,12,7,11,218,18.7
2011,12,7,12,255,18.6
2011,12,7,13,265,18.7
2011,12,7,14,155,18.8
2011,12,7,15,92,18.6
2011,12,7,16,50,18.2
2011,12,7,17,13,17.6
2011,12,7,18,4,17.1
2011,12,7,19,0,17
2011,12,7,20,0,17.1
2011,12,7,21,0,17.3
2011,12,7,22,0,17.4
2011,12,7,23,0,17.5
2011,12,8,0,0,17.6
2011,12,8,1,0,17.7
2011,12,8,2,0,17.6
2011,12,8,3,0,17.4
2011,12,8,4,0,17.4
2011,12,8,5,7,17.4
2011,12,8,6,15,17.7
2011,12,8,7,29,18
2011,12,8,8,50,18.3
2011,12,8,9,72,18.5
2011,12,8,10,92,19.3
2011,12,8,11,101,19.7
2011,12,8,12,99,20
2011,12,8,13,112,20
2011,12,8,14,118,19.8
2011,12,8,15,90,19.5
2011,12,8,16,51,19.1
2011,12,8,17,25,18.7
2011,12,8,18,10,18.2
2011,12,8,19,0,17.9
2011,12,8,20,0,17.8
2011,12,8,21,0,17.8
2011,12,8,22,0,17.8
2011,12,8,23,0,17.8
2011,12,9,0,0,17.6
2011,12,9,1,0,17.2
2011,12,9,2,0,16.9
2011,12,9,3,0,16.8
2011,12,9,4,0,17.2
2011,12,9,5,13,18.1
2011,12,9,6,39,19
2011,12,9,7,66,19.7
2011,12,9,8,83,20.4
2011,12,9,9,98,20.8
2011,12,9,10,141,21.4
2011,12,9,11,137,21.6
2011,12,9,12,168,21.8
2011,12,9,13,176,21.7
2011,12,9,14,153,21.6
2011,12,9,15,114,21.3
2011,12,9,16,51,20.9
2011,12,9,17,24,20.3
2011,12,9,18,12,19.5
2011,12,9,19,0,19
2011,12,9,20,0,18.7
2011,12,9,21,0,18.5
2011,12,9,22,0,18.3
2011,12,9,23,0,18.3
2011,12,10,0,0,18.3
2011,12,10,1,0,18.3
2011,12,10,2,0,18.2
2011,12,10,3,0,18.1
2011,12,10,4,0,18.1
2011,12,10,5,12,18.6
2011,12,10,6,23,19.4
2011,12,10,7,38,20
2011,12,10,8,57,20.5
2011,12,10,9,80,20.7
2011,12,10,10,93,21.1
2011,12,10,11,102,21.3
2011,12,10,12,113,21.4
2011,12,10,13,119,21.3
2011,12,10,14,97,21.2
2011,12,10,15,58,21.1
2011,12,10,16,27,20.9
2011,12,10,17,11,20.5
2011,12,10,18,5,19.9
2011,12,10,19,0,19.3
2011,12,10,20,0,19
2011,12,10,21,0,18.8
2011,12,10,22,0,18.5
2011,12,10,23,0,18.3
2011,12,11,0,0,18.2
2011,12,11,1,0,18
2011,12,11,2,0,18
2011,12,11,3,0,17.9
2011,12,11,4,0,18.1
2011,12,11,5,7,18.8
2011,12,11,6,15,19.9
2011,12,11,7,29,21.3
2011,12,11,8,50,22.6
2011,12,11,9,72,23.1
2011,12,11,10,92,24.2
2011,12,11,11,102,24.3
2011,12,11,12,99,24
2011,12,11,13,90,23.4
2011,12,11,14,67,22.8
2011,12,11,15,42,22.3
2011,12,11,16,36,21.8
2011,12,11,17,26,21.1
2011,12,11,18,9,20.5
2011,12,11,19,0,20.1
2011,12,11,20,0,19.8
2011,12,11,21,0,19.5
2011,12,11,22,0,19.3
2011,12,11,23,0,19.2
2011,12,12,0,0,19.1
2011,12,12,1,0,19
2011,12,12,2,0,18.9
2011,12,12,3,0,18.7
2011,12,12,4,0,18.5
2011,12,12,5,8,18.2
2011,12,12,6,23,18
2011,12,12,7,46,18
2011,12,12,8,65,18.2
2011,12,12,9,86,18.4
2011,12,12,10,94,18.3
2011,12,12,11,102,18.2
2011,12,12,12,107,18.2
2011,12,12,13,110,18.2
2011,12,12,14,109,18.3
2011,12,12,15,91,18.2
2011,12,12,16,55,18.1
2011,12,12,17,27,17.9
2011,12,12,18,9,17.7
2011,12,12,19,0,17.5
2011,12,12,20,0,17.4
2011,12,12,21,0,17.4
2011,12,12,22,0,17.4
2011,12,12,23,0,17.3
2011,12,13,0,0,17.2
2011,12,13,1,0,17
2011,12,13,2,0,16.8
2011,12,13,3,0,16.7
2011,12,13,4,0,16.8
2011,12,13,5,18,16.9
2011,12,13,6,49,17.3
2011,12,13,7,95,17.8
2011,12,13,8,165,18.3
2011,12,13,9,235,18.5
2011,12,13,10,265,19.1
2011,12,13,11,272,19.4
2011,12,13,12,215,19.6
2011,12,13,13,104,19.8
2011,12,13,14,73,19.8
2011,12,13,15,55,19.5
2011,12,13,16,35,19.1
2011,12,13,17,16,18.7
2011,12,13,18,4,18.3
2011,12,13,19,0,18
2011,12,13,20,0,17.7
2011,12,13,21,0,17.4
2011,12,13,22,0,17.1
2011,12,13,23,0,16.8
2011,12,14,0,0,16.6
2011,12,14,1,0,16.3
2011,12,14,2,0,16.1
2011,12,14,3,0,15.9
2011,12,14,4,0,16
2011,12,14,5,11,16.6
2011,12,14,6,38,17.3
2011,12,14,7,73,17.9
2011,12,14,8,95,18.4
2011,12,14,9,116,18.5
2011,12,14,10,160,18.9
2011,12,14,11,165,19
2011,12,14,12,145,19
2011,12,14,13,158,19
2011,12,14,14,219,18.8
2011,12,14,15,192,18.6
2011,12,14,16,106,18.3
2011,12,14,17,39,17.9
2011,12,14,18,7,17.3
2011,12,14,19,0,16.9
2011,12,14,20,0,16.8
2011,12,14,21,0,16.6
2011,12,14,22,0,16.5
2011,12,14,23,0,16.4
2011,12,15,0,0,16.3
2011,12,15,1,0,16.2
2011,12,15,2,0,16.1
2011,12,15,3,0,16
2011,12,15,4,0,16.1
2011,12,15,5,11,16.8
2011,12,15,6,28,17.6
2011,12,15,7,55,18.2
2011,12,15,8,98,18.8
2011,12,15,9,162,19.1
2011,12,15,10,319,19.7
2011,12,15,11,373,20.1
2011,12,15,12,347,20.3
2011,12,15,13,386,20.2
2011,12,15,14,430,20.1
2011,12,15,15,390,19.8
2011,12,15,16,190,19.4
2011,12,15,17,58,18.9
2011,12,15,18,19,18.1
2011,12,15,19,0,17.4
2011,12,15,20,0,17.1
2011,12,15,21,0,16.9
2011,12,15,22,0,16.6
2011,12,15,23,0,16.4
2011,12,16,0,0,16.2
2011,12,16,1,0,16
2011,12,16,2,0,15.9
2011,12,16,3,0,15.9
2011,12,16,4,0,16.2
2011,12,16,5,30,17
2011,12,16,6,46,17.7
2011,12,16,7,58,18.3
2011,12,16,8,90,18.9
2011,12,16,9,131,19.2
2011,12,16,10,202,19.7
2011,12,16,11,334,20
2011,12,16,12,417,20
2011,12,16,13,499,20
2011,12,16,14,476,19.8
2011,12,16,15,309,19.5
2011,12,16,16,143,19.1
2011,12,16,17,37,18.5
2011,12,16,18,7,17.8
2011,12,16,19,0,17.3
2011,12,16,20,0,17
2011,12,16,21,0,16.8
2011,12,16,22,0,16.6
2011,12,16,23,0,16.5
2011,12,17,0,0,16.4
2011,12,17,1,0,16.3
2011,12,17,2,0,16.1
2011,12,17,3,0,16
2011,12,17,4,0,16.1
2011,12,17,5,13,17
2011,12,17,6,41,18.1
2011,12,17,7,87,18.7
2011,12,17,8,168,19.3
2011,12,17,9,260,19.6
2011,12,17,10,528,20.3
2011,12,17,11,760,20.6
2011,12,17,12,900,20.9
2011,12,17,13,1016,20.9
2011,12,17,14,881,20.7
2011,12,17,15,699,20.4
2011,12,17,16,472,20
2011,12,17,17,261,19.4
2011,12,17,18,63,18.5
2011,12,17,19,0,17.9
2011,12,17,20,0,17.7
2011,12,17,21,0,17.5
2011,12,17,22,0,17.4
2011,12,17,23,0,17.3
2011,12,18,0,0,17.3
2011,12,18,1,0,17.2
2011,12,18,2,0,17.2
2011,12,18,3,0,17.1
2011,12,18,4,0,17.2
2011,12,18,5,31,17.7
2011,12,18,6,97,18.4
2011,12,18,7,225,19.3
2011,12,18,8,398,20.3
2011,12,18,9,540,20.8
2011,12,18,10,587,21.6
2011,12,18,11,667,21.8
2011,12,18,12,682,21.9
2011,12,18,13,592,21.9
2011,12,18,14,408,21.7
2011,12,18,15,244,21.4
2011,12,18,16,157,20.9
2011,12,18,17,98,20.4
2011,12,18,18,33,19.9
2011,12,18,19,0,19.5
2011,12,18,20,0,19.4
2011,12,18,21,0,19.4
2011,12,18,22,0,19.4
2011,12,18,23,0,19.4
2011,12,19,0,0,19.3
2011,12,19,1,0,19.4
2011,12,19,2,0,19.5
2011,12,19,3,0,19.5
2011,12,19,4,0,19.5
2011,12,19,5,23,19.7
2011,12,19,6,43,20
2011,12,19,7,56,20.2
2011,12,19,8,75,20.4
2011,12,19,9,106,20.4
2011,12,19,10,135,20.4
2011,12,19,11,217,20.7
2011,12,19,12,240,21.1
2011,12,19,13,130,21.5
2011,12,19,14,70,21.4
2011,12,19,15,45,21
2011,12,19,16,25,20.5
2011,12,19,17,11,20.1
2011,12,19,18,6,19.9
2011,12,19,19,0,19.8
2011,12,19,20,0,19.7
2011,12,19,21,0,19.6
2011,12,19,22,0,19.5
2011,12,19,23,0,19.4
2011,12,20,0,0,19.3
2011,12,20,1,0,19.1
2011,12,20,2,0,19.1
2011,12,20,3,0,19.1
2011,12,20,4,0,18.9
2011,12,20,5,37,18.8
2011,12,20,6,158,19.1
2011,12,20,7,309,19.7
2011,12,20,8,393,20.3
2011,12,20,9,464,20.6
2011,12,20,10,396,21.2
2011,12,20,11,405,21.2
2011,12,20,12,316,21.2
2011,12,20,13,258,21.1
2011,12,20,14,219,21
2011,12,20,15,196,20.8
2011,12,20,16,279,20.4
2011,12,20,17,251,19.9
2011,12,20,18,41,19.2
2011,12,20,19,0,18.7
2011,12,20,20,0,18.4
2011,12,20,21,0,18.3
2011,12,20,22,0,18.2
2011,12,20,23,0,18.1
2011,12,21,0,0,18
2011,12,21,1,0,18
2011,12,21,2,0,17.9
2011,12,21,3,0,17.9
2011,12,21,4,0,18.1
2011,12,21,5,27,18.7
2011,12,21,6,74,19.5
2011,12,21,7,166,20.2
2011,12,21,8,316,20.8
2011,12,21,9,468,21.1
2011,12,21,10,389,21.3
2011,12,21,11,342,21.2
2011,12,21,12,301,21
2011,12,21,13,240,20.8
2011,12,21,14,185,20.6
2011,12,21,15,146,20.4
2011,12,21,16,75,20.2
2011,12,21,17,35,19.9
2011,12,21,18,13,19.3
2011,12,21,19,0,18.8
2011,12,21,20,0,18.6
2011,12,21,21,0,18.4
2011,12,21,22,0,18.3
2011,12,21,23,0,18.2
2011,12,22,0,0,18.2
2011,12,22,1,0,18.3
2011,12,22,2,0,18.3
2011,12,22,3,0,18.3
2011,12,22,4,0,18.6
2011,12,22,5,19,19.2
2011,12,22,6,58,19.8
2011,12,22,7,90,20.1
2011,12,22,8,113,20.3
2011,12,22,9,136,20.4
2011,12,22,10,78,21.1
2011,12,22,11,102,21.7
2011,12,22,12,101,21.9
2011,12,22,13,87,21.8
2011,12,22,14,122,21.4
2011,12,22,15,71,20.8
2011,12,22,16,36,20.4
2011,12,22,17,23,20
2011,12,22,18,9,19.7
2011,12,22,19,0,19.4
2011,12,22,20,0,19.3
2011,12,22,21,0,19.2
2011,12,22,22,0,19.2
2011,12,22,23,0,19.3
2011,12,23,0,0,19.4
2011,12,23,1,0,19.4
2011,12,23,2,0,19.3
2011,12,23,3,0,19.2
2011,12,23,4,0,19.4
2011,12,23,5,6,20
2011,12,23,6,21,20.6
2011,12,23,7,40,21.3
2011,12,23,8,59,22
2011,12,23,9,71,22.4
2011,12,23,10,77,23.2
2011,12,23,11,78,23.5
2011,12,23,12,78,23.7
2011,12,23,13,77,23.7
2011,12,23,14,66,23.5
2011,12,23,15,43,23.2
2011,12,23,16,24,22.7
2011,12,23,17,13,22.1
2011,12,23,18,6,21.4
2011,12,23,19,0,21
2011,12,23,20,0,20.8
2011,12,23,21,0,20.7
2011,12,23,22,0,20.6
2011,12,23,23,0,20.5
2011,12,24,0,0,20.5
2011,12,24,1,0,20.5
2011,12,24,2,0,20.4
2011,12,24,3,0,20.2
2011,12,24,4,0,20.2
2011,12,24,5,23,20.7
2011,12,24,6,69,21.4
2011,12,24,7,151,22.2
2011,12,24,8,213,23
2011,12,24,9,252,23.4
2011,12,24,10,282,24.2
2011,12,24,11,378,24.5
2011,12,24,12,502,24.7
2011,12,24,13,691,24.6
2011,12,24,14,748,24.5
2011,12,24,15,630,24.1
2011,12,24,16,464,23.6
2011,12,24,17,260,22.9
2011,12,24,18,69,22
2011,12,24,19,0,21.3
2011,12,24,20,0,20.9
2011,12,24,21,0,20.6
2011,12,24,22,0,20.3
2011,12,24,23,0,20.1
2011,12,25,0,0,20
2011,12,25,1,0,20
2011,12,25,2,0,19.9
2011,12,25,3,0,19.7
2011,12,25,4,0,19.9
2011,12,25,5,31,20.6
2011,12,25,6,92,21.7
2011,12,25,7,115,22.7
2011,12,25,8,125,23.5
2011,12,25,9,144,23.9
2011,12,25,10,202,24.6
2011,12,25,11,230,24.9
2011,12,25,12,274,25
2011,12,25,13,199,24.9
2011,12,25,14,110,24.6
2011,12,25,15,82,24.3
2011,12,25,16,83,23.7
2011,12,25,17,77,23
2011,12,25,18,16,22.2
2011,12,25,19,0,21.7
2011,12,25,20,0,21.4
2011,12,25,21,0,21.2
2011,12,25,22,0,21
2011,12,25,23,0,20.8
2011,12,26,0,0,20.5
2011,12,26,1,0,20.2
2011,12,26,2,0,20
2011,12,26,3,0,19.9
2011,12,26,4,0,20
2011,12,26,5,89,20.7
2011,12,26,6,283,21.8
2011,12,26,7,490,23
2011,12,26,8,680,24.1
2011,12,26,9,866,24.6
2011,12,26,10,971,26
2011,12,26,11,1025,26.7
2011,12,26,12,513,26.8
2011,12,26,13,466,26.5
2011,12,26,14,380,25.9
2011,12,26,15,569,25.2
2011,12,26,16,180,24.2
2011,12,26,17,118,23.2
2011,12,26,18,31,22.5
2011,12,26,19,0,22
2011,12,26,20,0,21.5
2011,12,26,21,0,21
2011,12,26,22,0,20.6
2011,12,26,23,0,20.2
2011,12,27,0,0,19.9
2011,12,27,1,0,19.6
2011,12,27,2,0,19.4
2011,12,27,3,0,19.3
2011,12,27,4,0,19.2
2011,12,27,5,27,19.4
2011,12,27,6,252,19.6
2011,12,27,7,406,20
2011,12,27,8,590,20.5
2011,12,27,9,777,20.7
2011,12,27,10,423,21.2
2011,12,27,11,735,21.4
2011,12,27,12,740,21.4
2011,12,27,13,461,21.2
2011,12,27,14,651,21
2011,12,27,15,446,20.8
2011,12,27,16,487,20.4
2011,12,27,17,86,19.9
2011,12,27,18,70,19.4
2011,12,27,19,0,19
2011,12,27,20,0,18.8
2011,12,27,21,0,18.6
2011,12,27,22,0,18.5
2011,12,27,23,0,18.4
2011,12,28,0,0,18.2
2011,12,28,1,0,18.1
2011,12,28,2,0,18
2011,12,28,3,0,17.9
2011,12,28,4,0,18.1
2011,12,28,5,89,18.6
2011,12,28,6,289,19.2
2011,12,28,7,508,19.7
2011,12,28,8,289,20.2
2011,12,28,9,886,20.5
2011,12,28,10,1007,21.2
2011,12,28,11,1066,21.5
2011,12,28,12,1063,21.7
2011,12,28,13,1005,21.8
2011,12,28,14,877,21.6
2011,12,28,15,700,21.4
2011,12,28,16,492,21
2011,12,28,17,270,20.4
2011,12,28,18,20,19.8
2011,12,28,19,0,19.4
2011,12,28,20,0,19.2
2011,12,28,21,0,19.1
2011,12,28,22,0,19
2011,12,28,23,0,18.8
2011,12,29,0,0,18.6
2011,12,29,1,0,18.4
2011,12,29,2,0,18.2
2011,12,29,3,0,18
2011,12,29,4,0,18.2
2011,12,29,5,58,18.8
2011,12,29,6,206,19.5
2011,12,29,7,353,20
2011,12,29,8,571,20.6
2011,12,29,9,714,20.9
2011,12,29,10,1030,21.5
2011,12,29,11,1092,21.8
2011,12,29,12,1087,22
2011,12,29,13,1022,22
2011,12,29,14,894,21.8
2011,12,29,15,718,21.4
2011,12,29,16,507,21
2011,12,29,17,282,20.4
2011,12,29,18,78,19.7
2011,12,29,19,0,19.1
2011,12,29,20,0,18.9
2011,12,29,21,0,18.8
2011,12,29,22,0,18.8
2011,12,29,23,0,18.7
2011,12,30,0,0,18.6
2011,12,30,1,0,18.5
2011,12,30,2,0,18.3
2011,12,30,3,0,18.2
2011,12,30,4,0,18.3
2011,12,30,5,95,19
2011,12,30,6,302,19.8
2011,12,30,7,193,20.5
2011,12,30,8,730,21.1
2011,12,30,9,904,21.4
2011,12,30,10,1017,22.2
2011,12,30,11,1080,22.5
2011,12,30,12,1078,22.6
2011,12,30,13,1013,22.6
2011,12,30,14,886,22.4
2011,12,30,15,710,22
2011,12,30,16,501,21.6
2011,12,30,17,278,21
2011,12,30,18,77,20.2
2011,12,30,19,0,19.7
2011,12,30,20,0,19.5
2011,12,30,21,0,19.3
2011,12,30,22,0,19.2
2011,12,30,23,0,19.1
2011,12,31,0,0,19
2011,12,31,1,0,18.9
2011,12,31,2,0,18.7
2011,12,31,3,0,18.6
2011,12,31,4,0,18.8
2011,12,31,5,42,19.4
2011,12,31,6,158,20.2
2011,12,31,7,253,20.7
2011,12,31,8,438,21.3
2011,12,31,9,270,21.6
2011,12,31,10,241,22.5
2011,12,31,11,1084,22.9
2011,12,31,12,1083,23.1
2011,12,31,13,1023,23.1
2011,12,31,14,898,22.9
2011,12,31,15,721,22.5
2011,12,31,16,511,21.9
2011,12,31,17,285,21.2
2011,12,31,18,81,20.3
2011,12,31,19,0,19.5
2011,12,31,20,0,19.1
2011,12,31,21,0,18.8
2011,12,31,22,0,18.5
2011,12,31,23,0,18.2
2012,1,1,0,0,21.4
2012,1,1,1,0,21
2012,1,1,2,0,20.5
2012,1,1,3,0,19.9
2012,1,1,4,0,19.6
2012,1,1,5,82,20
2012,1,1,6,280,21.2
2012,1,1,7,501,23
2012,1,1,8,707,25.1
2012,1,1,9,880,26.2
2012,1,1,10,1039,24.5
2012,1,1,11,1103,25.1
2012,1,1,12,1100,25.4
2012,1,1,13,1032,25.5
2012,1,1,14,904,25.3
2012,1,1,15,726,24.9
2012,1,1,16,515,24.2
2012,1,1,17,289,23.1
2012,1,1,18,83,21.8
2012,1,1,19,0,20.8
2012,1,1,20,0,20.3
2012,1,1,21,0,20
2012,1,1,22,0,19.7
2012,1,1,23,0,19.5
2012,1,2,0,0,19.3
2012,1,2,1,0,19.3
2012,1,2,2,0,19.2
2012,1,2,3,0,19.1
2012,1,2,4,0,19.4
2012,1,2,5,85,20.4
2012,1,2,6,287,21.8
2012,1,2,7,507,22.9
2012,1,2,8,715,23.8
2012,1,2,9,889,24.2
2012,1,2,10,1018,25.2
2012,1,2,11,1078,25.6
2012,1,2,12,1075,25.7
2012,1,2,13,1010,25.6
2012,1,2,14,884,25.4
2012,1,2,15,708,25
2012,1,2,16,497,24.4
2012,1,2,17,277,23.6
2012,1,2,18,77,22.5
2012,1,2,19,0,21.8
2012,1,2,20,0,21.5
2012,1,2,21,0,21.2
2012,1,2,22,0,21.1
2012,1,2,23,0,20.9
2012,1,3,0,0,20.7
2012,1,3,1,0,20.4
2012,1,3,2,0,20.2
2012,1,3,3,0,20
2012,1,3,4,0,20.1
2012,1,3,5,78,20.9
2012,1,3,6,272,22.1
2012,1,3,7,490,23.2
2012,1,3,8,695,24.2
2012,1,3,9,867,24.7
2012,1,3,10,993,26
2012,1,3,11,1056,26.6
2012,1,3,12,1053,26.9
2012,1,3,13,989,27
2012,1,3,14,864,26.8
2012,1,3,15,692,26.3
2012,1,3,16,486,25.6
2012,1,3,17,268,24.5
2012,1,3,18,73,23.2
2012,1,3,19,0,22.5
2012,1,3,20,0,22.2
2012,1,3,21,0,22
2012,1,3,22,0,21.9
2012,1,3,23,0,21.8
2012,1,4,0,0,21.7
2012,1,4,1,0,21.4
2012,1,4,2,0,21.2
2012,1,4,3,0,21
2012,1,4,4,0,21.1
2012,1,4,5,72,21.7
2012,1,4,6,261,22.8
2012,1,4,7,343,24.3
2012,1,4,8,570,26
2012,1,4,9,842,26.9
2012,1,4,10,864,30
2012,1,4,11,828,31.4
2012,1,4,12,909,31.4
2012,1,4,13,441,30.3
2012,1,4,14,234,28.7
2012,1,4,15,361,26.6
2012,1,4,16,391,24.4
2012,1,4,17,170,22.6
2012,1,4,18,42,21.8
2012,1,4,19,0,21.6
2012,1,4,20,0,21.6
2012,1,4,21,0,21.4
2012,1,4,22,0,21.3
2012,1,4,23,0,21.1
2012,1,5,0,0,20.9
2012,1,5,1,0,20.7
2012,1,5,2,0,20.5
2012,1,5,3,0,20.3
2012,1,5,4,0,20.3
2012,1,5,5,12,20.6
2012,1,5,6,44,21.2
2012,1,5,7,480,21.7
2012,1,5,8,686,22.3
2012,1,5,9,859,22.6
2012,1,5,10,975,23.6
2012,1,5,11,1038,24.2
2012,1,5,12,1033,24.6
2012,1,5,13,981,24.7
2012,1,5,14,744,24.3
2012,1,5,15,604,23.5
2012,1,5,16,251,22.4
2012,1,5,17,166,21.5
2012,1,5,18,45,21.1
2012,1,5,19,0,21
2012,1,5,20,0,21
2012,1,5,21,0,21
2012,1,5,22,0,21.1
2012,1,5,23,0,21.1
2012,1,6,0,0,21
2012,1,6,1,0,20.8
2012,1,6,2,0,20.5
2012,1,6,3,0,20.1
2012,1,6,4,0,19.8
2012,1,6,5,5,19.7
2012,1,6,6,19,19.8
2012,1,6,7,93,20.1
2012,1,6,8,388,20.5
2012,1,6,9,417,20.7
2012,1,6,10,395,21.2
2012,1,6,11,733,21.4
2012,1,6,12,1066,21.3
2012,1,6,13,998,21.2
2012,1,6,14,519,21.1
2012,1,6,15,249,20.8
2012,1,6,16,493,20.5
2012,1,6,17,275,20.1
2012,1,6,18,77,19.5
2012,1,6,19,0,19.2
2012,1,6,20,0,19
2012,1,6,21,0,18.9
2012,1,6,22,0,18.9
2012,1,6,23,0,18.9
2012,1,7,0,0,18.9
2012,1,7,1,0,18.9
2012,1,7,2,0,18.9
2012,1,7,3,0,18.9
2012,1,7,4,0,18.9
2012,1,7,5,75,19.4
2012,1,7,6,278,20.3
2012,1,7,7,349,21.3
2012,1,7,8,712,22.2
2012,1,7,9,889,22.6
2012,1,7,10,1012,23.8
2012,1,7,11,1074,24.4
2012,1,7,12,1068,24.8
2012,1,7,13,858,24.9
2012,1,7,14,674,24.5
2012,1,7,15,528,23.7
2012,1,7,16,483,22.7
2012,1,7,17,265,21.7
2012,1,7,18,73,21
2012,1,7,19,0,20.7
2012,1,7,20,0,20.7
2012,1,7,21,0,20.9
2012,1,7,22,0,21
2012,1,7,23,0,21.1
2012,1,8,0,0,21.1
2012,1,8,1,0,21
2012,1,8,2,0,20.8
2012,1,8,3,0,20.7
2012,1,8,4,0,20.8
2012,1,8,5,5,21.2
2012,1,8,6,11,21.7
2012,1,8,7,157,22.2
2012,1,8,8,323,23.2
2012,1,8,9,550,23.9
2012,1,8,10,343,25.8
2012,1,8,11,423,26.7
2012,1,8,12,276,27.3
2012,1,8,13,664,27.6
2012,1,8,14,294,27.3
2012,1,8,15,305,26.4
2012,1,8,16,138,25.3
2012,1,8,17,111,24.4
2012,1,8,18,31,23.7
2012,1,8,19,0,23.5
2012,1,8,20,0,23.5
2012,1,8,21,0,23.3
2012,1,8,22,0,23.1
2012,1,8,23,0,22.9
2012,1,9,0,0,22.8
2012,1,9,1,0,22.7
2012,1,9,2,0,22.3
2012,1,9,3,0,21.9
2012,1,9,4,0,21.8
2012,1,9,5,68,22.2
2012,1,9,6,267,22.8
2012,1,9,7,337,23.5
2012,1,9,8,580,24.2
2012,1,9,9,873,24.6
2012,1,9,10,993,25.4
2012,1,9,11,1057,25.8
2012,1,9,12,1061,26
2012,1,9,13,998,25.7
2012,1,9,14,874,25
2012,1,9,15,701,24
2012,1,9,16,493,23
2012,1,9,17,272,21.9
2012,1,9,18,75,20.9
2012,1,9,19,0,20.4
2012,1,9,20,0,20.2
2012,1,9,21,0,20.1
2012,1,9,22,0,20.1
2012,1,9,23,0,20.1
2012,1,10,0,0,20.1
2012,1,10,1,0,19.9
2012,1,10,2,0,19.7
2012,1,10,3,0,19.3
2012,1,10,4,0,19.1
2012,1,10,5,71,19.2
2012,1,10,6,166,20.1
2012,1,10,7,502,21.9
2012,1,10,8,591,23.4
2012,1,10,9,630,23.9
2012,1,10,10,835,24.9
2012,1,10,11,804,25.4
2012,1,10,12,775,25.6
2012,1,10,13,505,25.7
2012,1,10,14,895,25.8
2012,1,10,15,629,25.9
2012,1,10,16,436,25.6
2012,1,10,17,178,24.8
2012,1,10,18,48,23.7
2012,1,10,19,0,23
2012,1,10,20,0,22.7
2012,1,10,21,0,22.3
2012,1,10,22,0,22
2012,1,10,23,0,21.7
2012,1,11,0,0,21.3
2012,1,11,1,0,20.8
2012,1,11,2,0,20.3
2012,1,11,3,0,19.9
2012,1,11,4,0,19.7
2012,1,11,5,71,20.3
2012,1,11,6,166,21.7
2012,1,11,7,500,22.9
2012,1,11,8,715,23.8
2012,1,11,9,895,24.1
2012,1,11,10,1025,24.9
2012,1,11,11,1096,25.3
2012,1,11,12,1100,25.5
2012,1,11,13,1035,25.5
2012,1,11,14,908,25.2
2012,1,11,15,727,24.7
2012,1,11,16,516,23.9
2012,1,11,17,135,22.7
2012,1,11,18,40,21.4
2012,1,11,19,0,20.4
2012,1,11,20,0,19.8
2012,1,11,21,0,19.2
2012,1,11,22,0,18.7
2012,1,11,23,0,18
2012,1,12,0,0,17.2
2012,1,12,1,0,16.7
2012,1,12,2,0,16.2
2012,1,12,3,0,15.9
2012,1,12,4,0,15.9
2012,1,12,5,66,16.3
2012,1,12,6,268,17.1
2012,1,12,7,495,18
2012,1,12,8,709,18.8
2012,1,12,9,889,19.2
2012,1,12,10,1019,20.1
2012,1,12,11,1088,20.5
2012,1,12,12,1091,20.8
2012,1,12,13,1024,20.8
2012,1,12,14,899,20.5
2012,1,12,15,723,20
2012,1,12,16,512,19.5
2012,1,12,17,287,19
2012,1,12,18,81,18.4
2012,1,12,19,0,18
2012,1,12,20,0,17.9
2012,1,12,21,0,17.9
2012,1,12,22,0,17.9
2012,1,12,23,0,17.9
2012,1,13,0,0,17.9
2012,1,13,1,0,17.8
2012,1,13,2,0,17.7
2012,1,13,3,0,17.4
2012,1,13,4,0,17.3
2012,1,13,5,61,17.9
2012,1,13,6,258,19.1
2012,1,13,7,481,20.4
2012,1,13,8,695,21.5
2012,1,13,9,874,22
2012,1,13,10,1008,23.7
2012,1,13,11,1077,24.6
2012,1,13,12,1009,25
2012,1,13,13,811,25.1
2012,1,13,14,725,24.7
2012,1,13,15,716,23.9
2012,1,13,16,506,22.9
2012,1,13,17,281,21.8
2012,1,13,18,6,20.8
2012,1,13,19,0,20.4
2012,1,13,20,0,20.4
2012,1,13,21,0,20.3
2012,1,13,22,0,20.3
2012,1,13,23,0,20.3
2012,1,14,0,0,20.2
2012,1,14,1,0,20
2012,1,14,2,0,19.6
2012,1,14,3,0,19.2
2012,1,14,4,0,19
2012,1,14,5,4,18.9
2012,1,14,6,17,19.1
2012,1,14,7,447,19.5
2012,1,14,8,78,20.1
2012,1,14,9,831,20.4
2012,1,14,10,960,21.2
2012,1,14,11,1031,21.6
2012,1,14,12,1039,21.8
2012,1,14,13,231,21.8
2012,1,14,14,853,21.6
2012,1,14,15,108,21.3
2012,1,14,16,212,21
2012,1,14,17,141,20.6
2012,1,14,18,25,20.2
2012,1,14,19,0,20
2012,1,14,20,0,19.9
2012,1,14,21,0,19.9
2012,1,14,22,0,19.8
2012,1,14,23,0,19.8
2012,1,15,0,0,19.8
2012,1,15,1,0,19.7
2012,1,15,2,0,19.6
2012,1,15,3,0,19.5
2012,1,15,4,0,19.5
2012,1,15,5,9,19.6
2012,1,15,6,11,19.8
2012,1,15,7,149,20.1
2012,1,15,8,37,20.5
2012,1,15,9,450,20.7
2012,1,15,10,227,21.2
2012,1,15,11,341,21.4
2012,1,15,12,635,21.6
2012,1,15,13,473,21.6
2012,1,15,14,664,21.4
2012,1,15,15,614,21.1
2012,1,15,16,225,20.7
2012,1,15,17,170,20.2
2012,1,15,18,45,19.8
2012,1,15,19,0,19.7
2012,1,15,20,0,19.8
2012,1,15,21,0,19.8
2012,1,15,22,0,19.8
2012,1,15,23,0,19.9
2012,1,16,0,0,19.9
2012,1,16,1,0,19.9
2012,1,16,2,0,20
2012,1,16,3,0,20
2012,1,16,4,0,20.1
2012,1,16,5,4,20.5
2012,1,16,6,245,21
2012,1,16,7,36,21.5
2012,1,16,8,679,22.1
2012,1,16,9,307,22.5
2012,1,16,10,980,23.2
2012,1,16,11,1050,23.4
2012,1,16,12,1055,23.5
2012,1,16,13,992,23.6
2012,1,16,14,874,23.6
2012,1,16,15,704,23.4
2012,1,16,16,499,23
2012,1,16,17,278,22.5
2012,1,16,18,77,21.9
2012,1,16,19,0,21.4
2012,1,16,20,0,21
2012,1,16,21,0,20.7
2012,1,16,22,0,20.5
2012,1,16,23,0,20.4
2012,1,17,0,0,20.4
2012,1,17,1,0,20.4
2012,1,17,2,0,20.4
2012,1,17,3,0,20.4
2012,1,17,4,0,20.6
2012,1,17,5,53,21.2
2012,1,17,6,248,22.1
2012,1,17,7,474,22.9
2012,1,17,8,688,23.5
2012,1,17,9,872,23.8
2012,1,17,10,1003,24.5
2012,1,17,11,1075,24.9
2012,1,17,12,1078,25
2012,1,17,13,1015,25
2012,1,17,14,889,24.7
2012,1,17,15,714,24.3
2012,1,17,16,503,23.8
2012,1,17,17,279,23.1
2012,1,17,18,76,22.4
2012,1,17,19,0,21.9
2012,1,17,20,0,21.6
2012,1,17,21,0,21.4
2012,1,17,22,0,21.2
2012,1,17,23,0,21.1
2012,1,18,0,0,21
2012,1,18,1,0,20.9
2012,1,18,2,0,20.8
2012,1,18,3,0,20.7
2012,1,18,4,0,20.9
2012,1,18,5,48,21.7
2012,1,18,6,239,22.7
2012,1,18,7,461,23.7
2012,1,18,8,673,24.6
2012,1,18,9,854,25
2012,1,18,10,991,26
2012,1,18,11,1062,26.3
2012,1,18,12,1068,26.5
2012,1,18,13,1008,26.5
2012,1,18,14,652,26.3
2012,1,18,15,712,26
2012,1,18,16,502,25.5
2012,1,18,17,280,24.7
2012,1,18,18,77,23.7
2012,1,18,19,0,23
2012,1,18,20,0,22.5
2012,1,18,21,0,22.1
2012,1,18,22,0,21.9
2012,1,18,23,0,21.8
2012,1,19,0,0,21.7
2012,1,19,1,0,21.4
2012,1,19,2,0,21
2012,1,19,3,0,20.7
2012,1,19,4,0,20.8
2012,1,19,5,45,21.7
2012,1,19,6,230,23
2012,1,19,7,447,24
2012,1,19,8,655,24.6
2012,1,19,9,828,24.8
2012,1,19,10,961,25
2012,1,19,11,1031,24.8
2012,1,19,12,1036,24.6
2012,1,19,13,728,24.4
2012,1,19,14,795,24
2012,1,19,15,532,23.6
2012,1,19,16,351,23.1
2012,1,19,17,269,22.6
2012,1,19,18,72,21.9
2012,1,19,19,0,21.4
2012,1,19,20,0,21.1
2012,1,19,21,0,20.9
2012,1,19,22,0,20.7
2012,1,19,23,0,20.6
2012,1,20,0,0,20.5
2012,1,20,1,0,20.4
2012,1,20,2,0,20.2
2012,1,20,3,0,20.2
2012,1,20,4,0,20.3
2012,1,20,5,42,21.1
2012,1,20,6,227,22.1
2012,1,20,7,447,22.9
2012,1,20,8,657,23.7
2012,1,20,9,837,24.1
2012,1,20,10,961,24.8
2012,1,20,11,1030,25
2012,1,20,12,1037,25
2012,1,20,13,995,24.9
2012,1,20,14,872,24.6
2012,1,20,15,701,24.1
2012,1,20,16,415,23.5
2012,1,20,17,252,22.8
2012,1,20,18,69,22.3
2012,1,20,19,0,22
2012,1,20,20,0,21.9
2012,1,20,21,0,21.8
2012,1,20,22,0,21.7
2012,1,20,23,0,21.6
2012,1,21,0,0,21.6
2012,1,21,1,0,21.5
2012,1,21,2,0,21.4
2012,1,21,3,0,21.2
2012,1,21,4,0,21.4
2012,1,21,5,4,22
2012,1,21,6,11,22.7
2012,1,21,7,18,23.2
2012,1,21,8,42,23.6
2012,1,21,9,63,23.8
2012,1,21,10,67,24.2
2012,1,21,11,139,24
2012,1,21,12,464,23.9
2012,1,21,13,508,23.7
2012,1,21,14,585,23.3
2012,1,21,15,677,22.8
2012,1,21,16,415,22.4
2012,1,21,17,256,22.1
2012,1,21,18,65,21.8
2012,1,21,19,0,21.7
2012,1,21,20,0,21.6
2012,1,21,21,0,21.4
2012,1,21,22,0,21.3
2012,1,21,23,0,21.2
2012,1,22,0,0,21.1
2012,1,22,1,0,21
2012,1,22,2,0,20.9
2012,1,22,3,0,20.8
2012,1,22,4,0,20.8
2012,1,22,5,3,21.1
2012,1,22,6,15,21.7
2012,1,22,7,206,22.2
2012,1,22,8,660,22.7
2012,1,22,9,840,22.9
2012,1,22,10,968,23.3
2012,1,22,11,1040,23.5
2012,1,22,12,1046,23.6
2012,1,22,13,990,23.5
2012,1,22,14,870,23.3
2012,1,22,15,698,23
2012,1,22,16,490,22.7
2012,1,22,17,269,22.2
2012,1,22,18,70,21.7
2012,1,22,19,0,21.4
2012,1,22,20,0,21.2
2012,1,22,21,0,21.2
2012,1,22,22,0,21
2012,1,22,23,0,20.7
2012,1,23,0,0,20.5
2012,1,23,1,0,20.5
2012,1,23,2,0,20.6
2012,1,23,3,0,20.7
2012,1,23,4,0,20.8
2012,1,23,5,38,21.2
2012,1,23,6,222,21.6
2012,1,23,7,442,21.9
2012,1,23,8,654,22.3
2012,1,23,9,833,22.5
2012,1,23,10,967,22.8
2012,1,23,11,573,22.9
2012,1,23,12,1047,22.9
2012,1,23,13,977,22.8
2012,1,23,14,858,22.7
2012,1,23,15,277,22.5
2012,1,23,16,289,22.2
2012,1,23,17,161,21.8
2012,1,23,18,37,21.4
2012,1,23,19,0,21.2
2012,1,23,20,0,21.1
2012,1,23,21,0,21
2012,1,23,22,0,20.9
2012,1,23,23,0,20.8
2012,1,24,0,0,20.8
2012,1,24,1,0,20.7
2012,1,24,2,0,20.7
2012,1,24,3,0,20.7
2012,1,24,4,0,20.9
2012,1,24,5,17,21.6
2012,1,24,6,90,22.3
2012,1,24,7,140,22.8
2012,1,24,8,201,23.1
2012,1,24,9,304,23.2
2012,1,24,10,403,23.1
2012,1,24,11,579,23.1
2012,1,24,12,369,23.1
2012,1,24,13,261,23.2
2012,1,24,14,312,23.2
2012,1,24,15,303,23.1
2012,1,24,16,308,23
2012,1,24,17,150,22.7
2012,1,24,18,37,22.4
2012,1,24,19,0,22.2
2012,1,24,20,0,22.2
2012,1,24,21,0,22.1
2012,1,24,22,0,22.1
2012,1,24,23,0,21.9
2012,1,25,0,0,21.8
2012,1,25,1,0,21.7
2012,1,25,2,0,21.7
2012,1,25,3,0,21.6
2012,1,25,4,0,21.6
2012,1,25,5,4,21.8
2012,1,25,6,9,22.2
2012,1,25,7,133,22.4
2012,1,25,8,242,22.5
2012,1,25,9,126,22.5
2012,1,25,10,343,22.6
2012,1,25,11,243,22.7
2012,1,25,12,235,22.7
2012,1,25,13,196,22.6
2012,1,25,14,154,22.5
2012,1,25,15,88,22.4
2012,1,25,16,134,22
2012,1,25,17,40,21.6
2012,1,25,18,13,21.3
2012,1,25,19,0,21.2
2012,1,25,20,0,21.3
2012,1,25,21,0,21.3
2012,1,25,22,0,21.3
2012,1,25,23,0,21.4
2012,1,26,0,0,21.5
2012,1,26,1,0,21.5
2012,1,26,2,0,21.5
2012,1,26,3,0,21.5
2012,1,26,4,0,21.6
2012,1,26,5,23,22
2012,1,26,6,156,22.5
2012,1,26,7,200,22.7
2012,1,26,8,357,23.1
2012,1,26,9,415,23.4
2012,1,26,10,501,24.4
2012,1,26,11,670,24.7
2012,1,26,12,1016,24.8
2012,1,26,13,752,24.8
2012,1,26,14,341,24.7
2012,1,26,15,456,24.5
2012,1,26,16,426,24.2
2012,1,26,17,124,23.6
2012,1,26,18,27,23.1
2012,1,26,19,0,22.7
2012,1,26,20,0,22.5
2012,1,26,21,0,22.3
2012,1,26,22,0,22.1
2012,1,26,23,0,22
2012,1,27,0,0,21.8
2012,1,27,1,0,21.7
2012,1,27,2,0,21.6
2012,1,27,3,0,21.5
2012,1,27,4,0,21.6
2012,1,27,5,30,21.9
2012,1,27,6,210,22.3
2012,1,27,7,429,22.7
2012,1,27,8,381,23.1
2012,1,27,9,820,23.4
2012,1,27,10,950,23.7
2012,1,27,11,1023,23.8
2012,1,27,12,1032,23.7
2012,1,27,13,532,23.7
2012,1,27,14,396,23.5
2012,1,27,15,683,23.2
2012,1,27,16,477,22.8
2012,1,27,17,160,22.3
2012,1,27,18,62,21.7
2012,1,27,19,0,21.4
2012,1,27,20,0,21.2
2012,1,27,21,0,21
2012,1,27,22,0,20.9
2012,1,27,23,0,20.8
2012,1,28,0,0,20.8
2012,1,28,1,0,20.7
2012,1,28,2,0,20.8
2012,1,28,3,0,20.8
2012,1,28,4,0,21
2012,1,28,5,17,21.6
2012,1,28,6,118,22.2
2012,1,28,7,348,22.8
2012,1,28,8,465,23.5
2012,1,28,9,662,23.8
2012,1,28,10,635,24.7
2012,1,28,11,1017,25
2012,1,28,12,1024,25.2
2012,1,28,13,728,25.1
2012,1,28,14,497,24.9
2012,1,28,15,483,24.6
2012,1,28,16,263,24
2012,1,28,17,253,23.4
2012,1,28,18,30,23
2012,1,28,19,0,22.7
2012,1,28,20,0,22.6
2012,1,28,21,0,22.4
2012,1,28,22,0,22.3
2012,1,28,23,0,22.1
2012,1,29,0,0,21.9
2012,1,29,1,0,21.8
2012,1,29,2,0,21.7
2012,1,29,3,0,21.6
2012,1,29,4,0,21.7
2012,1,29,5,9,22.3
2012,1,29,6,81,23.1
2012,1,29,7,276,23.9
2012,1,29,8,328,24.6
2012,1,29,9,617,24.9
2012,1,29,10,635,25.6
2012,1,29,11,831,25.8
2012,1,29,12,719,25.8
2012,1,29,13,954,25.6
2012,1,29,14,644,25.3
2012,1,29,15,534,24.9
2012,1,29,16,402,24.5
2012,1,29,17,91,24.1
2012,1,29,18,56,23.7
2012,1,29,19,0,23.6
2012,1,29,20,0,23.5
2012,1,29,21,0,23.4
2012,1,29,22,0,23.3
2012,1,29,23,0,23.1
2012,1,30,0,0,22.9
2012,1,30,1,0,22.7
2012,1,30,2,0,22.4
2012,1,30,3,0,22.3
2012,1,30,4,0,22.4
2012,1,30,5,7,22.7
2012,1,30,6,66,23.1
2012,1,30,7,406,23.7
2012,1,30,8,615,24.9
2012,1,30,9,796,25.6
2012,1,30,10,930,27.9
2012,1,30,11,1003,28.9
2012,1,30,12,1010,29.6
2012,1,30,13,600,29.9
2012,1,30,14,622,29.8
2012,1,30,15,430,29.5
2012,1,30,16,451,29
2012,1,30,17,175,28.3
2012,1,30,18,40,27.7
2012,1,30,19,0,27.3
2012,1,30,20,0,26.9
2012,1,30,21,0,26.5
2012,1,30,22,0,26.1
2012,1,30,23,0,25.7
2012,1,31,0,0,25.4
2012,1,31,1,0,25.1
2012,1,31,2,0,24.9
2012,1,31,3,0,24.8
2012,1,31,4,0,24.9
2012,1,31,5,12,25.1
2012,1,31,6,97,25.5
2012,1,31,7,230,25.8
2012,1,31,8,404,26.2
2012,1,31,9,345,26.4
2012,1,31,10,699,26.3
2012,1,31,11,304,25.8
2012,1,31,12,276,25
2012,1,31,13,483,24.1
2012,1,31,14,242,23.1
2012,1,31,15,279,22.3
2012,1,31,16,141,21.6
2012,1,31,17,159,21.1
2012,1,31,18,36,20.8
2012,1,31,19,0,20.6
2012,1,31,20,0,20.5
2012,1,31,21,0,20.4
2012,1,31,22,0,20.4
2012,1,31,23,0,20.3
2012,2,1,0,0,20.2
2012,2,1,1,0,20
2012,2,1,2,0,19.9
2012,2,1,3,0,19.7
2012,2,1,4,0,19.6
2012,2,1,5,6,19.6
2012,2,1,6,31,19.7
2012,2,1,7,75,19.8
2012,2,1,8,31,20.1
2012,2,1,9,90,20.3
2012,2,1,10,254,20.6
2012,2,1,11,385,20.7
2012,2,1,12,219,20.7
2012,2,1,13,418,20.7
2012,2,1,14,233,20.6
2012,2,1,15,356,20.5
2012,2,1,16,20,20.4
2012,2,1,17,120,20.3
2012,2,1,18,27,20.2
2012,2,1,19,0,20.2
2012,2,1,20,0,20.2
2012,2,1,21,0,20.1
2012,2,1,22,0,20
2012,2,1,23,0,19.9
2012,2,2,0,0,19.8
2012,2,2,1,0,19.8
2012,2,2,2,0,19.7
2012,2,2,3,0,19.6
2012,2,2,4,0,19.5
2012,2,2,5,3,19.5
2012,2,2,6,28,19.6
2012,2,2,7,17,19.6
2012,2,2,8,37,19.7
2012,2,2,9,61,19.8
2012,2,2,10,100,20.1
2012,2,2,11,232,20.2
2012,2,2,12,241,20.2
2012,2,2,13,214,20
2012,2,2,14,86,19.8
2012,2,2,15,59,19.5
2012,2,2,16,168,19.3
2012,2,2,17,122,19.1
2012,2,2,18,27,19
2012,2,2,19,0,19.1
2012,2,2,20,0,19.2
2012,2,2,21,0,19.3
2012,2,2,22,0,19.4
2012,2,2,23,0,19.6
2012,2,3,0,0,19.8
2012,2,3,1,0,19.8
2012,2,3,2,0,19.8
2012,2,3,3,0,19.9
2012,2,3,4,0,19.9
2012,2,3,5,5,20.1
2012,2,3,6,36,20.2
2012,2,3,7,89,20.4
2012,2,3,8,89,20.7
2012,2,3,9,89,20.8
2012,2,3,10,301,21.4
2012,2,3,11,222,21.7
2012,2,3,12,428,21.8
2012,2,3,13,463,21.7
2012,2,3,14,265,21.6
2012,2,3,15,134,21.4
2012,2,3,16,294,21
2012,2,3,17,10,20.6
2012,2,3,18,4,20.3
2012,2,3,19,0,20.1
2012,2,3,20,0,20.1
2012,2,3,21,0,20
2012,2,3,22,0,20.1
2012,2,3,23,0,20.2
2012,2,4,0,0,20.2
2012,2,4,1,0,20.2
2012,2,4,2,0,20.2
2012,2,4,3,0,20.2
2012,2,4,4,0,20.1
2012,2,4,5,8,20.2
2012,2,4,6,127,20.3
2012,2,4,7,299,20.7
2012,2,4,8,323,21.3
2012,2,4,9,180,21.6
2012,2,4,10,521,22.8
2012,2,4,11,984,23.3
2012,2,4,12,998,23.5
2012,2,4,13,964,23.6
2012,2,4,14,846,23.6
2012,2,4,15,675,23.3
2012,2,4,16,467,23
2012,2,4,17,247,22.4
2012,2,4,18,53,21.7
2012,2,4,19,0,21.3
2012,2,4,20,0,21.2
2012,2,4,21,0,21.1
2012,2,4,22,0,21.1
2012,2,4,23,0,21.2
2012,2,5,0,0,21.2
2012,2,5,1,0,21.2
2012,2,5,2,0,21.2
2012,2,5,3,0,21.2
2012,2,5,4,0,21.2
2012,2,5,5,16,21.6
2012,2,5,6,188,22.3
2012,2,5,7,412,23.1
2012,2,5,8,629,23.8
2012,2,5,9,814,24.2
2012,2,5,10,950,25
2012,2,5,11,1027,25.4
2012,2,5,12,1038,25.5
2012,2,5,13,980,25.6
2012,2,5,14,857,25.4
2012,2,5,15,680,25.1
2012,2,5,16,466,24.5
2012,2,5,17,240,23.7
2012,2,5,18,47,23
2012,2,5,19,0,22.5
2012,2,5,20,0,22.3
2012,2,5,21,0,22.1
2012,2,5,22,0,21.9
2012,2,5,23,0,21.7
2012,2,6,0,0,21.5
2012,2,6,1,0,21.3
2012,2,6,2,0,21.1
2012,2,6,3,0,21
2012,2,6,4,0,20.9
2012,2,6,5,12,21.3
2012,2,6,6,174,22.1
2012,2,6,7,390,22.9
2012,2,6,8,599,23.4
2012,2,6,9,649,23.6
2012,2,6,10,758,23.8
2012,2,6,11,970,23.5
2012,2,6,12,975,23
2012,2,6,13,642,22.6
2012,2,6,14,805,22.1
2012,2,6,15,633,21.7
2012,2,6,16,162,21.2
2012,2,6,17,50,20.8
2012,2,6,18,10,20.4
2012,2,6,19,0,20.2
2012,2,6,20,0,20.2
2012,2,6,21,0,20.2
2012,2,6,22,0,20.1
2012,2,6,23,0,20
2012,2,7,0,0,19.9
2012,2,7,1,0,19.9
2012,2,7,2,0,19.8
2012,2,7,3,0,19.8
2012,2,7,4,0,19.9
2012,2,7,5,1,20.1
2012,2,7,6,11,20.5
2012,2,7,7,29,20.9
2012,2,7,8,48,21.3
2012,2,7,9,64,21.5
2012,2,7,10,73,21.8
2012,2,7,11,522,22
2012,2,7,12,253,22
2012,2,7,13,309,22
2012,2,7,14,270,21.9
2012,2,7,15,446,21.7
2012,2,7,16,102,21.4
2012,2,7,17,148,21
2012,2,7,18,25,20.6
2012,2,7,19,0,20.4
2012,2,7,20,0,20.3
2012,2,7,21,0,20.4
2012,2,7,22,0,20.4
2012,2,7,23,0,20.3
2012,2,8,0,0,20.1
2012,2,8,1,0,19.9
2012,2,8,2,0,19.7
2012,2,8,3,0,19.5
2012,2,8,4,0,19.5
2012,2,8,5,0,19.7
2012,2,8,6,72,20.1
2012,2,8,7,190,20.4
2012,2,8,8,84,20.7
2012,2,8,9,107,20.9
2012,2,8,10,228,21.7
2012,2,8,11,217,22.3
2012,2,8,12,332,22.6
2012,2,8,13,259,22.6
2012,2,8,14,151,22.5
2012,2,8,15,215,22.2
2012,2,8,16,239,21.9
2012,2,8,17,46,21.3
2012,2,8,18,9,20.8
2012,2,8,19,0,20.7
2012,2,8,20,0,20.9
2012,2,8,21,0,21
2012,2,8,22,0,21
2012,2,8,23,0,21.1
2012,2,9,0,0,21.1
2012,2,9,1,0,21
2012,2,9,2,0,20.9
2012,2,9,3,0,20.8
2012,2,9,4,0,20.7
2012,2,9,5,0,21.1
2012,2,9,6,93,21.8
2012,2,9,7,241,22.3
2012,2,9,8,600,22.8
2012,2,9,9,783,23
2012,2,9,10,918,23.4
2012,2,9,11,548,23.4
2012,2,9,12,770,23.4
2012,2,9,13,939,23.2
2012,2,9,14,674,23
2012,2,9,15,356,22.8
2012,2,9,16,187,22.4
2012,2,9,17,145,21.9
2012,2,9,18,26,21.5
2012,2,9,19,0,21.3
2012,2,9,20,0,21.2
2012,2,9,21,0,21.2
2012,2,9,22,0,21
2012,2,9,23,0,21
2012,2,10,0,0,20.9
2012,2,10,1,0,20.9
2012,2,10,2,0,20.7
2012,2,10,3,0,20.6
2012,2,10,4,0,20.5
2012,2,10,5,0,20.6
2012,2,10,6,11,21
2012,2,10,7,28,21.4
2012,2,10,8,163,22
2012,2,10,9,773,22.3
2012,2,10,10,897,23.1
2012,2,10,11,969,23.4
2012,2,10,12,974,23.4
2012,2,10,13,206,23.2
2012,2,10,14,197,22.9
2012,2,10,15,271,22.5
2012,2,10,16,259,22.2
2012,2,10,17,206,21.8
2012,2,10,18,35,21.3
2012,2,10,19,0,21
2012,2,10,20,0,20.7
2012,2,10,21,0,20.5
2012,2,10,22,0,20.3
2012,2,10,23,0,20.2
2012,2,11,0,0,20.2
2012,2,11,1,0,20.1
2012,2,11,2,0,20.1
2012,2,11,3,0,20
2012,2,11,4,0,19.9
2012,2,11,5,0,20.1
2012,2,11,6,42,20.3
2012,2,11,7,109,20.7
2012,2,11,8,452,21.4
2012,2,11,9,761,21.8
2012,2,11,10,916,22.6
2012,2,11,11,993,22.8
2012,2,11,12,422,22.8
2012,2,11,13,129,22.6
2012,2,11,14,823,22.4
2012,2,11,15,649,22.2
2012,2,11,16,447,21.8
2012,2,11,17,229,21.1
2012,2,11,18,39,20.4
2012,2,11,19,0,20.2
2012,2,11,20,0,20.2
2012,2,11,21,0,20.1
2012,2,11,22,0,19.9
2012,2,11,23,0,19.5
2012,2,12,0,0,19.1
2012,2,12,1,0,18.8
2012,2,12,2,0,18.6
2012,2,12,3,0,18.5
2012,2,12,4,0,18.5
2012,2,12,5,0,19
2012,2,12,6,163,20
2012,2,12,7,383,20.8
2012,2,12,8,600,21.5
2012,2,12,9,787,21.9
2012,2,12,10,930,22.9
2012,2,12,11,1007,23.4
2012,2,12,12,1014,23.7
2012,2,12,13,957,23.6
2012,2,12,14,68,23.3
2012,2,12,15,122,22.8
2012,2,12,16,337,22.2
2012,2,12,17,161,21.4
2012,2,12,18,23,20.8
2012,2,12,19,0,20.5
2012,2,12,20,0,20.4
2012,2,12,21,0,20.3
2012,2,12,22,0,20.3
2012,2,12,23,0,20.4
2012,2,13,0,0,20.4
2012,2,13,1,0,20.3
2012,2,13,2,0,20.2
2012,2,13,3,0,20
2012,2,13,4,0,19.8
2012,2,13,5,0,20
2012,2,13,6,87,20.6
2012,2,13,7,376,21.2
2012,2,13,8,590,21.9
2012,2,13,9,776,22.2
2012,2,13,10,911,23
2012,2,13,11,721,23.2
2012,2,13,12,591,23.3
2012,2,13,13,352,23.2
2012,2,13,14,115,22.8
2012,2,13,15,177,22.4
2012,2,13,16,88,22
2012,2,13,17,78,21.4
2012,2,13,18,14,21
2012,2,13,19,0,20.9
2012,2,13,20,0,20.8
2012,2,13,21,0,20.7
2012,2,13,22,0,20.7
2012,2,13,23,0,20.7
2012,2,14,0,0,20.6
2012,2,14,1,0,20.4
2012,2,14,2,0,20.3
2012,2,14,3,0,20.1
2012,2,14,4,0,20.1
2012,2,14,5,0,20.4
2012,2,14,6,148,20.9
2012,2,14,7,358,21.2
2012,2,14,8,270,21.7
2012,2,14,9,198,21.9
2012,2,14,10,103,22.4
2012,2,14,11,491,22.6
2012,2,14,12,991,22.8
2012,2,14,13,942,22.8
2012,2,14,14,825,22.7
2012,2,14,15,654,22.4
2012,2,14,16,446,22.1
2012,2,14,17,223,21.5
2012,2,14,18,33,20.9
2012,2,14,19,0,20.7
2012,2,14,20,0,20.6
2012,2,14,21,0,20.5
2012,2,14,22,0,20.4
2012,2,14,23,0,20.4
2012,2,15,0,0,20.3
2012,2,15,1,0,20.3
2012,2,15,2,0,20.2
2012,2,15,3,0,20.2
2012,2,15,4,0,20.3
2012,2,15,5,0,20.8
2012,2,15,6,49,21.6
2012,2,15,7,376,22.2
2012,2,15,8,594,22.7
2012,2,15,9,781,22.9
2012,2,15,10,921,23.4
2012,2,15,11,997,23.6
2012,2,15,12,1007,23.7
2012,2,15,13,954,23.7
2012,2,15,14,834,23.5
2012,2,15,15,661,23.2
2012,2,15,16,451,22.8
2012,2,15,17,226,22.1
2012,2,15,18,33,21.4
2012,2,15,19,0,21
2012,2,15,20,0,20.8
2012,2,15,21,0,20.7
2012,2,15,22,0,20.5
2012,2,15,23,0,20.3
2012,2,16,0,0,20.2
2012,2,16,1,0,20.1
2012,2,16,2,0,19.9
2012,2,16,3,0,19.8
2012,2,16,4,0,19.7
2012,2,16,5,0,20.1
2012,2,16,6,156,21
2012,2,16,7,380,22
2012,2,16,8,599,22.8
2012,2,16,9,788,23.2
2012,2,16,10,930,24.2
2012,2,16,11,1009,24.6
2012,2,16,12,1019,24.9
2012,2,16,13,960,24.9
2012,2,16,14,838,24.7
2012,2,16,15,662,24.3
2012,2,16,16,445,23.6
2012,2,16,17,219,22.7
2012,2,16,18,29,21.9
2012,2,16,19,0,21.5
2012,2,16,20,0,21.2
2012,2,16,21,0,21
2012,2,16,22,0,20.8
2012,2,16,23,0,20.5
2012,2,17,0,0,20.3
2012,2,17,1,0,20.1
2012,2,17,2,0,19.9
2012,2,17,3,0,19.7
2012,2,17,4,0,19.7
2012,2,17,5,0,20.2
2012,2,17,6,145,21.2
2012,2,17,7,361,22.3
2012,2,17,8,574,23.4
2012,2,17,9,757,23.9
2012,2,17,10,895,25.1
2012,2,17,11,970,25.5
2012,2,17,12,782,25.6
2012,2,17,13,69,25.5
2012,2,17,14,75,25.2
2012,2,17,15,29,24.6
2012,2,17,16,269,23.8
2012,2,17,17,118,22.9
2012,2,17,18,15,22.2
2012,2,17,19,0,21.9
2012,2,17,20,0,21.8
2012,2,17,21,0,21.7
2012,2,17,22,0,21.5
2012,2,17,23,0,21.3
2012,2,18,0,0,21.2
2012,2,18,1,0,21.1
2012,2,18,2,0,21
2012,2,18,3,0,20.9
2012,2,18,4,0,20.7
2012,2,18,5,0,20.8
2012,2,18,6,134,21.2
2012,2,18,7,346,22.1
2012,2,18,8,557,23.1
2012,2,18,9,739,23.6
2012,2,18,10,872,24.3
2012,2,18,11,945,24.4
2012,2,18,12,949,24.3
2012,2,18,13,820,24
2012,2,18,14,507,23.7
2012,2,18,15,365,23.1
2012,2,18,16,143,22.5
2012,2,18,17,60,21.9
2012,2,18,18,9,21.5
2012,2,18,19,0,21.4
2012,2,18,20,0,21.3
2012,2,18,21,0,21.1
2012,2,18,22,0,21
2012,2,18,23,0,20.8
2012,2,19,0,0,20.7
2012,2,19,1,0,20.6
2012,2,19,2,0,20.5
2012,2,19,3,0,20.4
2012,2,19,4,0,20.5
2012,2,19,5,0,20.9
2012,2,19,6,129,21.6
2012,2,19,7,337,22.5
2012,2,19,8,546,23.4
2012,2,19,9,727,23.9
2012,2,19,10,879,25
2012,2,19,11,953,25.4
2012,2,19,12,796,25.6
2012,2,19,13,905,25.7
2012,2,19,14,687,25.5
2012,2,19,15,505,24.9
2012,2,19,16,368,24
2012,2,19,17,167,23.2
2012,2,19,18,15,22.7
2012,2,19,19,0,22.5
2012,2,19,20,0,22.2
2012,2,19,21,0,22.1
2012,2,19,22,0,21.9
2012,2,19,23,0,21.7
2012,2,20,0,0,21.6
2012,2,20,1,0,21.6
2012,2,20,2,0,21.5
2012,2,20,3,0,21.5
2012,2,20,4,0,21.4
2012,2,20,5,0,21.6
2012,2,20,6,113,22
2012,2,20,7,315,22.3
2012,2,20,8,523,22.6
2012,2,20,9,705,22.8
2012,2,20,10,859,23.4
2012,2,20,11,934,23.7
2012,2,20,12,943,23.8
2012,2,20,13,736,23.7
2012,2,20,14,371,23.2
2012,2,20,15,361,22.8
2012,2,20,16,270,22.3
2012,2,20,17,116,21.9
2012,2,20,18,12,21.5
2012,2,20,19,0,21.3
2012,2,20,20,0,21.2
2012,2,20,21,0,21.1
2012,2,20,22,0,20.9
2012,2,20,23,0,20.8
2012,2,21,0,0,20.7
2012,2,21,1,0,20.6
2012,2,21,2,0,20.4
2012,2,21,3,0,20.2
2012,2,21,4,0,20.1
2012,2,21,5,0,20.2
2012,2,21,6,60,20.6
2012,2,21,7,173,21
2012,2,21,8,437,21.5
2012,2,21,9,464,21.8
2012,2,21,10,523,22.7
2012,2,21,11,969,23.1
2012,2,21,12,984,23.3
2012,2,21,13,931,23.2
2012,2,21,14,809,23
2012,2,21,15,453,22.7
2012,2,21,16,416,22.2
2012,2,21,17,191,21.7
2012,2,21,18,17,21.3
2012,2,21,19,0,21.1
2012,2,21,20,0,21
2012,2,21,21,0,20.8
2012,2,21,22,0,20.6
2012,2,21,23,0,20.4
2012,2,22,0,0,20.2
2012,2,22,1,0,20.1
2012,2,22,2,0,20
2012,2,22,3,0,19.9
2012,2,22,4,0,19.8
2012,2,22,5,0,20
2012,2,22,6,105,20.4
2012,2,22,7,287,20.9
2012,2,22,8,347,21.4
2012,2,22,9,524,21.7
2012,2,22,10,727,22.4
2012,2,22,11,796,22.7
2012,2,22,12,775,22.8
2012,2,22,13,750,22.7
2012,2,22,14,598,22.5
2012,2,22,15,453,22.2
2012,2,22,16,364,21.9
2012,2,22,17,185,21.4
2012,2,22,18,16,20.9
2012,2,22,19,0,20.7
2012,2,22,20,0,20.6
2012,2,22,21,0,20.6
2012,2,22,22,0,20.7
2012,2,22,23,0,20.8
2012,2,23,0,0,20.8
2012,2,23,1,0,20.6
2012,2,23,2,0,20.3
2012,2,23,3,0,19.9
2012,2,23,4,0,19.6
2012,2,23,5,0,19.8
2012,2,23,6,130,20.6
2012,2,23,7,348,21.6
2012,2,23,8,565,22.6
2012,2,23,9,751,23.1
2012,2,23,10,893,24.4
2012,2,23,11,969,25.1
2012,2,23,12,976,25.5
2012,2,23,13,917,25.7
2012,2,23,14,793,25.7
2012,2,23,15,617,25.3
2012,2,23,16,408,24.6
2012,2,23,17,186,23.5
2012,2,23,18,15,22.6
2012,2,23,19,0,22.2
2012,2,23,20,0,21.9
2012,2,23,21,0,21.6
2012,2,23,22,0,21.3
2012,2,23,23,0,21.2
2012,2,24,0,0,21
2012,2,24,1,0,20.8
2012,2,24,2,0,20.5
2012,2,24,3,0,20.2
2012,2,24,4,0,20.1
2012,2,24,5,0,20.4
2012,2,24,6,135,21.5
2012,2,24,7,358,22.8
2012,2,24,8,577,23.9
2012,2,24,9,766,24.3
2012,2,24,10,906,25.1
2012,2,24,11,983,25.4
2012,2,24,12,993,25.5
2012,2,24,13,936,25.6
2012,2,24,14,813,25.5
2012,2,24,15,636,25.2
2012,2,24,16,422,24.7
2012,2,24,17,195,23.7
2012,2,24,18,15,22.7
2012,2,24,19,0,22.1
2012,2,24,20,0,21.8
2012,2,24,21,0,21.4
2012,2,24,22,0,21.1
2012,2,24,23,0,20.8
2012,2,25,0,0,20.4
2012,2,25,1,0,20.2
2012,2,25,2,0,19.9
2012,2,25,3,0,19.8
2012,2,25,4,0,19.7
2012,2,25,5,0,20.1
2012,2,25,6,131,21.2
2012,2,25,7,353,22.3
2012,2,25,8,572,23.2
2012,2,25,9,763,23.6
2012,2,25,10,904,24.6
2012,2,25,11,981,24.9
2012,2,25,12,990,25
2012,2,25,13,929,25
2012,2,25,14,804,24.7
2012,2,25,15,624,24.3
2012,2,25,16,412,23.6
2012,2,25,17,36,22.9
2012,2,25,18,2,22.3
2012,2,25,19,0,22
2012,2,25,20,0,21.8
2012,2,25,21,0,21.6
2012,2,25,22,0,21.5
2012,2,25,23,0,21.3
2012,2,26,0,0,21.2
2012,2,26,1,0,21.2
2012,2,26,2,0,21.1
2012,2,26,3,0,21.1
2012,2,26,4,0,21.1
2012,2,26,5,0,21.3
2012,2,26,6,25,21.7
2012,2,26,7,71,22.3
2012,2,26,8,272,22.9
2012,2,26,9,420,23.2
2012,2,26,10,510,23.9
2012,2,26,11,760,24.4
2012,2,26,12,309,24.9
2012,2,26,13,324,25.2
2012,2,26,14,183,25.3
2012,2,26,15,358,25.1
2012,2,26,16,168,24.6
2012,2,26,17,65,23.8
2012,2,26,18,0,23.2
2012,2,26,19,0,22.9
2012,2,26,20,0,22.7
2012,2,26,21,0,22.6
2012,2,26,22,0,22.6
2012,2,26,23,0,22.5
2012,2,27,0,0,22.3
2012,2,27,1,0,22
2012,2,27,2,0,21.8
2012,2,27,3,0,21.6
2012,2,27,4,0,21.5
2012,2,27,5,0,21.7
2012,2,27,6,55,22.2
2012,2,27,7,180,23
2012,2,27,8,535,23.8
2012,2,27,9,128,24.2
2012,2,27,10,849,25
2012,2,27,11,923,25.5
2012,2,27,12,932,25.9
2012,2,27,13,580,26
2012,2,27,14,616,25.9
2012,2,27,15,352,25.6
2012,2,27,16,186,25
2012,2,27,17,72,24.3
2012,2,27,18,0,23.8
2012,2,27,19,0,23.6
2012,2,27,20,0,23.4
2012,2,27,21,0,23.2
2012,2,27,22,0,23.1
2012,2,27,23,0,22.9
2012,2,28,0,0,22.7
2012,2,28,1,0,22.5
2012,2,28,2,0,22.4
2012,2,28,3,0,22.4
2012,2,28,4,0,22.3
2012,2,28,5,0,22.5
2012,2,28,6,93,22.9
2012,2,28,7,266,23.6
2012,2,28,8,490,24.6
2012,2,28,9,712,25.2
2012,2,28,10,702,26.1
2012,2,28,11,733,26.5
2012,2,28,12,644,26.8
2012,2,28,13,441,27.1
2012,2,28,14,256,27.6
2012,2,28,15,169,27.8
2012,2,28,16,118,27.6
2012,2,28,17,45,26.6
2012,2,28,18,0,25.4
2012,2,28,19,0,24.4
2012,2,28,20,0,23.4
2012,2,28,21,0,22.6
2012,2,28,22,0,21.8
2012,2,28,23,0,21.2
2012,3,1,0,0,21.3
2012,3,1,1,0,21.4
2012,3,1,2,0,21.4
2012,3,1,3,0,21.4
2012,3,1,4,0,21.5
2012,3,1,5,0,21.8
2012,3,1,6,64,22.1
2012,3,1,7,196,22.5
2012,3,1,8,382,23
2012,3,1,9,174,23.3
2012,3,1,10,406,24.8
2012,3,1,11,518,25.9
2012,3,1,12,534,26.8
2012,3,1,13,428,27
2012,3,1,14,397,26.7
2012,3,1,15,132,26.2
2012,3,1,16,101,25.4
2012,3,1,17,38,24.7
2012,3,1,18,0,24.1
2012,3,1,19,0,23.5
2012,3,1,20,0,22.4
2012,3,1,21,0,21.1
2012,3,1,22,0,20.2
2012,3,1,23,0,19.9
2012,3,2,0,0,19.7
2012,3,2,1,0,19.6
2012,3,2,2,0,19.4
2012,3,2,3,0,19.5
2012,3,2,4,0,19.8
2012,3,2,5,0,20
2012,3,2,6,6,20.3
2012,3,2,7,13,20.5
2012,3,2,8,101,20.7
2012,3,2,9,73,20.7
2012,3,2,10,142,20.3
2012,3,2,11,194,19.9
2012,3,2,12,193,19.6
2012,3,2,13,237,19.5
2012,3,2,14,189,19.5
2012,3,2,15,228,19.5
2012,3,2,16,102,19.6
2012,3,2,17,38,19.7
2012,3,2,18,0,19.6
2012,3,2,19,0,19.6
2012,3,2,20,0,19.5
2012,3,2,21,0,19.4
2012,3,2,22,0,19.3
2012,3,2,23,0,19.2
2012,3,3,0,0,19.3
2012,3,3,1,0,19.4
2012,3,3,2,0,19.4
2012,3,3,3,0,19.5
2012,3,3,4,0,19.6
2012,3,3,5,0,19.8
2012,3,3,6,26,20.3
2012,3,3,7,78,20.7
2012,3,3,8,108,21.1
2012,3,3,9,96,21.3
2012,3,3,10,137,21.3
2012,3,3,11,147,21.1
2012,3,3,12,149,21
2012,3,3,13,143,20.7
2012,3,3,14,138,20.4
2012,3,3,15,159,20
2012,3,3,16,26,19.7
2012,3,3,17,16,19.5
2012,3,3,18,0,19.6
2012,3,3,19,0,19.8
2012,3,3,20,0,20
2012,3,3,21,0,20.1
2012,3,3,22,0,20.1
2012,3,3,23,0,20.1
2012,3,4,0,0,20.1
2012,3,4,1,0,20.2
2012,3,4,2,0,20.3
2012,3,4,3,0,20.3
2012,3,4,4,0,20.3
2012,3,4,5,0,20.4
2012,3,4,6,92,20.9
2012,3,4,7,298,21.5
2012,3,4,8,511,22.4
2012,3,4,9,696,22.8
2012,3,4,10,831,24.1
2012,3,4,11,731,24.7
2012,3,4,12,736,25
2012,3,4,13,845,24.9
2012,3,4,14,618,24.6
2012,3,4,15,225,24.1
2012,3,4,16,234,23.6
2012,3,4,17,87,23.2
2012,3,4,18,0,22.9
2012,3,4,19,0,22.8
2012,3,4,20,0,22.8
2012,3,4,21,0,22.7
2012,3,4,22,0,22.6
2012,3,4,23,0,22.5
2012,3,5,0,0,22.4
2012,3,5,1,0,22.2
2012,3,5,2,0,21.8
2012,3,5,3,0,21.3
2012,3,5,4,0,20.8
2012,3,5,5,0,20.7
2012,3,5,6,109,21
2012,3,5,7,331,21.7
2012,3,5,8,554,22.4
2012,3,5,9,744,22.8
2012,3,5,10,883,23.3
2012,3,5,11,954,23.4
2012,3,5,12,957,23.2
2012,3,5,13,889,22.9
2012,3,5,14,761,22.4
2012,3,5,15,579,22
2012,3,5,16,366,21.4
2012,3,5,17,146,20.8
2012,3,5,18,0,20.3
2012,3,5,19,0,20
2012,3,5,20,0,19.9
2012,3,5,21,0,19.8
2012,3,5,22,0,19.7
2012,3,5,23,0,19.6
2012,3,6,0,0,19.5
2012,3,6,1,0,19.3
2012,3,6,2,0,19.3
2012,3,6,3,0,19.2
2012,3,6,4,0,19.2
2012,3,6,5,0,19.5
2012,3,6,6,47,20
2012,3,6,7,310,20.5
2012,3,6,8,527,20.9
2012,3,6,9,475,21
2012,3,6,10,388,21.4
2012,3,6,11,607,21.6
2012,3,6,12,612,21.6
2012,3,6,13,871,21.4
2012,3,6,14,601,21.1
2012,3,6,15,394,20.8
2012,3,6,16,272,20.5
2012,3,6,17,98,19.9
2012,3,6,18,0,19.5
2012,3,6,19,0,19.5
2012,3,6,20,0,19.4
2012,3,6,21,0,19.3
2012,3,6,22,0,19
2012,3,6,23,0,18.6
2012,3,7,0,0,18.2
2012,3,7,1,0,17.8
2012,3,7,2,0,17.6
2012,3,7,3,0,17.4
2012,3,7,4,0,17.3
2012,3,7,5,0,17.5
2012,3,7,6,96,18
2012,3,7,7,308,18.5
2012,3,7,8,381,19.1
2012,3,7,9,410,19.3
2012,3,7,10,838,19.3
2012,3,7,11,911,19.2
2012,3,7,12,919,19.2
2012,3,7,13,859,19.1
2012,3,7,14,391,19
2012,3,7,15,205,18.9
2012,3,7,16,117,18.6
2012,3,7,17,41,18.5
2012,3,7,18,0,18.6
2012,3,7,19,0,18.7
2012,3,7,20,0,18.6
2012,3,7,21,0,18.6
2012,3,7,22,0,18.5
2012,3,7,23,0,18.5
2012,3,8,0,0,18.5
2012,3,8,1,0,18.5
2012,3,8,2,0,18.5
2012,3,8,3,0,18.4
2012,3,8,4,0,18.3
2012,3,8,5,0,18.2
2012,3,8,6,5,18.2
2012,3,8,7,11,18.2
2012,3,8,8,21,18.5
2012,3,8,9,35,18.6
2012,3,8,10,252,19.2
2012,3,8,11,352,19.6
2012,3,8,12,532,19.8
2012,3,8,13,826,20.1
2012,3,8,14,338,20.4
2012,3,8,15,539,20.4
2012,3,8,16,238,20.3
2012,3,8,17,126,19.8
2012,3,8,18,0,19.3
2012,3,8,19,0,18.9
2012,3,8,20,0,18.4
2012,3,8,21,0,18
2012,3,8,22,0,17.6
2012,3,8,23,0,17.4
2012,3,9,0,0,17.2
2012,3,9,1,0,17.2
2012,3,9,2,0,17.2
2012,3,9,3,0,17.1
2012,3,9,4,0,17
2012,3,9,5,0,17.1
2012,3,9,6,99,17.8
2012,3,9,7,315,18.9
2012,3,9,8,531,20.3
2012,3,9,9,714,21
2012,3,9,10,846,22.5
2012,3,9,11,916,23.3
2012,3,9,12,918,23.7
2012,3,9,13,855,23.9
2012,3,9,14,479,23.9
2012,3,9,15,550,23.6
2012,3,9,16,253,23.1
2012,3,9,17,125,22.2
2012,3,9,18,0,21.5
2012,3,9,19,0,21.1
2012,3,9,20,0,20.7
2012,3,9,21,0,20.3
2012,3,9,22,0,19.8
2012,3,9,23,0,19.2
2012,3,10,0,0,18.7
2012,3,10,1,0,18.3
2012,3,10,2,0,18
2012,3,10,3,0,17.8
2012,3,10,4,0,17.7
2012,3,10,5,0,17.8
2012,3,10,6,91,18.6
2012,3,10,7,304,19.8
2012,3,10,8,521,21
2012,3,10,9,704,21.6
2012,3,10,10,838,22.3
2012,3,10,11,908,22.3
2012,3,10,12,913,22.2
2012,3,10,13,847,21.8
2012,3,10,14,717,21.3
2012,3,10,15,537,20.8
2012,3,10,16,324,20.3
2012,3,10,17,112,19.8
2012,3,10,18,0,19.5
2012,3,10,19,0,19.4
2012,3,10,20,0,19.3
2012,3,10,21,0,19.3
2012,3,10,22,0,19.2
2012,3,10,23,0,19.2
2012,3,11,0,0,19.1
2012,3,11,1,0,19
2012,3,11,2,0,18.9
2012,3,11,3,0,18.7
2012,3,11,4,0,18.6
2012,3,11,5,0,18.8
2012,3,11,6,87,19.4
2012,3,11,7,300,20.1
2012,3,11,8,516,20.8
2012,3,11,9,701,21.2
2012,3,11,10,833,22.1
2012,3,11,11,905,22.6
2012,3,11,12,909,22.9
2012,3,11,13,847,22.9
2012,3,11,14,718,22.7
2012,3,11,15,539,22.3
2012,3,11,16,331,21.6
2012,3,11,17,116,20.8
2012,3,11,18,0,20.2
2012,3,11,19,0,20
2012,3,11,20,0,20
2012,3,11,21,0,19.9
2012,3,11,22,0,20
2012,3,11,23,0,20
2012,3,12,0,0,19.9
2012,3,12,1,0,19.9
2012,3,12,2,0,19.8
2012,3,12,3,0,19.7
2012,3,12,4,0,19.8
2012,3,12,5,0,20.1
2012,3,12,6,21,20.8
2012,3,12,7,142,21.7
2012,3,12,8,220,22.3
2012,3,12,9,254,22.5
2012,3,12,10,358,22.7
2012,3,12,11,307,22.7
2012,3,12,12,626,22.7
2012,3,12,13,174,22.7
2012,3,12,14,160,22.5
2012,3,12,15,410,22.3
2012,3,12,16,302,21.8
2012,3,12,17,101,21.3
2012,3,12,18,0,20.8
2012,3,12,19,0,20.5
2012,3,12,20,0,20.3
2012,3,12,21,0,20.1
2012,3,12,22,0,19.9
2012,3,12,23,0,19.7
2012,3,13,0,0,19.4
2012,3,13,1,0,19.2
2012,3,13,2,0,19
2012,3,13,3,0,18.8
2012,3,13,4,0,18.8
2012,3,13,5,0,19
2012,3,13,6,80,19.8
2012,3,13,7,287,21
2012,3,13,8,499,21.9
2012,3,13,9,682,22.3
2012,3,13,10,813,22.8
2012,3,13,11,887,23.1
2012,3,13,12,893,23.2
2012,3,13,13,837,23.2
2012,3,13,14,711,23
2012,3,13,15,534,22.7
2012,3,13,16,323,22.2
2012,3,13,17,110,21.5
2012,3,13,18,0,20.9
2012,3,13,19,0,20.7
2012,3,13,20,0,20.5
2012,3,13,21,0,20.4
2012,3,13,22,0,20.2
2012,3,13,23,0,20
2012,3,14,0,0,19.9
2012,3,14,1,0,19.8
2012,3,14,2,0,19.7
2012,3,14,3,0,19.7
2012,3,14,4,0,19.6
2012,3,14,5,0,19.8
2012,3,14,6,77,20.5
2012,3,14,7,172,21.3
2012,3,14,8,495,22.1
2012,3,14,9,678,22.4
2012,3,14,10,665,23
2012,3,14,11,682,23.2
2012,3,14,12,638,23.3
2012,3,14,13,570,23.3
2012,3,14,14,685,23.2
2012,3,14,15,505,22.8
2012,3,14,16,302,22.3
2012,3,14,17,95,21.8
2012,3,14,18,0,21.5
2012,3,14,19,0,21.4
2012,3,14,20,0,21.5
2012,3,14,21,0,21.5
2012,3,14,22,0,21.5
2012,3,14,23,0,21.4
2012,3,15,0,0,21.3
2012,3,15,1,0,21.2
2012,3,15,2,0,21
2012,3,15,3,0,20.8
2012,3,15,4,0,20.7
2012,3,15,5,0,20.7
2012,3,15,6,50,21.1
2012,3,15,7,193,21.6
2012,3,15,8,352,22.1
2012,3,15,9,447,22.4
2012,3,15,10,634,23.2
2012,3,15,11,862,23.6
2012,3,15,12,867,23.9
2012,3,15,13,806,23.9
2012,3,15,14,682,23.8
2012,3,15,15,506,23.5
2012,3,15,16,174,22.9
2012,3,15,17,93,22.2
2012,3,15,18,0,21.8
2012,3,15,19,0,21.6
2012,3,15,20,0,21.5
2012,3,15,21,0,21.4
2012,3,15,22,0,21.4
2012,3,15,23,0,21.3
2012,3,16,0,0,21.1
2012,3,16,1,0,20.9
2012,3,16,2,0,20.7
2012,3,16,3,0,20.6
2012,3,16,4,0,20.5
2012,3,16,5,0,20.8
2012,3,16,6,70,21.5
2012,3,16,7,270,22.3
2012,3,16,8,478,23.1
2012,3,16,9,658,23.4
2012,3,16,10,792,24.3
2012,3,16,11,862,24.7
2012,3,16,12,865,25
2012,3,16,13,802,25
2012,3,16,14,676,24.8
2012,3,16,15,501,24.4
2012,3,16,16,276,23.8
2012,3,16,17,9,23.1
2012,3,16,18,0,22.7
2012,3,16,19,0,22.5
2012,3,16,20,0,22.3
2012,3,16,21,0,22.1
2012,3,16,22,0,22
2012,3,16,23,0,21.8
2012,3,17,0,0,21.6
2012,3,17,1,0,21.5
2012,3,17,2,0,21.4
2012,3,17,3,0,21.3
2012,3,17,4,0,21.1
2012,3,17,5,0,20.9
2012,3,17,6,4,20.6
2012,3,17,7,10,20.1
2012,3,17,8,20,20
2012,3,17,9,82,20
2012,3,17,10,190,20.5
2012,3,17,11,110,20.8
2012,3,17,12,141,20.9
2012,3,17,13,212,20.8
2012,3,17,14,209,20.7
2012,3,17,15,132,20.6
2012,3,17,16,205,20.3
2012,3,17,17,86,19.9
2012,3,17,18,0,19.6
2012,3,17,19,0,19.5
2012,3,17,20,0,19.4
2012,3,17,21,0,19.4
2012,3,17,22,0,19.4
2012,3,17,23,0,19.4
2012,3,18,0,0,19.2
2012,3,18,1,0,19.1
2012,3,18,2,0,18.9
2012,3,18,3,0,18.7
2012,3,18,4,0,18.6
2012,3,18,5,0,18.6
2012,3,18,6,71,18.8
2012,3,18,7,275,19.3
2012,3,18,8,484,19.8
2012,3,18,9,663,20.1
2012,3,18,10,507,20.8
2012,3,18,11,860,21.1
2012,3,18,12,863,21.3
2012,3,18,13,800,21.2
2012,3,18,14,674,21
2012,3,18,15,500,20.6
2012,3,18,16,223,20.1
2012,3,18,17,61,19.6
2012,3,18,18,0,19.3
2012,3,18,19,0,19.4
2012,3,18,20,0,19.5
2012,3,18,21,0,19.5
2012,3,18,22,0,19.6
2012,3,18,23,0,19.6
2012,3,19,0,0,19.5
2012,3,19,1,0,19.4
2012,3,19,2,0,19.4
2012,3,19,3,0,19.5
2012,3,19,4,0,19.5
2012,3,19,5,0,19.7
2012,3,19,6,67,20.1
2012,3,19,7,271,20.5
2012,3,19,8,480,21
2012,3,19,9,161,21.2
2012,3,19,10,443,21.6
2012,3,19,11,598,21.8
2012,3,19,12,670,21.9
2012,3,19,13,411,21.9
2012,3,19,14,350,21.6
2012,3,19,15,495,21.3
2012,3,19,16,164,20.8
2012,3,19,17,40,20.2
2012,3,19,18,0,19.9
2012,3,19,19,0,19.9
2012,3,19,20,0,19.9
2012,3,19,21,0,19.9
2012,3,19,22,0,19.8
2012,3,19,23,0,19.7
2012,3,20,0,0,19.6
2012,3,20,1,0,19.5
2012,3,20,2,0,19.4
2012,3,20,3,0,19.4
2012,3,20,4,0,19.3
2012,3,20,5,0,19.5
2012,3,20,6,22,20.3
2012,3,20,7,275,21
2012,3,20,8,217,21.5
2012,3,20,9,668,21.7
2012,3,20,10,302,22.3
2012,3,20,11,864,22.5
2012,3,20,12,865,22.5
2012,3,20,13,801,22.4
2012,3,20,14,673,22.3
2012,3,20,15,496,22
2012,3,20,16,287,21.6
2012,3,20,17,81,20.9
2012,3,20,18,0,20.4
2012,3,20,19,0,20.1
2012,3,20,20,0,19.9
2012,3,20,21,0,19.8
2012,3,20,22,0,19.6
2012,3,20,23,0,19.5
2012,3,21,0,0,19.4
2012,3,21,1,0,19.3
2012,3,21,2,0,19.3
2012,3,21,3,0,19.2
2012,3,21,4,0,19.2
2012,3,21,5,0,19.4
2012,3,21,6,65,20
2012,3,21,7,268,20.8
2012,3,21,8,478,21.7
2012,3,21,9,657,22.1
2012,3,21,10,789,23.2
2012,3,21,11,856,23.8
2012,3,21,12,603,24.2
2012,3,21,13,667,24.3
2012,3,21,14,397,24.3
2012,3,21,15,362,23.9
2012,3,21,16,274,23.2
2012,3,21,17,72,22.4
2012,3,21,18,0,22
2012,3,21,19,0,22
2012,3,21,20,0,22
2012,3,21,21,0,22
2012,3,21,22,0,22
2012,3,21,23,0,22
2012,3,22,0,0,21.7
2012,3,22,1,0,20.9
2012,3,22,2,0,19.8
2012,3,22,3,0,19
2012,3,22,4,0,18.7
2012,3,22,5,0,18.7
2012,3,22,6,4,18.9
2012,3,22,7,17,19.3
2012,3,22,8,35,19.8
2012,3,22,9,52,20.1
2012,3,22,10,141,20.7
2012,3,22,11,79,21
2012,3,22,12,197,21.1
2012,3,22,13,160,20.9
2012,3,22,14,114,20.7
2012,3,22,15,175,20.4
2012,3,22,16,106,19.9
2012,3,22,17,23,19.3
2012,3,22,18,0,18.9
2012,3,22,19,0,18.8
2012,3,22,20,0,18.8
2012,3,22,21,0,18.8
2012,3,22,22,0,18.8
2012,3,22,23,0,18.7
2012,3,23,0,0,18.7
2012,3,23,1,0,18.7
2012,3,23,2,0,18.7
2012,3,23,3,0,18.6
2012,3,23,4,0,18.4
2012,3,23,5,0,18.2
2012,3,23,6,60,18.4
2012,3,23,7,266,18.8
2012,3,23,8,486,19.5
2012,3,23,9,675,19.8
2012,3,23,10,811,21
2012,3,23,11,880,21.8
2012,3,23,12,882,22.4
2012,3,23,13,816,22.7
2012,3,23,14,683,22.7
2012,3,23,15,501,22.3
2012,3,23,16,284,21.3
2012,3,23,17,72,20.1
2012,3,23,18,0,19.1
2012,3,23,19,0,18.4
2012,3,23,20,0,17.8
2012,3,23,21,0,17.1
2012,3,23,22,0,16.6
2012,3,23,23,0,16.1
2012,3,24,0,0,15.7
2012,3,24,1,0,15.4
2012,3,24,2,0,15.1
2012,3,24,3,0,14.9
2012,3,24,4,0,14.7
2012,3,24,5,0,14.8
2012,3,24,6,64,15.5
2012,3,24,7,275,16.5
2012,3,24,8,491,17.4
2012,3,24,9,676,17.9
2012,3,24,10,808,19
2012,3,24,11,876,19.8
2012,3,24,12,876,20.4
2012,3,24,13,807,20.8
2012,3,24,14,674,21
2012,3,24,15,490,20.9
2012,3,24,16,277,20.4
2012,3,24,17,69,19.6
2012,3,24,18,0,19
2012,3,24,19,0,18.7
2012,3,24,20,0,18.4
2012,3,24,21,0,18
2012,3,24,22,0,17.7
2012,3,24,23,0,17.5
2012,3,25,0,0,17.4
2012,3,25,1,0,17.3
2012,3,25,2,0,17.2
2012,3,25,3,0,17.3
2012,3,25,4,0,17.5
2012,3,25,5,0,17.7
2012,3,25,6,19,18.3
2012,3,25,7,103,18.9
2012,3,25,8,190,19.4
2012,3,25,9,244,19.6
2012,3,25,10,253,20
2012,3,25,11,180,20.1
2012,3,25,12,490,20.1
2012,3,25,13,770,20.1
2012,3,25,14,478,20
2012,3,25,15,340,19.8
2012,3,25,16,186,19.4
2012,3,25,17,58,19
2012,3,25,18,0,18.7
2012,3,25,19,0,18.7
2012,3,25,20,0,18.7
2012,3,25,21,0,18.7
2012,3,25,22,0,18.7
2012,3,25,23,0,18.7
2012,3,26,0,0,18.6
2012,3,26,1,0,18.5
2012,3,26,2,0,18.3
2012,3,26,3,0,18.3
2012,3,26,4,0,18.3
2012,3,26,5,0,18.4
2012,3,26,6,4,19
2012,3,26,7,16,19.9
2012,3,26,8,282,20.6
2012,3,26,9,639,20.8
2012,3,26,10,760,21.4
2012,3,26,11,827,21.7
2012,3,26,12,826,21.9
2012,3,26,13,762,22
2012,3,26,14,633,22
2012,3,26,15,454,21.7
2012,3,26,16,249,21.3
2012,3,26,17,54,20.6
2012,3,26,18,0,20.2
2012,3,26,19,0,20.1
2012,3,26,20,0,20
2012,3,26,21,0,19.9
2012,3,26,22,0,19.7
2012,3,26,23,0,19.5
2012,3,27,0,0,19.3
2012,3,27,1,0,19
2012,3,27,2,0,18.9
2012,3,27,3,0,18.8
2012,3,27,4,0,18.8
2012,3,27,5,0,18.9
2012,3,27,6,27,19.5
2012,3,27,7,146,20.7
2012,3,27,8,273,21.7
2012,3,27,9,541,22
2012,3,27,10,753,22.9
2012,3,27,11,819,23.4
2012,3,27,12,819,23.6
2012,3,27,13,750,23.6
2012,3,27,14,490,23.2
2012,3,27,15,312,22.7
2012,3,27,16,189,22.1
2012,3,27,17,32,21.5
2012,3,27,18,0,21.3
2012,3,27,19,0,21.2
2012,3,27,20,0,21.2
2012,3,27,21,0,21.2
2012,3,27,22,0,21
2012,3,27,23,0,20.9
2012,3,28,0,0,20.8
2012,3,28,1,0,20.6
2012,3,28,2,0,20.4
2012,3,28,3,0,20.1
2012,3,28,4,0,20
2012,3,28,5,0,20.1
2012,3,28,6,4,20.5
2012,3,28,7,9,21
2012,3,28,8,295,21.5
2012,3,28,9,504,21.8
2012,3,28,10,450,21.7
2012,3,28,11,385,21.7
2012,3,28,12,83,21.7
2012,3,28,13,395,21.8
2012,3,28,14,344,22
2012,3,28,15,278,22
2012,3,28,16,119,21.6
2012,3,28,17,20,21.1
2012,3,28,18,0,20.8
2012,3,28,19,0,20.8
2012,3,28,20,0,20.7
2012,3,28,21,0,20.5
2012,3,28,22,0,20.3
2012,3,28,23,0,20.2
2012,3,29,0,0,20.1
2012,3,29,1,0,19.8
2012,3,29,2,0,19.6
2012,3,29,3,0,19.3
2012,3,29,4,0,19
2012,3,29,5,0,18.9
2012,3,29,6,44,19.3
2012,3,29,7,232,20.1
2012,3,29,8,435,21.1
2012,3,29,9,610,21.8
2012,3,29,10,744,23.1
2012,3,29,11,809,23.6
2012,3,29,12,808,23.7
2012,3,29,13,744,23.6
2012,3,29,14,615,23.2
2012,3,29,15,438,22.6
2012,3,29,16,234,21.8
2012,3,29,17,21,20.8
2012,3,29,18,0,20.2
2012,3,29,19,0,19.9
2012,3,29,20,0,19.6
2012,3,29,21,0,19.4
2012,3,29,22,0,19.2
2012,3,29,23,0,18.9
2012,3,30,0,0,18.7
2012,3,30,1,0,18.5
2012,3,30,2,0,18.4
2012,3,30,3,0,18.4
2012,3,30,4,0,18.3
2012,3,30,5,0,18.4
2012,3,30,6,21,18.9
2012,3,30,7,177,19.6
2012,3,30,8,270,20.4
2012,3,30,9,609,20.8
2012,3,30,10,611,21.7
2012,3,30,11,803,22.2
2012,3,30,12,802,22.4
2012,3,30,13,732,22.5
2012,3,30,14,606,22.4
2012,3,30,15,431,22.1
2012,3,30,16,166,21.5
2012,3,30,17,42,20.7
2012,3,30,18,0,20.2
2012,3,30,19,0,20.1
2012,3,30,20,0,20
2012,3,30,21,0,20
2012,3,30,22,0,20.1
2012,3,30,23,0,20.1
2012,3,31,0,0,20
2012,3,31,1,0,19.7
2012,3,31,2,0,19.2
2012,3,31,3,0,18.8
2012,3,31,4,0,18.6
2012,3,31,5,0,18.6
2012,3,31,6,44,19
2012,3,31,7,236,20
2012,3,31,8,293,21
2012,3,31,9,619,21.6
2012,3,31,10,748,22.9
2012,3,31,11,657,23.6
2012,3,31,12,534,24.2
2012,3,31,13,597,24.5
2012,3,31,14,621,24.5
2012,3,31,15,442,24.1
2012,3,31,16,234,23.1
2012,3,31,17,41,22
2012,3,31,18,0,21.2
2012,3,31,19,0,20.8
2012,3,31,20,0,20.5
2012,3,31,21,0,20.2
2012,3,31,22,0,19.8
2012,3,31,23,0,19.5
2012,4,1,0,0,19.2
2012,4,1,1,0,18.9
2012,4,1,2,0,18.7
2012,4,1,3,0,18.5
2012,4,1,4,0,18.2
2012,4,1,5,0,18.1
2012,4,1,6,41,18.5
2012,4,1,7,231,19.5
2012,4,1,8,433,20.8
2012,4,1,9,607,21.6
2012,4,1,10,734,23.6
2012,4,1,11,798,24.3
2012,4,1,12,794,24.6
2012,4,1,13,726,24.5
2012,4,1,14,439,24.2
2012,4,1,15,161,23.8
2012,4,1,16,43,23.1
2012,4,1,17,9,22.5
2012,4,1,18,0,22.1
2012,4,1,19,0,21.9
2012,4,1,20,0,21.6
2012,4,1,21,0,21.1
2012,4,1,22,0,20.7
2012,4,1,23,0,20.4
2012,4,2,0,0,20.2
2012,4,2,1,0,20.2
2012,4,2,2,0,20.1
2012,4,2,3,0,20.1
2012,4,2,4,0,20
2012,4,2,5,0,20
2012,4,2,6,36,20.2
2012,4,2,7,217,20.7
2012,4,2,8,417,21.2
2012,4,2,9,590,21.6
2012,4,2,10,723,22.5
2012,4,2,11,787,23
2012,4,2,12,784,23.4
2012,4,2,13,724,23.5
2012,4,2,14,595,23.4
2012,4,2,15,417,23
2012,4,2,16,213,22.2
2012,4,2,17,31,21.4
2012,4,2,18,0,20.9
2012,4,2,19,0,20.7
2012,4,2,20,0,20.7
2012,4,2,21,0,20.7
2012,4,2,22,0,20.6
2012,4,2,23,0,20.3
2012,4,3,0,0,20
2012,4,3,1,0,19.6
2012,4,3,2,0,19.2
2012,4,3,3,0,18.9
2012,4,3,4,0,18.7
2012,4,3,5,0,18.5
2012,4,3,6,17,18.9
2012,4,3,7,90,19.9
2012,4,3,8,223,21.2
2012,4,3,9,455,22
2012,4,3,10,514,23.8
2012,4,3,11,543,24.5
2012,4,3,12,695,25.1
2012,4,3,13,718,25.3
2012,4,3,14,587,25.2
2012,4,3,15,409,24.8
2012,4,3,16,162,23.9
2012,4,3,17,22,22.8
2012,4,3,18,0,22.2
2012,4,3,19,0,21.8
2012,4,3,20,0,21.5
2012,4,3,21,0,21.3
2012,4,3,22,0,21
2012,4,3,23,0,20.8
2012,4,4,0,0,20.6
2012,4,4,1,0,20.3
2012,4,4,2,0,20
2012,4,4,3,0,19.8
2012,4,4,4,0,19.7
2012,4,4,5,0,19.8
2012,4,4,6,32,20.4
2012,4,4,7,208,21.5
2012,4,4,8,404,22.6
2012,4,4,9,574,23
2012,4,4,10,701,24
2012,4,4,11,765,24.4
2012,4,4,12,761,24.5
2012,4,4,13,695,24.4
2012,4,4,14,570,24.1
2012,4,4,15,399,23.7
2012,4,4,16,202,22.9
2012,4,4,17,26,22.1
2012,4,4,18,0,21.6
2012,4,4,19,0,21.4
2012,4,4,20,0,21.2
2012,4,4,21,0,21.1
2012,4,4,22,0,20.9
2012,4,4,23,0,20.8
2012,4,5,0,0,20.6
2012,4,5,1,0,20.5
2012,4,5,2,0,20.3
2012,4,5,3,0,20.1
2012,4,5,4,0,20
2012,4,5,5,0,20
2012,4,5,6,33,20.6
2012,4,5,7,214,21.8
2012,4,5,8,414,22.6
2012,4,5,9,586,22.9
2012,4,5,10,705,23.7
2012,4,5,11,769,24
2012,4,5,12,766,24.2
2012,4,5,13,704,24.1
2012,4,5,14,576,23.8
2012,4,5,15,401,23.4
2012,4,5,16,200,22.6
2012,4,5,17,24,21.7
2012,4,5,18,0,21.2
2012,4,5,19,0,20.9
2012,4,5,20,0,20.7
2012,4,5,21,0,20.6
2012,4,5,22,0,20.4
2012,4,5,23,0,20.3
2012,4,6,0,0,20.2
2012,4,6,1,0,20
2012,4,6,2,0,19.8
2012,4,6,3,0,19.7
2012,4,6,4,0,19.6
2012,4,6,5,0,19.7
2012,4,6,6,34,20.3
2012,4,6,7,220,21.3
2012,4,6,8,423,22.2
2012,4,6,9,596,22.5
2012,4,6,10,720,23.2
2012,4,6,11,784,23.5
2012,4,6,12,781,23.8
2012,4,6,13,713,23.9
2012,4,6,14,582,23.8
2012,4,6,15,404,23.4
2012,4,6,16,202,22.6
2012,4,6,17,23,21.6
2012,4,6,18,0,21
2012,4,6,19,0,20.7
2012,4,6,20,0,20.6
2012,4,6,21,0,20.5
2012,4,6,22,0,20.5
2012,4,6,23,0,20.3
2012,4,7,0,0,20
2012,4,7,1,0,19.7
2012,4,7,2,0,19.4
2012,4,7,3,0,19.2
2012,4,7,4,0,19
2012,4,7,5,0,19
2012,4,7,6,9,19.2
2012,4,7,7,197,19.9
2012,4,7,8,402,21.2
2012,4,7,9,585,22.2
2012,4,7,10,730,23.8
2012,4,7,11,799,24.2
2012,4,7,12,793,24.1
2012,4,7,13,719,23.7
2012,4,7,14,579,23.1
2012,4,7,15,395,22.2
2012,4,7,16,191,21.1
2012,4,7,17,18,20
2012,4,7,18,0,19.5
2012,4,7,19,0,19.3
2012,4,7,20,0,19.2
2012,4,7,21,0,19.1
2012,4,7,22,0,19
2012,4,7,23,0,19
2012,4,8,0,0,19
2012,4,8,1,0,19
2012,4,8,2,0,19
2012,4,8,3,0,19.1
2012,4,8,4,0,19.1
2012,4,8,5,0,19.3
2012,4,8,6,11,20
2012,4,8,7,95,21
2012,4,8,8,106,21.7
2012,4,8,9,45,22.1
2012,4,8,10,205,22.6
2012,4,8,11,272,22.8
2012,4,8,12,234,23
2012,4,8,13,499,23.2
2012,4,8,14,438,23.2
2012,4,8,15,244,23
2012,4,8,16,107,22.5
2012,4,8,17,9,22
2012,4,8,18,0,21.6
2012,4,8,19,0,21.3
2012,4,8,20,0,20.9
2012,4,8,21,0,20.5
2012,4,8,22,0,20
2012,4,8,23,0,19.5
2012,4,9,0,0,18.7
2012,4,9,1,0,17.8
2012,4,9,2,0,16.9
2012,4,9,3,0,16.3
2012,4,9,4,0,15.8
2012,4,9,5,0,15.4
2012,4,9,6,32,15.8
2012,4,9,7,224,16.8
2012,4,9,8,430,17.9
2012,4,9,9,604,18.5
2012,4,9,10,725,19.9
2012,4,9,11,789,20.5
2012,4,9,12,782,21.1
2012,4,9,13,714,21.6
2012,4,9,14,581,21.9
2012,4,9,15,402,22
2012,4,9,16,196,21.2
2012,4,9,17,17,20.1
2012,4,9,18,0,19.3
2012,4,9,19,0,18.4
2012,4,9,20,0,17.6
2012,4,9,21,0,17
2012,4,9,22,0,16.2
2012,4,9,23,0,15.3
2012,4,10,0,0,14.5
2012,4,10,1,0,14.1
2012,4,10,2,0,13.7
2012,4,10,3,0,13.3
2012,4,10,4,0,13.1
2012,4,10,5,0,13.1
2012,4,10,6,15,13.6
2012,4,10,7,141,14.4
2012,4,10,8,402,15.2
2012,4,10,9,579,15.6
2012,4,10,10,708,16.4
2012,4,10,11,770,16.8
2012,4,10,12,766,17
2012,4,10,13,553,17.1
2012,4,10,14,563,17.1
2012,4,10,15,383,16.9
2012,4,10,16,179,16.6
2012,4,10,17,6,16.3
2012,4,10,18,0,16.2
2012,4,10,19,0,16.1
2012,4,10,20,0,16.1
2012,4,10,21,0,16.1
2012,4,10,22,0,16.1
2012,4,10,23,0,16
2012,4,11,0,0,15.9
2012,4,11,1,0,15.7
2012,4,11,2,0,15.4
2012,4,11,3,0,15.2
2012,4,11,4,0,15.2
2012,4,11,5,0,15.4
2012,4,11,6,4,15.8
2012,4,11,7,27,16.3
2012,4,11,8,63,17
2012,4,11,9,538,17.4
2012,4,11,10,287,18.2
2012,4,11,11,524,18.4
2012,4,11,12,339,18.6
2012,4,11,13,373,18.7
2012,4,11,14,535,18.8
2012,4,11,15,365,18.8
2012,4,11,16,55,18.4
2012,4,11,17,12,18
2012,4,11,18,0,17.8
2012,4,11,19,0,17.7
2012,4,11,20,0,17.6
2012,4,11,21,0,17.5
2012,4,11,22,0,17.2
2012,4,11,23,0,16.9
2012,4,12,0,0,16.7
2012,4,12,1,0,16.6
2012,4,12,2,0,16.5
2012,4,12,3,0,16.5
2012,4,12,4,0,16.5
2012,4,12,5,0,16.7
2012,4,12,6,24,17.2
2012,4,12,7,201,18
2012,4,12,8,399,18.8
2012,4,12,9,568,19.2
2012,4,12,10,684,19.8
2012,4,12,11,744,20
2012,4,12,12,742,20.1
2012,4,12,13,674,20.2
2012,4,12,14,546,20.2
2012,4,12,15,375,20
2012,4,12,16,175,19.4
2012,4,12,17,0,18.7
2012,4,12,18,0,18.4
2012,4,12,19,0,18.3
2012,4,12,20,0,18.4
2012,4,12,21,0,18.5
2012,4,12,22,0,18.3
2012,4,12,23,0,17.8
2012,4,13,0,0,17.2
2012,4,13,1,0,16.6
2012,4,13,2,0,16.1
2012,4,13,3,0,15.7
2012,4,13,4,0,15.3
2012,4,13,5,0,15
2012,4,13,6,23,15.5
2012,4,13,7,201,16.8
2012,4,13,8,399,18.3
2012,4,13,9,569,19.1
2012,4,13,10,693,21.1
2012,4,13,11,756,22
2012,4,13,12,752,22.7
2012,4,13,13,681,23.1
2012,4,13,14,551,23
2012,4,13,15,373,22.5
2012,4,13,16,172,21.3
2012,4,13,17,0,20.2
2012,4,13,18,0,19.5
2012,4,13,19,0,19.2
2012,4,13,20,0,19
2012,4,13,21,0,18.7
2012,4,13,22,0,18.4
2012,4,13,23,0,18
2012,4,14,0,0,17.6
2012,4,14,1,0,17.3
2012,4,14,2,0,17.1
2012,4,14,3,0,16.9
2012,4,14,4,0,16.7
2012,4,14,5,0,16.6
2012,4,14,6,21,17
2012,4,14,7,191,18.2
2012,4,14,8,385,19.7
2012,4,14,9,427,20.5
2012,4,14,10,516,21.9
2012,4,14,11,534,22.5
2012,4,14,12,504,22.8
2012,4,14,13,650,22.8
2012,4,14,14,259,22.7
2012,4,14,15,265,22.4
2012,4,14,16,114,21.8
2012,4,14,17,0,21
2012,4,14,18,0,20.4
2012,4,14,19,0,20.2
2012,4,14,20,0,20.1
2012,4,14,21,0,19.9
2012,4,14,22,0,19.8
2012,4,14,23,0,19.6
2012,4,15,0,0,19.4
2012,4,15,1,0,19.4
2012,4,15,2,0,19.4
2012,4,15,3,0,19.3
2012,4,15,4,0,19.2
2012,4,15,5,0,19.1
2012,4,15,6,12,19.2
2012,4,15,7,117,19.9
2012,4,15,8,374,21
2012,4,15,9,540,21.6
2012,4,15,10,502,23.3
2012,4,15,11,563,23.7
2012,4,15,12,511,23.8
2012,4,15,13,380,23.6
2012,4,15,14,295,23.3
2012,4,15,15,158,22.8
2012,4,15,16,62,22
2012,4,15,17,0,21.2
2012,4,15,18,0,20.8
2012,4,15,19,0,20.6
2012,4,15,20,0,20.6
2012,4,15,21,0,20.5
2012,4,15,22,0,20.4
2012,4,15,23,0,20.1
2012,4,16,0,0,19.8
2012,4,16,1,0,19.5
2012,4,16,2,0,19.2
2012,4,16,3,0,18.9
2012,4,16,4,0,18.7
2012,4,16,5,0,18.6
2012,4,16,6,12,18.8
2012,4,16,7,136,19.5
2012,4,16,8,291,20.5
2012,4,16,9,429,21
2012,4,16,10,524,22.2
2012,4,16,11,603,22.7
2012,4,16,12,711,22.8
2012,4,16,13,645,22.6
2012,4,16,14,420,22.2
2012,4,16,15,207,21.7
2012,4,16,16,79,21.1
2012,4,16,17,0,20.5
2012,4,16,18,0,20.2
2012,4,16,19,0,20
2012,4,16,20,0,19.7
2012,4,16,21,0,19.5
2012,4,16,22,0,19.3
2012,4,16,23,0,19.2
2012,4,17,0,0,19.2
2012,4,17,1,0,19.2
2012,4,17,2,0,19.2
2012,4,17,3,0,19.3
2012,4,17,4,0,19.4
2012,4,17,5,0,19.4
2012,4,17,6,6,19.6
2012,4,17,7,29,19.8
2012,4,17,8,65,20
2012,4,17,9,24,20.1
2012,4,17,10,198,20.1
2012,4,17,11,38,20
2012,4,17,12,165,20
2012,4,17,13,237,19.8
2012,4,17,14,88,19.5
2012,4,17,15,100,19.2
2012,4,17,16,39,18.9
2012,4,17,17,0,18.8
2012,4,17,18,0,18.8
2012,4,17,19,0,18.9
2012,4,17,20,0,19
2012,4,17,21,0,19.1
2012,4,17,22,0,19.1
2012,4,17,23,0,19.2
2012,4,18,0,0,19.3
2012,4,18,1,0,19.5
2012,4,18,2,0,19.7
2012,4,18,3,0,20
2012,4,18,4,0,20.3
2012,4,18,5,0,20.5
2012,4,18,6,2,20.6
2012,4,18,7,14,20.8
2012,4,18,8,29,21.2
2012,4,18,9,27,21.3
2012,4,18,10,265,21.6
2012,4,18,11,288,21.6
2012,4,18,12,152,21.4
2012,4,18,13,212,21.1
2012,4,18,14,119,20.8
2012,4,18,15,120,20.7
2012,4,18,16,46,20.6
2012,4,18,17,0,20.5
2012,4,18,18,0,20.6
2012,4,18,19,0,20.7
2012,4,18,20,0,20.7
2012,4,18,21,0,20.6
2012,4,18,22,0,20.3
2012,4,18,23,0,20.1
2012,4,19,0,0,20
2012,4,19,1,0,20.2
2012,4,19,2,0,20.5
2012,4,19,3,0,20.7
2012,4,19,4,0,20.7
2012,4,19,5,0,20.5
2012,4,19,6,7,20.4
2012,4,19,7,106,20.4
2012,4,19,8,240,20.6
2012,4,19,9,203,20.8
2012,4,19,10,618,21.4
2012,4,19,11,671,21.7
2012,4,19,12,304,21.9
2012,4,19,13,321,21.7
2012,4,19,14,337,21.5
2012,4,19,15,160,21.3
2012,4,19,16,57,21.2
2012,4,19,17,0,21.1
2012,4,19,18,0,21.1
2012,4,19,19,0,21
2012,4,19,20,0,20.9
2012,4,19,21,0,20.7
2012,4,19,22,0,20.4
2012,4,19,23,0,20
2012,4,20,0,0,19.7
2012,4,20,1,0,19.4
2012,4,20,2,0,19.2
2012,4,20,3,0,19
2012,4,20,4,0,18.8
2012,4,20,5,0,18.5
2012,4,20,6,12,18.5
2012,4,20,7,167,18.8
2012,4,20,8,355,19.4
2012,4,20,9,518,19.8
2012,4,20,10,637,21.5
2012,4,20,11,615,22.5
2012,4,20,12,424,23.2
2012,4,20,13,623,23.5
2012,4,20,14,361,23.3
2012,4,20,15,193,22.7
2012,4,20,16,130,21.9
2012,4,20,17,0,21.3
2012,4,20,18,0,20.9
2012,4,20,19,0,20.6
2012,4,20,20,0,20.4
2012,4,20,21,0,20.3
2012,4,20,22,0,20.2
2012,4,20,23,0,20.1
2012,4,21,0,0,20
2012,4,21,1,0,19.6
2012,4,21,2,0,19.4
2012,4,21,3,0,19.5
2012,4,21,4,0,19.7
2012,4,21,5,0,19.9
2012,4,21,6,2,20.1
2012,4,21,7,39,20.4
2012,4,21,8,91,20.8
2012,4,21,9,225,21
2012,4,21,10,419,21.5
2012,4,21,11,473,21.8
2012,4,21,12,384,22
2012,4,21,13,608,22.1
2012,4,21,14,483,22.1
2012,4,21,15,315,21.9
2012,4,21,16,128,21.3
2012,4,21,17,0,20.6
2012,4,21,18,0,20.3
2012,4,21,19,0,20.3
2012,4,21,20,0,20.3
2012,4,21,21,0,20.4
2012,4,21,22,0,20.3
2012,4,21,23,0,20
2012,4,22,0,0,19.5
2012,4,22,1,0,18.9
2012,4,22,2,0,18.5
2012,4,22,3,0,18.3
2012,4,22,4,0,18.2
2012,4,22,5,0,18.1
2012,4,22,6,0,18.4
2012,4,22,7,163,19.1
2012,4,22,8,100,19.7
2012,4,22,9,376,20
2012,4,22,10,516,21.4
2012,4,22,11,492,22.3
2012,4,22,12,196,22.9
2012,4,22,13,273,23
2012,4,22,14,117,22.7
2012,4,22,15,135,22.3
2012,4,22,16,49,21.8
2012,4,22,17,0,21.4
2012,4,22,18,0,21.2
2012,4,22,19,0,21
2012,4,22,20,0,20.8
2012,4,22,21,0,20.6
2012,4,22,22,0,20.4
2012,4,22,23,0,20.2
2012,4,23,0,0,19.9
2012,4,23,1,0,19.6
2012,4,23,2,0,19.4
2012,4,23,3,0,19.2
2012,4,23,4,0,19.1
2012,4,23,5,0,19
2012,4,23,6,0,19.1
2012,4,23,7,7,19.2
2012,4,23,8,14,19.3
2012,4,23,9,34,19.4
2012,4,23,10,62,19.8
2012,4,23,11,90,20.1
2012,4,23,12,83,20.2
2012,4,23,13,94,20.2
2012,4,23,14,130,20
2012,4,23,15,114,19.8
2012,4,23,16,41,19.6
2012,4,23,17,0,19.4
2012,4,23,18,0,19.3
2012,4,23,19,0,19.3
2012,4,23,20,0,19.1
2012,4,23,21,0,18.8
2012,4,23,22,0,18.3
2012,4,23,23,0,18
2012,4,24,0,0,17.7
2012,4,24,1,0,17.4
2012,4,24,2,0,17.1
2012,4,24,3,0,16.8
2012,4,24,4,0,16.6
2012,4,24,5,0,16.4
2012,4,24,6,0,16.7
2012,4,24,7,161,17.4
2012,4,24,8,350,18.5
2012,4,24,9,512,19.2
2012,4,24,10,626,20.9
2012,4,24,11,679,21.6
2012,4,24,12,670,21.9
2012,4,24,13,29,21.6
2012,4,24,14,464,20.6
2012,4,24,15,200,19.3
2012,4,24,16,120,17.8
2012,4,24,17,0,16.7
2012,4,24,18,0,15.9
2012,4,24,19,0,15.3
2012,4,24,20,0,14.9
2012,4,24,21,0,14.6
2012,4,24,22,0,14.4
2012,4,24,23,0,14.2
2012,4,25,0,0,14
2012,4,25,1,0,13.8
2012,4,25,2,0,13.5
2012,4,25,3,0,13.1
2012,4,25,4,0,12.8
2012,4,25,5,0,12.6
2012,4,25,6,0,12.7
2012,4,25,7,169,13.5
2012,4,25,8,363,14.4
2012,4,25,9,529,14.9
2012,4,25,10,642,16.6
2012,4,25,11,698,17.5
2012,4,25,12,689,18
2012,4,25,13,614,18.2
2012,4,25,14,482,18.1
2012,4,25,15,310,17.7
2012,4,25,16,121,17
2012,4,25,17,0,16.5
2012,4,25,18,0,16.2
2012,4,25,19,0,16
2012,4,25,20,0,15.9
2012,4,25,21,0,15.8
2012,4,25,22,0,15.9
2012,4,25,23,0,16.1
2012,4,26,0,0,16.3
2012,4,26,1,0,16.4
2012,4,26,2,0,16.3
2012,4,26,3,0,16.3
2012,4,26,4,0,16.1
2012,4,26,5,0,15.9
2012,4,26,6,0,16
2012,4,26,7,160,16.7
2012,4,26,8,275,17.6
2012,4,26,9,400,18.1
2012,4,26,10,528,19
2012,4,26,11,586,19.3
2012,4,26,12,523,19.6
2012,4,26,13,466,19.6
2012,4,26,14,287,19.4
2012,4,26,15,216,19
2012,4,26,16,77,18.5
2012,4,26,17,0,18.2
2012,4,26,18,0,18.1
2012,4,26,19,0,18.1
2012,4,26,20,0,18.2
2012,4,26,21,0,18.1
2012,4,26,22,0,18
2012,4,26,23,0,17.7
2012,4,27,0,0,17.5
2012,4,27,1,0,17.2
2012,4,27,2,0,16.8
2012,4,27,3,0,16.4
2012,4,27,4,0,16
2012,4,27,5,0,15.8
2012,4,27,6,0,16
2012,4,27,7,153,16.9
2012,4,27,8,337,17.8
2012,4,27,9,495,18.2
2012,4,27,10,608,19.2
2012,4,27,11,662,19.7
2012,4,27,12,652,20
2012,4,27,13,589,20.1
2012,4,27,14,460,20
2012,4,27,15,291,19.7
2012,4,27,16,107,19
2012,4,27,17,0,18.4
2012,4,27,18,0,18.2
2012,4,27,19,0,18.1
2012,4,27,20,0,18.2
2012,4,27,21,0,18.4
2012,4,27,22,0,18.6
2012,4,27,23,0,18.7
2012,4,28,0,0,18.7
2012,4,28,1,0,18.3
2012,4,28,2,0,17.9
2012,4,28,3,0,17.6
2012,4,28,4,0,17.6
2012,4,28,5,0,17.5
2012,4,28,6,0,17.5
2012,4,28,7,99,17.9
2012,4,28,8,236,18.6
2012,4,28,9,331,18.9
2012,4,28,10,368,19.9
2012,4,28,11,429,20.3
2012,4,28,12,493,20.7
2012,4,28,13,467,21
2012,4,28,14,355,21.1
2012,4,28,15,290,20.9
2012,4,28,16,106,20.3
2012,4,28,17,0,19.6
2012,4,28,18,0,19.1
2012,4,28,19,0,18.6
2012,4,28,20,0,18
2012,4,28,21,0,17.4
2012,4,28,22,0,16.8
2012,4,28,23,0,16.3
2012,4,29,0,0,16
2012,4,29,1,0,15.9
2012,4,29,2,0,15.8
2012,4,29,3,0,15.7
2012,4,29,4,0,15.7
2012,4,29,5,0,15.9
2012,4,29,6,0,16.5
2012,4,29,7,146,17.6
2012,4,29,8,181,18.6
2012,4,29,9,366,18.9
2012,4,29,10,426,18.8
2012,4,29,11,396,18.6
2012,4,29,12,293,18.5
2012,4,29,13,405,18.4
2012,4,29,14,346,18.2
2012,4,29,15,174,17.9
2012,4,29,16,98,17.4
2012,4,29,17,0,17.1
2012,4,29,18,0,17
2012,4,29,19,0,16.9
2012,4,29,20,0,16.9
2012,4,29,21,0,16.8
2012,4,29,22,0,16.7
2012,4,29,23,0,16.6
2012,4,30,0,0,16.5
2012,4,30,1,0,16.3
2012,4,30,2,0,16.1
2012,4,30,3,0,16
2012,4,30,4,0,16
2012,4,30,5,0,15.9
2012,4,30,6,0,16.3
2012,4,30,7,93,17.1
2012,4,30,8,231,17.9
2012,4,30,9,303,18.2
2012,4,30,10,186,18.7
2012,4,30,11,289,18.9
2012,4,30,12,420,18.9
2012,4,30,13,242,19
2012,4,30,14,447,18.9
2012,4,30,15,280,18.8
2012,4,30,16,29,18.4
2012,4,30,17,0,18.1
2012,4,30,18,0,17.9
2012,4,30,19,0,17.7
2012,4,30,20,0,17.6
2012,4,30,21,0,17.4
2012,4,30,22,0,17.3
2012,4,30,23,0,17.2
2012,5,1,0,0,17.1
2012,5,1,1,0,17
2012,5,1,2,0,16.7
2012,5,1,3,0,16.5
2012,5,1,4,0,16.2
2012,5,1,5,0,15.9
2012,5,1,6,0,16
2012,5,1,7,144,16.7
2012,5,1,8,327,17.7
2012,5,1,9,486,18.2
2012,5,1,10,596,19.4
2012,5,1,11,650,19.8
2012,5,1,12,641,20
2012,5,1,13,567,20.2
2012,5,1,14,440,20.3
2012,5,1,15,273,20.2
2012,5,1,16,28,19.8
2012,5,1,17,0,19.4
2012,5,1,18,0,19.2
2012,5,1,19,0,19
2012,5,1,20,0,18.7
2012,5,1,21,0,18.3
2012,5,1,22,0,17.9
2012,5,1,23,0,17.5
2012,5,2,0,0,17.1
2012,5,2,1,0,16.8
2012,5,2,2,0,16.4
2012,5,2,3,0,16.1
2012,5,2,4,0,15.8
2012,5,2,5,0,15.5
2012,5,2,6,0,15.7
2012,5,2,7,139,16.5
2012,5,2,8,320,17.7
2012,5,2,9,478,18.3
2012,5,2,10,593,20.1
2012,5,2,11,647,21
2012,5,2,12,638,21.7
2012,5,2,13,569,22.1
2012,5,2,14,441,22.1
2012,5,2,15,273,21.6
2012,5,2,16,64,20.7
2012,5,2,17,0,20.1
2012,5,2,18,0,19.7
2012,5,2,19,0,19.4
2012,5,2,20,0,19.1
2012,5,2,21,0,18.7
2012,5,2,22,0,18.3
2012,5,2,23,0,17.9
2012,5,3,0,0,17.6
2012,5,3,1,0,17.4
2012,5,3,2,0,17.2
2012,5,3,3,0,17.1
2012,5,3,4,0,16.9
2012,5,3,5,0,16.7
2012,5,3,6,0,16.8
2012,5,3,7,128,17
2012,5,3,8,303,17.3
2012,5,3,9,457,17.5
2012,5,3,10,575,18.3
2012,5,3,11,629,18.9
2012,5,3,12,623,19.2
2012,5,3,13,558,19.3
2012,5,3,14,432,19.3
2012,5,3,15,266,19.1
2012,5,3,16,87,18.6
2012,5,3,17,0,18.1
2012,5,3,18,0,17.9
2012,5,3,19,0,17.9
2012,5,3,20,0,17.8
2012,5,3,21,0,17.6
2012,5,3,22,0,17.1
2012,5,3,23,0,16.6
2012,5,4,0,0,16
2012,5,4,1,0,15.5
2012,5,4,2,0,15.2
2012,5,4,3,0,14.9
2012,5,4,4,0,14.7
2012,5,4,5,0,14.4
2012,5,4,6,0,14.5
2012,5,4,7,132,15
2012,5,4,8,312,15.8
2012,5,4,9,470,16.3
2012,5,4,10,588,17.4
2012,5,4,11,644,18
2012,5,4,12,635,18.5
2012,5,4,13,566,18.7
2012,5,4,14,439,18.7
2012,5,4,15,271,18.3
2012,5,4,16,88,17.6
2012,5,4,17,0,16.9
2012,5,4,18,0,16.6
2012,5,4,19,0,16.5
2012,5,4,20,0,16.4
2012,5,4,21,0,16.3
2012,5,4,22,0,16
2012,5,4,23,0,15.7
2012,5,5,0,0,15.2
2012,5,5,1,0,14.8
2012,5,5,2,0,14.5
2012,5,5,3,0,14.4
2012,5,5,4,0,14.6
2012,5,5,5,0,14.8
2012,5,5,6,0,15.3
2012,5,5,7,53,16.1
2012,5,5,8,146,17
2012,5,5,9,340,17.5
2012,5,5,10,588,18.4
2012,5,5,11,641,18.6
2012,5,5,12,632,18.6
2012,5,5,13,561,18.5
2012,5,5,14,230,18.3
2012,5,5,15,122,18
2012,5,5,16,33,17.4
2012,5,5,17,0,16.8
2012,5,5,18,0,16.5
2012,5,5,19,0,16.2
2012,5,5,20,0,15.9
2012,5,5,21,0,15.6
2012,5,5,22,0,15.2
2012,5,5,23,0,14.9
2012,5,6,0,0,14.5
2012,5,6,1,0,14.2
2012,5,6,2,0,13.8
2012,5,6,3,0,13.5
2012,5,6,4,0,13.2
2012,5,6,5,0,13
2012,5,6,6,0,13.1
2012,5,6,7,135,13.9
2012,5,6,8,319,14.9
2012,5,6,9,480,15.4
2012,5,6,10,593,16.8
2012,5,6,11,648,17.5
2012,5,6,12,638,18.1
2012,5,6,13,567,18.4
2012,5,6,14,439,18.6
2012,5,6,15,268,18.6
2012,5,6,16,85,18.3
2012,5,6,17,0,18
2012,5,6,18,0,17.6
2012,5,6,19,0,17.1
2012,5,6,20,0,16.3
2012,5,6,21,0,15.4
2012,5,6,22,0,14.6
2012,5,6,23,0,13.9
2012,5,7,0,0,13.5
2012,5,7,1,0,13.2
2012,5,7,2,0,12.9
2012,5,7,3,0,12.6
2012,5,7,4,0,12.5
2012,5,7,5,0,12.5
2012,5,7,6,0,12.6
2012,5,7,7,37,13.1
2012,5,7,8,95,13.7
2012,5,7,9,247,14.1
2012,5,7,10,32,15.4
2012,5,7,11,34,16.3
2012,5,7,12,424,16.9
2012,5,7,13,287,17.4
2012,5,7,14,268,17.5
2012,5,7,15,128,17.2
2012,5,7,16,37,16.7
2012,5,7,17,0,16.2
2012,5,7,18,0,15.9
2012,5,7,19,0,15.6
2012,5,7,20,0,15.4
2012,5,7,21,0,15.1
2012,5,7,22,0,14.8
2012,5,7,23,0,14.4
2012,5,8,0,0,14.1
2012,5,8,1,0,13.7
2012,5,8,2,0,13.4
2012,5,8,3,0,13.3
2012,5,8,4,0,13.2
2012,5,8,5,0,13.2
2012,5,8,6,0,13.5
2012,5,8,7,125,14.5
2012,5,8,8,303,15.9
2012,5,8,9,459,16.6
2012,5,8,10,570,18.4
2012,5,8,11,621,19.1
2012,5,8,12,611,19.7
2012,5,8,13,541,20.1
2012,5,8,14,416,20.3
2012,5,8,15,251,20.2
2012,5,8,16,78,19.7
2012,5,8,17,0,19
2012,5,8,18,0,18.6
2012,5,8,19,0,18.3
2012,5,8,20,0,18.1
2012,5,8,21,0,17.6
2012,5,8,22,0,17
2012,5,8,23,0,16.3
2012,5,9,0,0,15.7
2012,5,9,1,0,15.1
2012,5,9,2,0,14.6
2012,5,9,3,0,13.9
2012,5,9,4,0,13.4
2012,5,9,5,0,13
2012,5,9,6,0,13.1
2012,5,9,7,122,13.9
2012,5,9,8,301,15.3
2012,5,9,9,457,16.2
2012,5,9,10,568,19.3
2012,5,9,11,620,21
2012,5,9,12,608,22.2
2012,5,9,13,540,22.9
2012,5,9,14,415,23.2
2012,5,9,15,250,23
2012,5,9,16,73,22.5
2012,5,9,17,0,21.8
2012,5,9,18,0,21.1
2012,5,9,19,0,20.3
2012,5,9,20,0,19.4
2012,5,9,21,0,18.6
2012,5,9,22,0,17.8
2012,5,9,23,0,17.1
2012,5,10,0,0,16.4
2012,5,10,1,0,15.9
2012,5,10,2,0,15.5
2012,5,10,3,0,15.2
2012,5,10,4,0,14.9
2012,5,10,5,0,14.6
2012,5,10,6,0,14.7
2012,5,10,7,118,15.6
2012,5,10,8,295,16.9
2012,5,10,9,450,17.7
2012,5,10,10,562,20.6
2012,5,10,11,615,22.3
2012,5,10,12,605,23.2
2012,5,10,13,539,23.4
2012,5,10,14,412,23.1
2012,5,10,15,246,22.2
2012,5,10,16,71,21
2012,5,10,17,0,20.1
2012,5,10,18,0,19.7
2012,5,10,19,0,19.5
2012,5,10,20,0,19.3
2012,5,10,21,0,18.9
2012,5,10,22,0,18.4
2012,5,10,23,0,17.8
2012,5,11,0,0,17.2
2012,5,11,1,0,16.8
2012,5,11,2,0,16.2
2012,5,11,3,0,15.7
2012,5,11,4,0,15.2
2012,5,11,5,0,14.8
2012,5,11,6,0,14.8
2012,5,11,7,115,15.4
2012,5,11,8,19,16.5
2012,5,11,9,18,17.1
2012,5,11,10,108,19.6
2012,5,11,11,288,21.1
2012,5,11,12,473,22
2012,5,11,13,529,22.7
2012,5,11,14,406,23.2
2012,5,11,15,242,23.1
2012,5,11,16,69,22.4
2012,5,11,17,0,21.5
2012,5,11,18,0,20.6
2012,5,11,19,0,19.9
2012,5,11,20,0,19.2
2012,5,11,21,0,18.6
2012,5,11,22,0,18.2
2012,5,11,23,0,17.8
2012,5,12,0,0,17.5
2012,5,12,1,0,17.1
2012,5,12,2,0,16.7
2012,5,12,3,0,16.3
2012,5,12,4,0,16
2012,5,12,5,0,15.5
2012,5,12,6,0,15.4
2012,5,12,7,59,15.7
2012,5,12,8,164,16.3
2012,5,12,9,308,16.5
2012,5,12,10,488,17
2012,5,12,11,498,17.3
2012,5,12,12,617,17.7
2012,5,12,13,545,18
2012,5,12,14,335,18.2
2012,5,12,15,146,17.9
2012,5,12,16,35,17.3
2012,5,12,17,0,16.8
2012,5,12,18,0,16.3
2012,5,12,19,0,15.7
2012,5,12,20,0,14.8
2012,5,12,21,0,13.9
2012,5,12,22,0,13.3
2012,5,12,23,0,12.8
2012,5,13,0,0,12.4
2012,5,13,1,0,12
2012,5,13,2,0,11.7
2012,5,13,3,0,11.5
2012,5,13,4,0,11.4
2012,5,13,5,0,11.3
2012,5,13,6,0,11.6
2012,5,13,7,120,12.6
2012,5,13,8,299,13.8
2012,5,13,9,456,14.4
2012,5,13,10,561,15.9
2012,5,13,11,612,16.6
2012,5,13,12,604,16.8
2012,5,13,13,536,16.9
2012,5,13,14,411,16.7
2012,5,13,15,244,16.2
2012,5,13,16,51,15.5
2012,5,13,17,0,14.9
2012,5,13,18,0,14.5
2012,5,13,19,0,14.2
2012,5,13,20,0,13.9
2012,5,13,21,0,13.7
2012,5,13,22,0,13.4
2012,5,13,23,0,13.2
2012,5,14,0,0,12.9
2012,5,14,1,0,12.6
2012,5,14,2,0,12.3
2012,5,14,3,0,12
2012,5,14,4,0,11.6
2012,5,14,5,0,11.4
2012,5,14,6,0,11.6
2012,5,14,7,113,12.4
2012,5,14,8,291,13.5
2012,5,14,9,444,14
2012,5,14,10,556,15.1
2012,5,14,11,607,15.8
2012,5,14,12,595,16.3
2012,5,14,13,524,16.6
2012,5,14,14,399,16.6
2012,5,14,15,234,16.2
2012,5,14,16,61,15.7
2012,5,14,17,0,15.3
2012,5,14,18,0,15.1
2012,5,14,19,0,15
2012,5,14,20,0,14.9
2012,5,14,21,0,14.8
2012,5,14,22,0,14.6
2012,5,14,23,0,14.3
2012,5,15,0,0,14
2012,5,15,1,0,13.6
2012,5,15,2,0,13.3
2012,5,15,3,0,12.9
2012,5,15,4,0,12.7
2012,5,15,5,0,12.5
2012,5,15,6,0,12.6
2012,5,15,7,107,13.5
2012,5,15,8,282,14.6
2012,5,15,9,436,15.3
2012,5,15,10,545,16.6
2012,5,15,11,600,17.2
2012,5,15,12,592,17.7
2012,5,15,13,523,17.8
2012,5,15,14,398,17.8
2012,5,15,15,235,17.3
2012,5,15,16,62,16.5
2012,5,15,17,0,15.9
2012,5,15,18,0,15.7
2012,5,15,19,0,15.6
2012,5,15,20,0,15.5
2012,5,15,21,0,15.4
2012,5,15,22,0,15.3
2012,5,15,23,0,15.3
2012,5,16,0,0,15.2
2012,5,16,1,0,15.1
2012,5,16,2,0,15.1
2012,5,16,3,0,15
2012,5,16,4,0,14.9
2012,5,16,5,0,14.8
2012,5,16,6,0,14.9
2012,5,16,7,106,15.5
2012,5,16,8,280,16.1
2012,5,16,9,433,16.4
2012,5,16,10,538,17.1
2012,5,16,11,590,17.5
2012,5,16,12,582,17.7
2012,5,16,13,517,17.8
2012,5,16,14,393,17.8
2012,5,16,15,230,17.4
2012,5,16,16,60,16.7
2012,5,16,17,0,16.2
2012,5,16,18,0,16
2012,5,16,19,0,15.9
2012,5,16,20,0,16
2012,5,16,21,0,16.1
2012,5,16,22,0,16.2
2012,5,16,23,0,16.2
2012,5,17,0,0,15.8
2012,5,17,1,0,15.3
2012,5,17,2,0,14.8
2012,5,17,3,0,14.5
2012,5,17,4,0,14.2
2012,5,17,5,0,14
2012,5,17,6,0,13.9
2012,5,17,7,101,14.6
2012,5,17,8,272,15.7
2012,5,17,9,424,16.1
2012,5,17,10,533,17.2
2012,5,17,11,585,17.7
2012,5,17,12,574,18.2
2012,5,17,13,506,18.5
2012,5,17,14,381,18.4
2012,5,17,15,220,18
2012,5,17,16,56,17.2
2012,5,17,17,0,16.6
2012,5,17,18,0,16.4
2012,5,17,19,0,16.3
2012,5,17,20,0,16.3
2012,5,17,21,0,16.5
2012,5,17,22,0,16.5
2012,5,17,23,0,16.4
2012,5,18,0,0,16.2
2012,5,18,1,0,15.9
2012,5,18,2,0,15.5
2012,5,18,3,0,15
2012,5,18,4,0,14.5
2012,5,18,5,0,14
2012,5,18,6,0,13.8
2012,5,18,7,98,14.4
2012,5,18,8,269,15.5
2012,5,18,9,421,16
2012,5,18,10,529,17.7
2012,5,18,11,581,18.6
2012,5,18,12,571,19.3
2012,5,18,13,515,19.8
2012,5,18,14,391,19.9
2012,5,18,15,227,19.7
2012,5,18,16,58,19
2012,5,18,17,0,18.3
2012,5,18,18,0,17.8
2012,5,18,19,0,17.4
2012,5,18,20,0,17
2012,5,18,21,0,16.5
2012,5,18,22,0,15.8
2012,5,18,23,0,15.1
2012,5,19,0,0,14.4
2012,5,19,1,0,13.7
2012,5,19,2,0,13.1
2012,5,19,3,0,12.7
2012,5,19,4,0,12.3
2012,5,19,5,0,12.1
2012,5,19,6,0,12.2
2012,5,19,7,100,13
2012,5,19,8,274,14.1
2012,5,19,9,428,14.6
2012,5,19,10,538,16.9
2012,5,19,11,593,18.2
2012,5,19,12,585,19
2012,5,19,13,517,19.4
2012,5,19,14,310,19.4
2012,5,19,15,225,19
2012,5,19,16,55,18.5
2012,5,19,17,0,18.2
2012,5,19,18,0,18
2012,5,19,19,0,17.8
2012,5,19,20,0,17.2
2012,5,19,21,0,16.4
2012,5,19,22,0,15.7
2012,5,19,23,0,15.1
2012,5,20,0,0,14.8
2012,5,20,1,0,14.6
2012,5,20,2,0,14.5
2012,5,20,3,0,14.5
2012,5,20,4,0,14.4
2012,5,20,5,0,14.2
2012,5,20,6,0,14.2
2012,5,20,7,18,14.8
2012,5,20,8,57,15.8
2012,5,20,9,31,16.3
2012,5,20,10,204,17
2012,5,20,11,106,17.1
2012,5,20,12,206,17.2
2012,5,20,13,61,17.2
2012,5,20,14,131,16.9
2012,5,20,15,66,16.5
2012,5,20,16,14,15.8
2012,5,20,17,0,15.4
2012,5,20,18,0,15.4
2012,5,20,19,0,15.5
2012,5,20,20,0,15.7
2012,5,20,21,0,15.8
2012,5,20,22,0,15.9
2012,5,20,23,0,15.7
2012,5,21,0,0,15.5
2012,5,21,1,0,15.2
2012,5,21,2,0,14.9
2012,5,21,3,0,14.7
2012,5,21,4,0,14.5
2012,5,21,5,0,14.2
2012,5,21,6,0,14.2
2012,5,21,7,25,14.6
2012,5,21,8,255,15.2
2012,5,21,9,404,15.5
2012,5,21,10,513,16.6
2012,5,21,11,566,17.2
2012,5,21,12,558,17.7
2012,5,21,13,496,18
2012,5,21,14,374,18.1
2012,5,21,15,215,17.9
2012,5,21,16,51,17.3
2012,5,21,17,0,16.8
2012,5,21,18,0,16.6
2012,5,21,19,0,16.4
2012,5,21,20,0,16
2012,5,21,21,0,15.5
2012,5,21,22,0,14.9
2012,5,21,23,0,14.4
2012,5,22,0,0,13.9
2012,5,22,1,0,13.5
2012,5,22,2,0,13.1
2012,5,22,3,0,12.5
2012,5,22,4,0,11.8
2012,5,22,5,0,11.1
2012,5,22,6,0,10.9
2012,5,22,7,96,11.6
2012,5,22,8,272,13
2012,5,22,9,427,13.9
2012,5,22,10,538,16.7
2012,5,22,11,588,17.7
2012,5,22,12,576,18.3
2012,5,22,13,506,18.8
2012,5,22,14,384,19.1
2012,5,22,15,221,18.8
2012,5,22,16,53,18.2
2012,5,22,17,0,17.5
2012,5,22,18,0,16.8
2012,5,22,19,0,16
2012,5,22,20,0,15.3
2012,5,22,21,0,14.6
2012,5,22,22,0,13.8
2012,5,22,23,0,12.9
2012,5,23,0,0,12.2
2012,5,23,1,0,11.5
2012,5,23,2,0,11
2012,5,23,3,0,10.6
2012,5,23,4,0,10.3
2012,5,23,5,0,10.1
2012,5,23,6,0,10.1
2012,5,23,7,95,10.9
2012,5,23,8,269,12.3
2012,5,23,9,424,13.2
2012,5,23,10,533,16.5
2012,5,23,11,585,18.2
2012,5,23,12,577,19.2
2012,5,23,13,509,19.7
2012,5,23,14,386,19.9
2012,5,23,15,221,19.5
2012,5,23,16,52,18.4
2012,5,23,17,0,17.6
2012,5,23,18,0,16.9
2012,5,23,19,0,16.3
2012,5,23,20,0,15.6
2012,5,23,21,0,14.9
2012,5,23,22,0,14.1
2012,5,23,23,0,13.5
2012,5,24,0,0,13
2012,5,24,1,0,12.6
2012,5,24,2,0,12.3
2012,5,24,3,0,12
2012,5,24,4,0,11.7
2012,5,24,5,0,11.5
2012,5,24,6,0,11.6
2012,5,24,7,84,12.3
2012,5,24,8,245,13.7
2012,5,24,9,153,14.5
2012,5,24,10,72,17
2012,5,24,11,120,17.4
2012,5,24,12,107,17.1
2012,5,24,13,63,16.5
2012,5,24,14,58,16
2012,5,24,15,31,15.8
2012,5,24,16,9,15.6
2012,5,24,17,0,15.6
2012,5,24,18,0,15.8
2012,5,24,19,0,16
2012,5,24,20,0,16.3
2012,5,24,21,0,16.7
2012,5,24,22,0,17.1
2012,5,24,23,0,17.2
2012,5,25,0,0,17.3
2012,5,25,1,0,17.4
2012,5,25,2,0,17.3
2012,5,25,3,0,17
2012,5,25,4,0,16.6
2012,5,25,5,0,16
2012,5,25,6,0,15.6
2012,5,25,7,5,15.3
2012,5,25,8,9,15.2
2012,5,25,9,17,15.2
2012,5,25,10,92,15.6
2012,5,25,11,136,16
2012,5,25,12,222,16.5
2012,5,25,13,496,17.1
2012,5,25,14,373,17.3
2012,5,25,15,212,17
2012,5,25,16,48,16
2012,5,25,17,0,14.9
2012,5,25,18,0,14.1
2012,5,25,19,0,13.5
2012,5,25,20,0,13.2
2012,5,25,21,0,12.9
2012,5,25,22,0,12.7
2012,5,25,23,0,12.5
2012,5,26,0,0,12.3
2012,5,26,1,0,12.1
2012,5,26,2,0,11.9
2012,5,26,3,0,11.6
2012,5,26,4,0,11.4
2012,5,26,5,0,11.3
2012,5,26,6,0,11.6
2012,5,26,7,89,12.3
2012,5,26,8,259,13.3
2012,5,26,9,410,13.7
2012,5,26,10,514,15.2
2012,5,26,11,566,16.1
2012,5,26,12,558,16.7
2012,5,26,13,492,17
2012,5,26,14,296,16.9
2012,5,26,15,213,16.3
2012,5,26,16,48,15.3
2012,5,26,17,0,14.5
2012,5,26,18,0,13.9
2012,5,26,19,0,13.5
2012,5,26,20,0,13.3
2012,5,26,21,0,13.2
2012,5,26,22,0,13.1
2012,5,26,23,0,13.1
2012,5,27,0,0,13.1
2012,5,27,1,0,13
2012,5,27,2,0,13
2012,5,27,3,0,13.1
2012,5,27,4,0,13.1
2012,5,27,5,0,13.1
2012,5,27,6,0,13.2
2012,5,27,7,5,13.9
2012,5,27,8,250,14.9
2012,5,27,9,398,15.4
2012,5,27,10,500,16.3
2012,5,27,11,551,16.5
2012,5,27,12,543,16.6
2012,5,27,13,478,16.5
2012,5,27,14,359,16.3
2012,5,27,15,202,15.8
2012,5,27,16,3,15.3
2012,5,27,17,0,15
2012,5,27,18,0,15
2012,5,27,19,0,15
2012,5,27,20,0,15
2012,5,27,21,0,15
2012,5,27,22,0,15
2012,5,27,23,0,14.8
2012,5,28,0,0,14.7
2012,5,28,1,0,14.4
2012,5,28,2,0,14.1
2012,5,28,3,0,13.9
2012,5,28,4,0,13.7
2012,5,28,5,0,13.4
2012,5,28,6,0,13.4
2012,5,28,7,81,14
2012,5,28,8,246,15
2012,5,28,9,395,15.4
2012,5,28,10,501,16.3
2012,5,28,11,554,16.7
2012,5,28,12,546,17
2012,5,28,13,481,17.1
2012,5,28,14,361,17
2012,5,28,15,203,16.6
2012,5,28,16,43,15.9
2012,5,28,17,0,15.4
2012,5,28,18,0,15.3
2012,5,28,19,0,15.2
2012,5,28,20,0,14.9
2012,5,28,21,0,14.7
2012,5,28,22,0,14.6
2012,5,28,23,0,14.6
2012,5,29,0,0,14.6
2012,5,29,1,0,14.6
2012,5,29,2,0,14.5
2012,5,29,3,0,14.5
2012,5,29,4,0,14.6
2012,5,29,5,0,14.7
2012,5,29,6,0,14.9
2012,5,29,7,5,15.3
2012,5,29,8,16,15.7
2012,5,29,9,28,15.9
2012,5,29,10,491,16.6
2012,5,29,11,540,16.9
2012,5,29,12,164,17.1
2012,5,29,13,467,17.1
2012,5,29,14,64,17
2012,5,29,15,197,16.7
2012,5,29,16,41,16.2
2012,5,29,17,0,16
2012,5,29,18,0,15.9
2012,5,29,19,0,15.8
2012,5,29,20,0,15.8
2012,5,29,21,0,15.7
2012,5,29,22,0,15.5
2012,5,29,23,0,15.3
2012,5,30,0,0,15.2
2012,5,30,1,0,15.1
2012,5,30,2,0,15
2012,5,30,3,0,14.9
2012,5,30,4,0,14.8
2012,5,30,5,0,14.8
2012,5,30,6,0,14.9
2012,5,30,7,77,15.4
2012,5,30,8,99,16
2012,5,30,9,258,16.2
2012,5,30,10,486,17
2012,5,30,11,539,17.3
2012,5,30,12,533,17.4
2012,5,30,13,471,17.3
2012,5,30,14,354,17.1
2012,5,30,15,199,16.7
2012,5,30,16,21,16
2012,5,30,17,0,15.6
2012,5,30,18,0,15.5
2012,5,30,19,0,15.4
2012,5,30,20,0,15.3
2012,5,30,21,0,15.3
2012,5,30,22,0,15.2
2012,5,30,23,0,15.1
2012,5,31,0,0,14.8
2012,5,31,1,0,14.5
2012,5,31,2,0,14.4
2012,5,31,3,0,14.3
2012,5,31,4,0,14.3
2012,5,31,5,0,14.2
2012,5,31,6,0,14.4
2012,5,31,7,23,15.1
2012,5,31,8,85,16
2012,5,31,9,162,16.4
2012,5,31,10,333,17.3
2012,5,31,11,301,17.8
2012,5,31,12,301,17.9
2012,5,31,13,457,17.9
2012,5,31,14,153,17.7
2012,5,31,15,75,17.4
2012,5,31,16,13,17
2012,5,31,17,0,16.7
2012,5,31,18,0,16.6
2012,5,31,19,0,16.5
2012,5,31,20,0,16.5
2012,5,31,21,0,16.5
2012,5,31,22,0,16.1
2012,5,31,23,0,15.6
2012,6,1,0,0,15.1
2012,6,1,1,0,14.8
2012,6,1,2,0,14.6
2012,6,1,3,0,14.4
2012,6,1,4,0,14.2
2012,6,1,5,0,14.2
2012,6,1,6,0,14.3
2012,6,1,7,45,14.6
2012,6,1,8,118,15.4
2012,6,1,9,264,15.9
2012,6,1,10,310,16.8
2012,6,1,11,384,17
2012,6,1,12,313,17.1
2012,6,1,13,353,17.1
2012,6,1,14,209,17.1
2012,6,1,15,138,17
2012,6,1,16,27,16.9
2012,6,1,17,0,16.8
2012,6,1,18,0,16.8
2012,6,1,19,0,16.8
2012,6,1,20,0,16.6
2012,6,1,21,0,16.5
2012,6,1,22,0,16.4
2012,6,1,23,0,16.3
2012,6,2,0,0,16.2
2012,6,2,1,0,15.9
2012,6,2,2,0,15.7
2012,6,2,3,0,15.7
2012,6,2,4,0,15.8
2012,6,2,5,0,16
2012,6,2,6,0,16.2
2012,6,2,7,27,16.5
2012,6,2,8,89,17
2012,6,2,9,124,17.3
2012,6,2,10,22,17.3
2012,6,2,11,123,17.3
2012,6,2,12,100,17.3
2012,6,2,13,98,17.3
2012,6,2,14,73,16.9
2012,6,2,15,38,16.5
2012,6,2,16,10,16.1
2012,6,2,17,0,15.9
2012,6,2,18,0,15.9
2012,6,2,19,0,15.9
2012,6,2,20,0,15.9
2012,6,2,21,0,16
2012,6,2,22,0,16
2012,6,2,23,0,16.1
2012,6,3,0,0,16
2012,6,3,1,0,15.9
2012,6,3,2,0,15.7
2012,6,3,3,0,15.6
2012,6,3,4,0,15.4
2012,6,3,5,0,15.3
2012,6,3,6,0,15.3
2012,6,3,7,4,15.7
2012,6,3,8,8,16
2012,6,3,9,14,16.1
2012,6,3,10,43,15.8
2012,6,3,11,55,15.6
2012,6,3,12,23,15.5
2012,6,3,13,18,15.5
2012,6,3,14,156,15.5
2012,6,3,15,79,15.4
2012,6,3,16,17,15.4
2012,6,3,17,0,15.5
2012,6,3,18,0,15.6
2012,6,3,19,0,15.5
2012,6,3,20,0,15.2
2012,6,3,21,0,14.8
2012,6,3,22,0,14.7
2012,6,3,23,0,14.4
2012,6,4,0,0,14.2
2012,6,4,1,0,13.9
2012,6,4,2,0,13.7
2012,6,4,3,0,13.5
2012,6,4,4,0,13.4
2012,6,4,5,0,13.2
2012,6,4,6,0,13.1
2012,6,4,7,5,13.5
2012,6,4,8,188,14.2
2012,6,4,9,371,14.7
2012,6,4,10,475,16.4
2012,6,4,11,527,17.3
2012,6,4,12,521,17.9
2012,6,4,13,34,18.2
2012,6,4,14,203,18
2012,6,4,15,190,17.4
2012,6,4,16,38,16.3
2012,6,4,17,0,15.1
2012,6,4,18,0,14.1
2012,6,4,19,0,13.5
2012,6,4,20,0,13.1
2012,6,4,21,0,12.7
2012,6,4,22,0,12.2
2012,6,4,23,0,11.8
2012,6,5,0,0,11.6
2012,6,5,1,0,11.4
2012,6,5,2,0,11.3
2012,6,5,3,0,11.2
2012,6,5,4,0,11.2
2012,6,5,5,0,11.2
2012,6,5,6,0,11.4
2012,6,5,7,41,11.9
2012,6,5,8,156,12.5
2012,6,5,9,234,12.9
2012,6,5,10,477,13.8
2012,6,5,11,523,14.1
2012,6,5,12,144,13.9
2012,6,5,13,75,13.7
2012,6,5,14,48,13.9
2012,6,5,15,25,14.4
2012,6,5,16,5,14.7
2012,6,5,17,0,14.7
2012,6,5,18,0,14.8
2012,6,5,19,0,15
2012,6,5,20,0,15.1
2012,6,5,21,0,15.1
2012,6,5,22,0,15
2012,6,5,23,0,14.9
2012,6,6,0,0,14.9
2012,6,6,1,0,14.9
2012,6,6,2,0,14.9
2012,6,6,3,0,14.8
2012,6,6,4,0,14.7
2012,6,6,5,0,14.7
2012,6,6,6,0,14.7
2012,6,6,7,47,14.8
2012,6,6,8,193,15
2012,6,6,9,279,15.2
2012,6,6,10,347,15.5
2012,6,6,11,163,15.6
2012,6,6,12,391,15.6
2012,6,6,13,450,15.6
2012,6,6,14,95,15.4
2012,6,6,15,46,15.2
2012,6,6,16,9,14.9
2012,6,6,17,0,14.7
2012,6,6,18,0,14.5
2012,6,6,19,0,14.3
2012,6,6,20,0,14
2012,6,6,21,0,13.7
2012,6,6,22,0,13.4
2012,6,6,23,0,13.2
2012,6,7,0,0,13.2
2012,6,7,1,0,13.3
2012,6,7,2,0,13.3
2012,6,7,3,0,13.3
2012,6,7,4,0,13.1
2012,6,7,5,0,13
2012,6,7,6,0,12.9
2012,6,7,7,34,13
2012,6,7,8,135,13.3
2012,6,7,9,359,13.4
2012,6,7,10,470,13.9
2012,6,7,11,525,14.2
2012,6,7,12,521,14.6
2012,6,7,13,461,14.9
2012,6,7,14,345,14.9
2012,6,7,15,194,14.6
2012,6,7,16,39,14
2012,6,7,17,0,13.8
2012,6,7,18,0,13.8
2012,6,7,19,0,13.8
2012,6,7,20,0,13.5
2012,6,7,21,0,12.9
2012,6,7,22,0,12.4
2012,6,7,23,0,12.1
2012,6,8,0,0,11.9
2012,6,8,1,0,11.5
2012,6,8,2,0,11.1
2012,6,8,3,0,10.8
2012,6,8,4,0,10.5
2012,6,8,5,0,10.3
2012,6,8,6,0,10.4
2012,6,8,7,66,11.1
2012,6,8,8,228,12.3
2012,6,8,9,378,12.8
2012,6,8,10,485,14.2
2012,6,8,11,538,14.8
2012,6,8,12,532,15.1
2012,6,8,13,468,15.2
2012,6,8,14,351,15.1
2012,6,8,15,196,14.5
2012,6,8,16,38,13.8
2012,6,8,17,0,13.4
2012,6,8,18,0,13.3
2012,6,8,19,0,13.4
2012,6,8,20,0,13.5
2012,6,8,21,0,13.4
2012,6,8,22,0,13.1
2012,6,8,23,0,12.7
2012,6,9,0,0,12.2
2012,6,9,1,0,11.7
2012,6,9,2,0,11.3
2012,6,9,3,0,11.1
2012,6,9,4,0,10.9
2012,6,9,5,0,10.8
2012,6,9,6,0,10.9
2012,6,9,7,14,11.6
2012,6,9,8,221,12.8
2012,6,9,9,369,13.4
2012,6,9,10,475,14.7
2012,6,9,11,528,15.3
2012,6,9,12,523,15.7
2012,6,9,13,461,15.9
2012,6,9,14,345,15.8
2012,6,9,15,193,15.4
2012,6,9,16,39,14.9
2012,6,9,17,0,14.6
2012,6,9,18,0,14.5
2012,6,9,19,0,14.6
2012,6,9,20,0,14.7
2012,6,9,21,0,14.7
2012,6,9,22,0,14.6
2012,6,9,23,0,14.3
2012,6,10,0,0,13.8
2012,6,10,1,0,13.1
2012,6,10,2,0,12.7
2012,6,10,3,0,12.5
2012,6,10,4,0,12.3
2012,6,10,5,0,12.4
2012,6,10,6,0,12.6
2012,6,10,7,14,13
2012,6,10,8,54,13.6
2012,6,10,9,226,13.9
2012,6,10,10,87,14.3
2012,6,10,11,103,14.5
2012,6,10,12,238,14.6
2012,6,10,13,99,14.7
2012,6,10,14,14,14.6
2012,6,10,15,8,14.3
2012,6,10,16,11,14.1
2012,6,10,17,0,14
2012,6,10,18,0,14.1
2012,6,10,19,0,14
2012,6,10,20,0,14
2012,6,10,21,0,14
2012,6,10,22,0,14
2012,6,10,23,0,14
2012,6,11,0,0,13.9
2012,6,11,1,0,13.8
2012,6,11,2,0,13.7
2012,6,11,3,0,13.7
2012,6,11,4,0,13.7
2012,6,11,5,0,13.8
2012,6,11,6,0,14
2012,6,11,7,12,14.3
2012,6,11,8,37,14.7
2012,6,11,9,90,14.9
2012,6,11,10,19,15.3
2012,6,11,11,29,15.5
2012,6,11,12,38,15.5
2012,6,11,13,51,15.5
2012,6,11,14,56,15.4
2012,6,11,15,29,15.2
2012,6,11,16,8,15
2012,6,11,17,0,14.9
2012,6,11,18,0,14.9
2012,6,11,19,0,15
2012,6,11,20,0,15
2012,6,11,21,0,15.1
2012,6,11,22,0,15.2
2012,6,11,23,0,15.3
2012,6,12,0,0,15.4
2012,6,12,1,0,15.4
2012,6,12,2,0,15.3
2012,6,12,3,0,15.3
2012,6,12,4,0,15.4
2012,6,12,5,0,15.6
2012,6,12,6,0,15.7
2012,6,12,7,14,16
2012,6,12,8,44,16.5
2012,6,12,9,59,16.8
2012,6,12,10,287,17.1
2012,6,12,11,511,17.3
2012,6,12,12,117,17.3
2012,6,12,13,450,17.2
2012,6,12,14,250,16.9
2012,6,12,15,131,16.3
2012,6,12,16,22,15.7
2012,6,12,17,0,15.4
2012,6,12,18,0,15.4
2012,6,12,19,0,15.5
2012,6,12,20,0,15.5
2012,6,12,21,0,15.4
2012,6,12,22,0,15.4
2012,6,12,23,0,15.5
2012,6,13,0,0,15.5
2012,6,13,1,0,15.6
2012,6,13,2,0,15.6
2012,6,13,3,0,15.6
2012,6,13,4,0,15.6
2012,6,13,5,0,15.6
2012,6,13,6,0,15.7
2012,6,13,7,4,15.9
2012,6,13,8,14,16.2
2012,6,13,9,257,16.3
2012,6,13,10,56,16.6
2012,6,13,11,56,16.7
2012,6,13,12,96,16.8
2012,6,13,13,277,16.8
2012,6,13,14,334,16.6
2012,6,13,15,97,16.1
2012,6,13,16,16,15.6
2012,6,13,17,0,15.3
2012,6,13,18,0,15.1
2012,6,13,19,0,15.1
2012,6,13,20,0,15.2
2012,6,13,21,0,15.2
2012,6,13,22,0,15.3
2012,6,13,23,0,15.3
2012,6,14,0,0,15.2
2012,6,14,1,0,15.1
2012,6,14,2,0,15
2012,6,14,3,0,14.9
2012,6,14,4,0,14.7
2012,6,14,5,0,14.7
2012,6,14,6,0,14.7
2012,6,14,7,8,14.9
2012,6,14,8,29,15.4
2012,6,14,9,277,15.7
2012,6,14,10,458,16.3
2012,6,14,11,512,16.6
2012,6,14,12,508,17
2012,6,14,13,264,17.2
2012,6,14,14,261,17.2
2012,6,14,15,186,16.8
2012,6,14,16,36,16.2
2012,6,14,17,0,15.8
2012,6,14,18,0,15.5
2012,6,14,19,0,15.2
2012,6,14,20,0,15
2012,6,14,21,0,14.9
2012,6,14,22,0,14.7
2012,6,14,23,0,14.3
2012,6,15,0,0,13.9
2012,6,15,1,0,13.5
2012,6,15,2,0,13.2
2012,6,15,3,0,13
2012,6,15,4,0,13
2012,6,15,5,0,12.9
2012,6,15,6,0,13
2012,6,15,7,27,13.3
2012,6,15,8,13,14.1
2012,6,15,9,195,14.5
2012,6,15,10,284,16.1
2012,6,15,11,336,17.1
2012,6,15,12,265,17.9
2012,6,15,13,160,18.4
2012,6,15,14,280,18.6
2012,6,15,15,104,18.2
2012,6,15,16,36,17.4
2012,6,15,17,0,16.9
2012,6,15,18,0,16.5
2012,6,15,19,0,16.1
2012,6,15,20,0,15.8
2012,6,15,21,0,15.4
2012,6,15,22,0,15
2012,6,15,23,0,14.6
2012,6,16,0,0,14.3
2012,6,16,1,0,14.2
2012,6,16,2,0,14.2
2012,6,16,3,0,14.3
2012,6,16,4,0,14.3
2012,6,16,5,0,14.2
2012,6,16,6,0,14
2012,6,16,7,4,13.9
2012,6,16,8,8,14
2012,6,16,9,13,14
2012,6,16,10,26,14.8
2012,6,16,11,212,15.1
2012,6,16,12,54,14.6
2012,6,16,13,67,13.9
2012,6,16,14,102,13.9
2012,6,16,15,52,14.1
2012,6,16,16,12,14.3
2012,6,16,17,0,14.5
2012,6,16,18,0,14.5
2012,6,16,19,0,14.3
2012,6,16,20,0,13.9
2012,6,16,21,0,13.4
2012,6,16,22,0,12.9
2012,6,16,23,0,12.4
2012,6,17,0,0,12
2012,6,17,1,0,11.8
2012,6,17,2,0,11.7
2012,6,17,3,0,11.6
2012,6,17,4,0,11.7
2012,6,17,5,0,11.7
2012,6,17,6,0,11.8
2012,6,17,7,55,12.4
2012,6,17,8,213,13.5
2012,6,17,9,361,14
2012,6,17,10,470,15.7
2012,6,17,11,524,16.5
2012,6,17,12,519,17
2012,6,17,13,458,17.2
2012,6,17,14,345,17.1
2012,6,17,15,194,16.4
2012,6,17,16,39,15.5
2012,6,17,17,0,14.9
2012,6,17,18,0,14.5
2012,6,17,19,0,14.1
2012,6,17,20,0,13.9
2012,6,17,21,0,13.7
2012,6,17,22,0,13.6
2012,6,17,23,0,13.5
2012,6,18,0,0,13.3
2012,6,18,1,0,13.1
2012,6,18,2,0,12.9
2012,6,18,3,0,12.8
2012,6,18,4,0,12.7
2012,6,18,5,0,12.7
2012,6,18,6,0,12.7
2012,6,18,7,58,13.2
2012,6,18,8,219,14.1
2012,6,18,9,368,14.5
2012,6,18,10,475,15.7
2012,6,18,11,533,16.2
2012,6,18,12,529,16.5
2012,6,18,13,467,16.7
2012,6,18,14,352,16.6
2012,6,18,15,197,16.2
2012,6,18,16,40,15.6
2012,6,18,17,0,15.1
2012,6,18,18,0,14.5
2012,6,18,19,0,13.5
2012,6,18,20,0,12.4
2012,6,18,21,0,11.8
2012,6,18,22,0,11.3
2012,6,18,23,0,11
2012,6,19,0,0,10.8
2012,6,19,1,0,10.6
2012,6,19,2,0,10.5
2012,6,19,3,0,10.5
2012,6,19,4,0,10.5
2012,6,19,5,0,10.5
2012,6,19,6,0,10.7
2012,6,19,7,56,11.5
2012,6,19,8,215,12.9
2012,6,19,9,362,13.7
2012,6,19,10,471,16
2012,6,19,11,528,16.9
2012,6,19,12,524,17.3
2012,6,19,13,462,17.3
2012,6,19,14,346,17
2012,6,19,15,129,16.3
2012,6,19,16,22,15.4
2012,6,19,17,0,14.9
2012,6,19,18,0,14.5
2012,6,19,19,0,14.1
2012,6,19,20,0,13.6
2012,6,19,21,0,13.1
2012,6,19,22,0,12.7
2012,6,19,23,0,12.3
2012,6,20,0,0,12
2012,6,20,1,0,11.6
2012,6,20,2,0,11.3
2012,6,20,3,0,11
2012,6,20,4,0,10.7
2012,6,20,5,0,10.4
2012,6,20,6,0,10.1
2012,6,20,7,32,10.5
2012,6,20,8,145,11.3
2012,6,20,9,365,11.6
2012,6,20,10,474,13
2012,6,20,11,404,13.8
2012,6,20,12,526,14.5
2012,6,20,13,469,14.9
2012,6,20,14,353,15.1
2012,6,20,15,198,14.8
2012,6,20,16,40,14
2012,6,20,17,0,13.5
2012,6,20,18,0,13.1
2012,6,20,19,0,12.7
2012,6,20,20,0,12.2
2012,6,20,21,0,11.5
2012,6,20,22,0,10.8
2012,6,20,23,0,10.2
2012,6,21,0,0,9.7
2012,6,21,1,0,9.5
2012,6,21,2,0,9.4
2012,6,21,3,0,9.4
2012,6,21,4,0,9.5
2012,6,21,5,0,9.5
2012,6,21,6,0,9.5
2012,6,21,7,16,10
2012,6,21,8,57,11.2
2012,6,21,9,107,11.8
2012,6,21,10,190,13.7
2012,6,21,11,252,14.6
2012,6,21,12,200,15.2
2012,6,21,13,338,15.7
2012,6,21,14,184,15.9
2012,6,21,15,94,15.8
2012,6,21,16,39,15.5
2012,6,21,17,0,15.3
2012,6,21,18,0,15.1
2012,6,21,19,0,14.7
2012,6,21,20,0,14.2
2012,6,21,21,0,13.9
2012,6,21,22,0,13.8
2012,6,21,23,0,13.8
2012,6,22,0,0,13.9
2012,6,22,1,0,13.9
2012,6,22,2,0,14
2012,6,22,3,0,14.1
2012,6,22,4,0,14.2
2012,6,22,5,0,14.4
2012,6,22,6,0,14.5
2012,6,22,7,4,14.8
2012,6,22,8,8,15.2
2012,6,22,9,13,15.4
2012,6,22,10,93,15.9
2012,6,22,11,114,16.1
2012,6,22,12,67,16.2
2012,6,22,13,328,16
2012,6,22,14,241,15.7
2012,6,22,15,128,15
2012,6,22,16,39,14.2
2012,6,22,17,0,13.6
2012,6,22,18,0,13.1
2012,6,22,19,0,12.7
2012,6,22,20,0,12.4
2012,6,22,21,0,12
2012,6,22,22,0,11.8
2012,6,22,23,0,11.5
2012,6,23,0,0,11.3
2012,6,23,1,0,11.1
2012,6,23,2,0,11
2012,6,23,3,0,10.7
2012,6,23,4,0,10.4
2012,6,23,5,0,10.2
2012,6,23,6,0,10.1
2012,6,23,7,31,10.7
2012,6,23,8,142,11.6
2012,6,23,9,365,12
2012,6,23,10,476,13.3
2012,6,23,11,532,13.9
2012,6,23,12,528,14.4
2012,6,23,13,468,14.7
2012,6,23,14,353,14.8
2012,6,23,15,200,14.4
2012,6,23,16,3,13.7
2012,6,23,17,0,13.1
2012,6,23,18,0,12.4
2012,6,23,19,0,11.6
2012,6,23,20,0,10.9
2012,6,23,21,0,10.3
2012,6,23,22,0,9.8
2012,6,23,23,0,9.4
2012,6,24,0,0,9.2
2012,6,24,1,0,9.1
2012,6,24,2,0,9.1
2012,6,24,3,0,9.1
2012,6,24,4,0,9.1
2012,6,24,5,0,9.1
2012,6,24,6,0,9.2
2012,6,24,7,4,10
2012,6,24,8,217,11.3
2012,6,24,9,366,11.9
2012,6,24,10,475,13.8
2012,6,24,11,531,14.8
2012,6,24,12,528,15.6
2012,6,24,13,468,16.1
2012,6,24,14,354,16.2
2012,6,24,15,201,15.7
2012,6,24,16,44,14.9
2012,6,24,17,0,14.2
2012,6,24,18,0,13.5
2012,6,24,19,0,12.9
2012,6,24,20,0,12.3
2012,6,24,21,0,11.9
2012,6,24,22,0,11.5
2012,6,24,23,0,11.3
2012,6,25,0,0,11.1
2012,6,25,1,0,10.9
2012,6,25,2,0,10.6
2012,6,25,3,0,10.2
2012,6,25,4,0,9.8
2012,6,25,5,0,9.5
2012,6,25,6,0,9.3
2012,6,25,7,4,9.8
2012,6,25,8,214,10.9
2012,6,25,9,365,11.6
2012,6,25,10,474,13.9
2012,6,25,11,530,15.2
2012,6,25,12,528,16.1
2012,6,25,13,468,16.8
2012,6,25,14,354,17.1
2012,6,25,15,201,16.6
2012,6,25,16,44,15.6
2012,6,25,17,0,14.8
2012,6,25,18,0,14.2
2012,6,25,19,0,13.7
2012,6,25,20,0,13.2
2012,6,25,21,0,12.8
2012,6,25,22,0,12.7
2012,6,25,23,0,12.8
2012,6,26,0,0,13
2012,6,26,1,0,13.1
2012,6,26,2,0,13.3
2012,6,26,3,0,13.4
2012,6,26,4,0,13.5
2012,6,26,5,0,13.5
2012,6,26,6,0,13.6
2012,6,26,7,4,13.8
2012,6,26,8,13,14.2
2012,6,26,9,25,14.3
2012,6,26,10,36,14.5
2012,6,26,11,40,14.5
2012,6,26,12,85,14.5
2012,6,26,13,35,14.5
2012,6,26,14,70,14.4
2012,6,26,15,35,14
2012,6,26,16,7,13.6
2012,6,26,17,0,13.4
2012,6,26,18,0,13.3
2012,6,26,19,0,13.2
2012,6,26,20,0,13.1
2012,6,26,21,0,13
2012,6,26,22,0,13.1
2012,6,26,23,0,13.2
2012,6,27,0,0,13.2
2012,6,27,1,0,13.2
2012,6,27,2,0,13.1
2012,6,27,3,0,12.9
2012,6,27,4,0,12.7
2012,6,27,5,0,12.5
2012,6,27,6,0,12.6
2012,6,27,7,48,13.1
2012,6,27,8,201,13.9
2012,6,27,9,114,14.2
2012,6,27,10,173,14.6
2012,6,27,11,515,15
2012,6,27,12,513,15.2
2012,6,27,13,454,15.2
2012,6,27,14,216,15.1
2012,6,27,15,111,14.8
2012,6,27,16,20,14.4
2012,6,27,17,0,14.2
2012,6,27,18,0,14.1
2012,6,27,19,0,14.1
2012,6,27,20,0,14
2012,6,27,21,0,14
2012,6,27,22,0,13.9
2012,6,27,23,0,14
2012,6,28,0,0,14
2012,6,28,1,0,13.9
2012,6,28,2,0,13.8
2012,6,28,3,0,13.6
2012,6,28,4,0,13.4
2012,6,28,5,0,13.3
2012,6,28,6,0,13.4
2012,6,28,7,13,13.9
2012,6,28,8,60,14.8
2012,6,28,9,118,15.2
2012,6,28,10,459,15.6
2012,6,28,11,256,15.9
2012,6,28,12,512,15.9
2012,6,28,13,263,15.9
2012,6,28,14,336,15.8
2012,6,28,15,189,15.3
2012,6,28,16,18,14.7
2012,6,28,17,0,14.4
2012,6,28,18,0,14.3
2012,6,28,19,0,14.3
2012,6,28,20,0,14.2
2012,6,28,21,0,14.1
2012,6,28,22,0,14.2
2012,6,28,23,0,14.2
2012,6,29,0,0,14.1
2012,6,29,1,0,13.9
2012,6,29,2,0,13.8
2012,6,29,3,0,13.8
2012,6,29,4,0,13.8
2012,6,29,5,0,13.8
2012,6,29,6,0,13.8
2012,6,29,7,24,14.1
2012,6,29,8,116,14.6
2012,6,29,9,219,14.8
2012,6,29,10,343,15.3
2012,6,29,11,503,15.7
2012,6,29,12,501,16.1
2012,6,29,13,371,16.5
2012,6,29,14,233,16.8
2012,6,29,15,125,16.6
2012,6,29,16,21,16
2012,6,29,17,0,15.6
2012,6,29,18,0,15.2
2012,6,29,19,0,14.9
2012,6,29,20,0,14.5
2012,6,29,21,0,14.1
2012,6,29,22,0,13.7
2012,6,29,23,0,13.3
2012,6,30,0,0,12.9
2012,6,30,1,0,12.6
2012,6,30,2,0,12.2
2012,6,30,3,0,11.9
2012,6,30,4,0,11.7
2012,6,30,5,0,11.5
2012,6,30,6,0,11.5
2012,6,30,7,50,12.1
2012,6,30,8,207,13.2
2012,6,30,9,358,13.8
2012,6,30,10,467,15.9
2012,6,30,11,524,16.7
2012,6,30,12,522,17.1
2012,6,30,13,92,17.3
2012,6,30,14,242,17.2
2012,6,30,15,200,16.9
2012,6,30,16,27,16.5
2012,6,30,17,0,16
2012,6,30,18,0,15.3
2012,6,30,19,0,14.5
2012,6,30,20,0,13.9
2012,6,30,21,0,13.4
2012,6,30,22,0,13.1
2012,6,30,23,0,12.6
2012,7,1,0,0,12.2
2012,7,1,1,0,12
2012,7,1,2,0,11.7
2012,7,1,3,0,11.3
2012,7,1,4,0,10.8
2012,7,1,5,0,10.5
2012,7,1,6,0,10.4
2012,7,1,7,30,10.8
2012,7,1,8,127,11.8
2012,7,1,9,235,12.3
2012,7,1,10,477,13.6
2012,7,1,11,29,14.1
2012,7,1,12,535,14.4
2012,7,1,13,474,14.6
2012,7,1,14,184,14.6
2012,7,1,15,206,14.2
2012,7,1,16,47,13.4
2012,7,1,17,0,12.7
2012,7,1,18,0,12
2012,7,1,19,0,11.4
2012,7,1,20,0,10.9
2012,7,1,21,0,10.5
2012,7,1,22,0,10.2
2012,7,1,23,0,10
2012,7,2,0,0,9.9
2012,7,2,1,0,9.8
2012,7,2,2,0,9.8
2012,7,2,3,0,9.8
2012,7,2,4,0,9.8
2012,7,2,5,0,9.8
2012,7,2,6,0,10.1
2012,7,2,7,25,11
2012,7,2,8,213,12.1
2012,7,2,9,363,12.6
2012,7,2,10,474,13.6
2012,7,2,11,532,14.1
2012,7,2,12,356,14.5
2012,7,2,13,132,14.8
2012,7,2,14,359,14.8
2012,7,2,15,47,14.4
2012,7,2,16,49,13.8
2012,7,2,17,0,13.3
2012,7,2,18,0,12.8
2012,7,2,19,0,12.2
2012,7,2,20,0,11.7
2012,7,2,21,0,11.3
2012,7,2,22,0,11.1
2012,7,2,23,0,10.8
2012,7,3,0,0,10.7
2012,7,3,1,0,10.6
2012,7,3,2,0,10.5
2012,7,3,3,0,10.2
2012,7,3,4,0,10
2012,7,3,5,0,9.8
2012,7,3,6,0,9.8
2012,7,3,7,28,10.3
2012,7,3,8,213,11.4
2012,7,3,9,364,11.9
2012,7,3,10,477,13.3
2012,7,3,11,535,13.9
2012,7,3,12,535,14.2
2012,7,3,13,475,14.4
2012,7,3,14,249,14.4
2012,7,3,15,210,14
2012,7,3,16,27,13.3
2012,7,3,17,0,12.8
2012,7,3,18,0,12.6
2012,7,3,19,0,12.4
2012,7,3,20,0,12
2012,7,3,21,0,11.6
2012,7,3,22,0,11.4
2012,7,3,23,0,11.1
2012,7,4,0,0,10.9
2012,7,4,1,0,10.8
2012,7,4,2,0,10.6
2012,7,4,3,0,10.5
2012,7,4,4,0,10.4
2012,7,4,5,0,10.4
2012,7,4,6,0,10.4
2012,7,4,7,48,10.9
2012,7,4,8,133,11.8
2012,7,4,9,247,12.2
2012,7,4,10,289,13.4
2012,7,4,11,523,14.1
2012,7,4,12,310,14.5
2012,7,4,13,278,14.6
2012,7,4,14,113,14.5
2012,7,4,15,57,14.2
2012,7,4,16,12,13.7
2012,7,4,17,0,13.4
2012,7,4,18,0,13.3
2012,7,4,19,0,13.3
2012,7,4,20,0,13.2
2012,7,4,21,0,13.3
2012,7,4,22,0,13.3
2012,7,4,23,0,13.2
2012,7,5,0,0,13
2012,7,5,1,0,12.8
2012,7,5,2,0,12.6
2012,7,5,3,0,12.4
2012,7,5,4,0,12.3
2012,7,5,5,0,12.4
2012,7,5,6,0,12.5
2012,7,5,7,28,12.8
2012,7,5,8,134,13.3
2012,7,5,9,100,13.6
2012,7,5,10,188,14.3
2012,7,5,11,402,14.5
2012,7,5,12,387,14.6
2012,7,5,13,344,14.6
2012,7,5,14,241,14.3
2012,7,5,15,131,13.9
2012,7,5,16,28,13.2
2012,7,5,17,0,12.7
2012,7,5,18,0,12.4
2012,7,5,19,0,12.3
2012,7,5,20,0,12.3
2012,7,5,21,0,12.3
2012,7,5,22,0,12.3
2012,7,5,23,0,12.3
2012,7,6,0,0,12.2
2012,7,6,1,0,12.1
2012,7,6,2,0,12
2012,7,6,3,0,12
2012,7,6,4,0,12
2012,7,6,5,0,12
2012,7,6,6,0,12.1
2012,7,6,7,4,12.6
2012,7,6,8,207,13.2
2012,7,6,9,357,13.4
2012,7,6,10,41,13.8
2012,7,6,11,284,13.9
2012,7,6,12,524,14
2012,7,6,13,469,14.1
2012,7,6,14,359,14.1
2012,7,6,15,210,13.8
2012,7,6,16,52,13.3
2012,7,6,17,0,13
2012,7,6,18,0,12.9
2012,7,6,19,0,12.8
2012,7,6,20,0,12.5
2012,7,6,21,0,12.2
2012,7,6,22,0,12
2012,7,6,23,0,11.8
2012,7,7,0,0,11.7
2012,7,7,1,0,11.7
2012,7,7,2,0,11.8
2012,7,7,3,0,11.9
2012,7,7,4,0,12
2012,7,7,5,0,12.1
2012,7,7,6,0,12.2
2012,7,7,7,4,12.5
2012,7,7,8,14,13.1
2012,7,7,9,28,13.3
2012,7,7,10,151,14
2012,7,7,11,315,14.3
2012,7,7,12,154,14.6
2012,7,7,13,127,14.7
2012,7,7,14,259,14.6
2012,7,7,15,141,14.3
2012,7,7,16,31,13.8
2012,7,7,17,0,13.6
2012,7,7,18,0,13.5
2012,7,7,19,0,13.6
2012,7,7,20,0,13.7
2012,7,7,21,0,13.8
2012,7,7,22,0,13.8
2012,7,7,23,0,13.8
2012,7,8,0,0,13.6
2012,7,8,1,0,13.3
2012,7,8,2,0,12.9
2012,7,8,3,0,12.5
2012,7,8,4,0,12.2
2012,7,8,5,0,11.8
2012,7,8,6,0,11.6
2012,7,8,7,31,12.1
2012,7,8,8,216,13.2
2012,7,8,9,367,13.8
2012,7,8,10,479,15
2012,7,8,11,538,15.7
2012,7,8,12,537,16
2012,7,8,13,481,16.2
2012,7,8,14,369,16.1
2012,7,8,15,217,15.6
2012,7,8,16,56,14.7
2012,7,8,17,0,14
2012,7,8,18,0,13.8
2012,7,8,19,0,13.7
2012,7,8,20,0,13.7
2012,7,8,21,0,13.5
2012,7,8,22,0,13.3
2012,7,8,23,0,12.7
2012,7,9,0,0,12.1
2012,7,9,1,0,11.5
2012,7,9,2,0,11.1
2012,7,9,3,0,10.8
2012,7,9,4,0,10.7
2012,7,9,5,0,10.6
2012,7,9,6,0,10.7
2012,7,9,7,53,11.1
2012,7,9,8,212,12
2012,7,9,9,363,12.5
2012,7,9,10,360,14.1
2012,7,9,11,533,15.2
2012,7,9,12,533,16
2012,7,9,13,477,16.4
2012,7,9,14,367,16.4
2012,7,9,15,216,16
2012,7,9,16,56,15.1
2012,7,9,17,0,14.6
2012,7,9,18,0,14.4
2012,7,9,19,0,14.4
2012,7,9,20,0,14.3
2012,7,9,21,0,14
2012,7,9,22,0,13.7
2012,7,9,23,0,13.4
2012,7,10,0,0,13.1
2012,7,10,1,0,12.8
2012,7,10,2,0,12.6
2012,7,10,3,0,12.5
2012,7,10,4,0,12.4
2012,7,10,5,0,12.4
2012,7,10,6,0,12.4
2012,7,10,7,38,13
2012,7,10,8,156,13.9
2012,7,10,9,276,14.3
2012,7,10,10,277,15.3
2012,7,10,11,472,15.7
2012,7,10,12,448,16
2012,7,10,13,298,16.2
2012,7,10,14,105,16.3
2012,7,10,15,56,16.1
2012,7,10,16,16,15.8
2012,7,10,17,0,15.7
2012,7,10,18,0,15.8
2012,7,10,19,0,15.7
2012,7,10,20,0,15.5
2012,7,10,21,0,15.3
2012,7,10,22,0,15.2
2012,7,10,23,0,15.1
2012,7,11,0,0,15
2012,7,11,1,0,14.8
2012,7,11,2,0,14.6
2012,7,11,3,0,14.2
2012,7,11,4,0,13.7
2012,7,11,5,0,13.1
2012,7,11,6,0,12.8
2012,7,11,7,56,13.1
2012,7,11,8,220,13.9
2012,7,11,9,375,14.3
2012,7,11,10,491,15.6
2012,7,11,11,554,16.2
2012,7,11,12,552,16.7
2012,7,11,13,492,17.2
2012,7,11,14,376,17.4
2012,7,11,15,153,17
2012,7,11,16,17,16.1
2012,7,11,17,0,15.4
2012,7,11,18,0,15
2012,7,11,19,0,14.5
2012,7,11,20,0,14.1
2012,7,11,21,0,13.7
2012,7,11,22,0,13.3
2012,7,11,23,0,13
2012,7,12,0,0,12.8
2012,7,12,1,0,12.6
2012,7,12,2,0,12.4
2012,7,12,3,0,12.2
2012,7,12,4,0,12
2012,7,12,5,0,11.9
2012,7,12,6,0,11.9
2012,7,12,7,16,12.4
2012,7,12,8,55,13.5
2012,7,12,9,213,14.2
2012,7,12,10,130,15.7
2012,7,12,11,88,16
2012,7,12,12,277,16.2
2012,7,12,13,40,16.3
2012,7,12,14,149,16.4
2012,7,12,15,79,16.2
2012,7,12,16,22,16
2012,7,12,17,0,15.9
2012,7,12,18,0,15.8
2012,7,12,19,0,15.6
2012,7,12,20,0,15.4
2012,7,12,21,0,15.2
2012,7,12,22,0,14.8
2012,7,12,23,0,14.5
2012,7,13,0,0,14.2
2012,7,13,1,0,14
2012,7,13,2,0,13.8
2012,7,13,3,0,13.6
2012,7,13,4,0,13.6
2012,7,13,5,0,13.7
2012,7,13,6,0,14.1
2012,7,13,7,8,14.8
2012,7,13,8,21,15.6
2012,7,13,9,187,16
2012,7,13,10,365,17.3
2012,7,13,11,520,18.4
2012,7,13,12,527,19.2
2012,7,13,13,475,19.7
2012,7,13,14,298,19.5
2012,7,13,15,133,19
2012,7,13,16,57,18.3
2012,7,13,17,0,17.8
2012,7,13,18,0,17.4
2012,7,13,19,0,16.8
2012,7,13,20,0,16.2
2012,7,13,21,0,15.7
2012,7,13,22,0,15.2
2012,7,13,23,0,14.8
2012,7,14,0,0,14.6
2012,7,14,1,0,14.4
2012,7,14,2,0,14
2012,7,14,3,0,13.5
2012,7,14,4,0,13.1
2012,7,14,5,0,12.7
2012,7,14,6,0,12.5
2012,7,14,7,30,13
2012,7,14,8,135,14
2012,7,14,9,383,14.6
2012,7,14,10,497,16
2012,7,14,11,557,16.5
2012,7,14,12,554,16.8
2012,7,14,13,497,17.1
2012,7,14,14,383,17.2
2012,7,14,15,228,16.7
2012,7,14,16,64,15.8
2012,7,14,17,0,15
2012,7,14,18,0,14.3
2012,7,14,19,0,13.7
2012,7,14,20,0,13.1
2012,7,14,21,0,12.6
2012,7,14,22,0,12.2
2012,7,14,23,0,11.9
2012,7,15,0,0,11.6
2012,7,15,1,0,11.3
2012,7,15,2,0,11
2012,7,15,3,0,10.8
2012,7,15,4,0,10.6
2012,7,15,5,0,10.5
2012,7,15,6,0,10.6
2012,7,15,7,31,11.4
2012,7,15,8,135,12.6
2012,7,15,9,383,13.1
2012,7,15,10,496,14.3
2012,7,15,11,557,15
2012,7,15,12,557,15.5
2012,7,15,13,500,15.8
2012,7,15,14,387,15.7
2012,7,15,15,234,15.1
2012,7,15,16,67,14
2012,7,15,17,0,13
2012,7,15,18,0,12.3
2012,7,15,19,0,11.6
2012,7,15,20,0,11
2012,7,15,21,0,10.6
2012,7,15,22,0,10.4
2012,7,15,23,0,10.4
2012,7,16,0,0,10.4
2012,7,16,1,0,10.3
2012,7,16,2,0,10.3
2012,7,16,3,0,10.3
2012,7,16,4,0,10.3
2012,7,16,5,0,10.4
2012,7,16,6,0,10.6
2012,7,16,7,32,11.5
2012,7,16,8,231,12.9
2012,7,16,9,387,13.6
2012,7,16,10,500,15.5
2012,7,16,11,561,16.4
2012,7,16,12,562,17.1
2012,7,16,13,505,17.4
2012,7,16,14,392,17.3
2012,7,16,15,238,16.7
2012,7,16,16,70,15.6
2012,7,16,17,0,14.8
2012,7,16,18,0,14.4
2012,7,16,19,0,14
2012,7,16,20,0,13.6
2012,7,16,21,0,13
2012,7,16,22,0,12.4
2012,7,16,23,0,11.9
2012,7,17,0,0,11.5
2012,7,17,1,0,11.1
2012,7,17,2,0,10.9
2012,7,17,3,0,10.7
2012,7,17,4,0,10.4
2012,7,17,5,0,10.3
2012,7,17,6,0,10.5
2012,7,17,7,63,11.2
2012,7,17,8,230,12.3
2012,7,17,9,386,12.9
2012,7,17,10,506,14.8
2012,7,17,11,568,16
2012,7,17,12,572,16.8
2012,7,17,13,511,17.4
2012,7,17,14,397,17.6
2012,7,17,15,240,17.1
2012,7,17,16,71,16.2
2012,7,17,17,0,15.4
2012,7,17,18,0,14.7
2012,7,17,19,0,14.1
2012,7,17,20,0,13.5
2012,7,17,21,0,12.8
2012,7,17,22,0,12.1
2012,7,17,23,0,11.5
2012,7,18,0,0,10.9
2012,7,18,1,0,10.5
2012,7,18,2,0,10.1
2012,7,18,3,0,9.9
2012,7,18,4,0,9.8
2012,7,18,5,0,9.8
2012,7,18,6,0,10
2012,7,18,7,35,10.7
2012,7,18,8,132,12
2012,7,18,9,266,12.8
2012,7,18,10,495,15.3
2012,7,18,11,556,16.3
2012,7,18,12,559,17
2012,7,18,13,503,17.3
2012,7,18,14,390,17.4
2012,7,18,15,236,17.1
2012,7,18,16,69,16.5
2012,7,18,17,0,15.7
2012,7,18,18,0,14.7
2012,7,18,19,0,14
2012,7,18,20,0,13.5
2012,7,18,21,0,13.1
2012,7,18,22,0,12.6
2012,7,18,23,0,12.1
2012,7,19,0,0,11.8
2012,7,19,1,0,11.6
2012,7,19,2,0,11.5
2012,7,19,3,0,11.3
2012,7,19,4,0,11.1
2012,7,19,5,0,10.9
2012,7,19,6,0,11
2012,7,19,7,33,11.7
2012,7,19,8,137,12.5
2012,7,19,9,283,12.8
2012,7,19,10,315,13.4
2012,7,19,11,132,13.7
2012,7,19,12,357,13.9
2012,7,19,13,263,14
2012,7,19,14,291,13.9
2012,7,19,15,237,13.6
2012,7,19,16,71,13.1
2012,7,19,17,0,12.7
2012,7,19,18,0,12.6
2012,7,19,19,0,12.5
2012,7,19,20,0,12.4
2012,7,19,21,0,12.2
2012,7,19,22,0,11.9
2012,7,19,23,0,11.6
2012,7,20,0,0,11.3
2012,7,20,1,0,10.9
2012,7,20,2,0,10.6
2012,7,20,3,0,10.4
2012,7,20,4,0,10.2
2012,7,20,5,0,10.1
2012,7,20,6,0,10.2
2012,7,20,7,41,10.9
2012,7,20,8,235,12.3
2012,7,20,9,390,13
2012,7,20,10,503,14.5
2012,7,20,11,563,15.1
2012,7,20,12,564,15.3
2012,7,20,13,507,15.4
2012,7,20,14,394,15.3
2012,7,20,15,240,15
2012,7,20,16,75,14.4
2012,7,20,17,0,14
2012,7,20,18,0,13.8
2012,7,20,19,0,13.6
2012,7,20,20,0,13.5
2012,7,20,21,0,13.3
2012,7,20,22,0,13.2
2012,7,20,23,0,13.1
2012,7,21,0,0,13.2
2012,7,21,1,0,13.4
2012,7,21,2,0,13.6
2012,7,21,3,0,13.8
2012,7,21,4,0,13.8
2012,7,21,5,0,13.6
2012,7,21,6,0,13.6
2012,7,21,7,5,13.8
2012,7,21,8,15,14.2
2012,7,21,9,28,14.4
2012,7,21,10,148,14.9
2012,7,21,11,219,15.1
2012,7,21,12,154,15.2
2012,7,21,13,160,15.2
2012,7,21,14,158,15
2012,7,21,15,106,14.7
2012,7,21,16,28,14.2
2012,7,21,17,0,13.9
2012,7,21,18,0,13.8
2012,7,21,19,0,13.8
2012,7,21,20,0,13.9
2012,7,21,21,0,14
2012,7,21,22,0,14
2012,7,21,23,0,14
2012,7,22,0,0,14
2012,7,22,1,0,13.8
2012,7,22,2,0,13.5
2012,7,22,3,0,13.1
2012,7,22,4,0,12.9
2012,7,22,5,0,12.8
2012,7,22,6,0,13
2012,7,22,7,5,13.7
2012,7,22,8,17,14.5
2012,7,22,9,153,14.8
2012,7,22,10,181,15.6
2012,7,22,11,423,15.8
2012,7,22,12,563,15.9
2012,7,22,13,226,15.8
2012,7,22,14,392,15.6
2012,7,22,15,239,15.2
2012,7,22,16,74,14.7
2012,7,22,17,0,14.3
2012,7,22,18,0,14.2
2012,7,22,19,0,14.1
2012,7,22,20,0,14
2012,7,22,21,0,14
2012,7,22,22,0,14
2012,7,22,23,0,14.1
2012,7,23,0,0,14.1
2012,7,23,1,0,14.1
2012,7,23,2,0,14.1
2012,7,23,3,0,14.1
2012,7,23,4,0,14.2
2012,7,23,5,0,14.3
2012,7,23,6,0,14.4
2012,7,23,7,69,14.8
2012,7,23,8,131,15.3
2012,7,23,9,273,15.5
2012,7,23,10,84,15.8
2012,7,23,11,375,16
2012,7,23,12,341,16
2012,7,23,13,514,15.9
2012,7,23,14,217,15.7
2012,7,23,15,165,15.3
2012,7,23,16,46,14.8
2012,7,23,17,0,14.5
2012,7,23,18,0,14.4
2012,7,23,19,0,14.3
2012,7,23,20,0,14.3
2012,7,23,21,0,14.3
2012,7,23,22,0,14.2
2012,7,23,23,0,14.3
2012,7,24,0,0,14.2
2012,7,24,1,0,14
2012,7,24,2,0,13.9
2012,7,24,3,0,13.8
2012,7,24,4,0,13.7
2012,7,24,5,0,13.6
2012,7,24,6,0,13.6
2012,7,24,7,20,13.8
2012,7,24,8,79,14.1
2012,7,24,9,29,14.3
2012,7,24,10,206,14.7
2012,7,24,11,571,14.9
2012,7,24,12,149,15
2012,7,24,13,67,15.1
2012,7,24,14,92,15.2
2012,7,24,15,40,15
2012,7,24,16,12,14.6
2012,7,24,17,0,14.5
2012,7,24,18,0,14.6
2012,7,24,19,0,14.8
2012,7,24,20,0,14.9
2012,7,24,21,0,14.8
2012,7,24,22,0,14.7
2012,7,24,23,0,14.4
2012,7,25,0,0,14.1
2012,7,25,1,0,13.7
2012,7,25,2,0,13.3
2012,7,25,3,0,12.8
2012,7,25,4,0,12.4
2012,7,25,5,0,11.9
2012,7,25,6,0,11.8
2012,7,25,7,71,12.3
2012,7,25,8,239,13.1
2012,7,25,9,397,13.5
2012,7,25,10,516,15
2012,7,25,11,580,15.8
2012,7,25,12,582,16.5
2012,7,25,13,528,17
2012,7,25,14,414,17.2
2012,7,25,15,257,16.9
2012,7,25,16,84,16.2
2012,7,25,17,0,15.6
2012,7,25,18,0,15.2
2012,7,25,19,0,14.8
2012,7,25,20,0,14.4
2012,7,25,21,0,14
2012,7,25,22,0,13.7
2012,7,25,23,0,13.5
2012,7,26,0,0,13.3
2012,7,26,1,0,13.1
2012,7,26,2,0,12.9
2012,7,26,3,0,12.6
2012,7,26,4,0,12.4
2012,7,26,5,0,12.3
2012,7,26,6,0,12.3
2012,7,26,7,5,13
2012,7,26,8,50,14
2012,7,26,9,29,14.6
2012,7,26,10,105,16.3
2012,7,26,11,207,17.2
2012,7,26,12,132,17.7
2012,7,26,13,122,18
2012,7,26,14,16,17.9
2012,7,26,15,252,17.4
2012,7,26,16,5,16.5
2012,7,26,17,0,15.8
2012,7,26,18,0,15.2
2012,7,26,19,0,14.7
2012,7,26,20,0,14.3
2012,7,26,21,0,13.9
2012,7,26,22,0,13.4
2012,7,26,23,0,12.9
2012,7,27,0,0,12.5
2012,7,27,1,0,12.3
2012,7,27,2,0,12.1
2012,7,27,3,0,11.9
2012,7,27,4,0,11.6
2012,7,27,5,0,11.3
2012,7,27,6,0,11.3
2012,7,27,7,79,11.8
2012,7,27,8,255,12.7
2012,7,27,9,417,13.2
2012,7,27,10,534,14.5
2012,7,27,11,597,15.2
2012,7,27,12,598,15.7
2012,7,27,13,538,16.1
2012,7,27,14,421,16.1
2012,7,27,15,262,15.7
2012,7,27,16,88,14.9
2012,7,27,17,0,14.1
2012,7,27,18,0,13.6
2012,7,27,19,0,13.1
2012,7,27,20,0,12.4
2012,7,27,21,0,11.8
2012,7,27,22,0,11.4
2012,7,27,23,0,11.1
2012,7,28,0,0,10.9
2012,7,28,1,0,10.7
2012,7,28,2,0,10.6
2012,7,28,3,0,10.6
2012,7,28,4,0,10.7
2012,7,28,5,0,10.8
2012,7,28,6,0,11
2012,7,28,7,14,11.8
2012,7,28,8,253,12.8
2012,7,28,9,411,13.3
2012,7,28,10,528,14.7
2012,7,28,11,591,15.4
2012,7,28,12,595,15.8
2012,7,28,13,537,16.2
2012,7,28,14,424,16.3
2012,7,28,15,266,15.9
2012,7,28,16,16,15.1
2012,7,28,17,0,14.4
2012,7,28,18,0,13.9
2012,7,28,19,0,13.2
2012,7,28,20,0,12.5
2012,7,28,21,0,11.8
2012,7,28,22,0,11.4
2012,7,28,23,0,11.1
2012,7,29,0,0,11
2012,7,29,1,0,11
2012,7,29,2,0,11.1
2012,7,29,3,0,11.2
2012,7,29,4,0,11.2
2012,7,29,5,0,11.2
2012,7,29,6,0,11.5
2012,7,29,7,83,12.3
2012,7,29,8,259,13.3
2012,7,29,9,419,13.7
2012,7,29,10,536,14.6
2012,7,29,11,151,14.9
2012,7,29,12,147,15.1
2012,7,29,13,396,15.1
2012,7,29,14,150,14.8
2012,7,29,15,265,14.2
2012,7,29,16,24,13.4
2012,7,29,17,0,12.9
2012,7,29,18,0,12.7
2012,7,29,19,0,12.7
2012,7,29,20,0,12.5
2012,7,29,21,0,12.4
2012,7,29,22,0,12.2
2012,7,29,23,0,12
2012,7,30,0,0,11.8
2012,7,30,1,0,11.5
2012,7,30,2,0,11.3
2012,7,30,3,0,11
2012,7,30,4,0,10.7
2012,7,30,5,0,10.4
2012,7,30,6,0,10.4
2012,7,30,7,23,10.9
2012,7,30,8,264,11.9
2012,7,30,9,426,12.4
2012,7,30,10,205,13.4
2012,7,30,11,451,13.8
2012,7,30,12,456,14.1
2012,7,30,13,412,14.2
2012,7,30,14,429,14.4
2012,7,30,15,263,14.2
2012,7,30,16,57,13.9
2012,7,30,17,0,13.6
2012,7,30,18,0,13.5
2012,7,30,19,0,13.3
2012,7,30,20,0,13.1
2012,7,30,21,0,12.8
2012,7,30,22,0,12.6
2012,7,30,23,0,12.4
2012,7,31,0,0,12.2
2012,7,31,1,0,12
2012,7,31,2,0,11.7
2012,7,31,3,0,11.5
2012,7,31,4,0,11.2
2012,7,31,5,0,11
2012,7,31,6,0,11.2
2012,7,31,7,41,11.7
2012,7,31,8,237,12.3
2012,7,31,9,392,12.5
2012,7,31,10,523,13.2
2012,7,31,11,584,13.5
2012,7,31,12,401,13.6
2012,7,31,13,322,13.8
2012,7,31,14,268,13.8
2012,7,31,15,187,13.6
2012,7,31,16,59,13
2012,7,31,17,0,12.5
2012,7,31,18,0,12.3
2012,7,31,19,0,12.1
2012,7,31,20,0,12
2012,7,31,21,0,11.9
2012,7,31,22,0,11.7
2012,7,31,23,0,11.5
2012,8,1,0,0,11.3
2012,8,1,1,0,11
2012,8,1,2,0,10.8
2012,8,1,3,0,10.6
2012,8,1,4,0,10.5
2012,8,1,5,0,10.5
2012,8,1,6,0,10.6
2012,8,1,7,72,11.1
2012,8,1,8,216,11.8
2012,8,1,9,414,12.2
2012,8,1,10,534,13.1
2012,8,1,11,596,13.4
2012,8,1,12,598,13.6
2012,8,1,13,539,13.7
2012,8,1,14,424,13.7
2012,8,1,15,268,13.4
2012,8,1,16,95,13
2012,8,1,17,0,12.6
2012,8,1,18,0,12.5
2012,8,1,19,0,12.3
2012,8,1,20,0,11.9
2012,8,1,21,0,11.6
2012,8,1,22,0,11.4
2012,8,1,23,0,11.2
2012,8,2,0,0,10.9
2012,8,2,1,0,10.7
2012,8,2,2,0,10.4
2012,8,2,3,0,10.2
2012,8,2,4,0,10.1
2012,8,2,5,0,9.9
2012,8,2,6,0,10
2012,8,2,7,95,10.8
2012,8,2,8,277,11.9
2012,8,2,9,441,12.4
2012,8,2,10,563,13.6
2012,8,2,11,627,14.2
2012,8,2,12,632,14.5
2012,8,2,13,571,14.7
2012,8,2,14,452,14.7
2012,8,2,15,208,14.3
2012,8,2,16,69,13.8
2012,8,2,17,0,13.5
2012,8,2,18,0,13.6
2012,8,2,19,0,13.8
2012,8,2,20,0,13.7
2012,8,2,21,0,13.3
2012,8,2,22,0,12.7
2012,8,2,23,0,12.2
2012,8,3,0,0,11.7
2012,8,3,1,0,11.1
2012,8,3,2,0,10.6
2012,8,3,3,0,10.2
2012,8,3,4,0,9.9
2012,8,3,5,0,9.8
2012,8,3,6,0,10
2012,8,3,7,76,10.8
2012,8,3,8,225,12
2012,8,3,9,304,12.5
2012,8,3,10,559,14.2
2012,8,3,11,623,15
2012,8,3,12,622,15.6
2012,8,3,13,562,16.1
2012,8,3,14,443,16.5
2012,8,3,15,281,16.4
2012,8,3,16,104,15.7
2012,8,3,17,0,14.9
2012,8,3,18,0,14.2
2012,8,3,19,0,13.5
2012,8,3,20,0,13
2012,8,3,21,0,12.4
2012,8,3,22,0,11.9
2012,8,3,23,0,11.6
2012,8,4,0,0,11.2
2012,8,4,1,0,10.9
2012,8,4,2,0,10.6
2012,8,4,3,0,10.3
2012,8,4,4,0,10
2012,8,4,5,0,9.8
2012,8,4,6,0,10
2012,8,4,7,101,10.9
2012,8,4,8,163,12.4
2012,8,4,9,449,13.1
2012,8,4,10,571,15.6
2012,8,4,11,632,16.6
2012,8,4,12,633,17.1
2012,8,4,13,569,17.6
2012,8,4,14,451,17.9
2012,8,4,15,288,17.5
2012,8,4,16,107,16.5
2012,8,4,17,0,15.5
2012,8,4,18,0,14.9
2012,8,4,19,0,14.4
2012,8,4,20,0,13.9
2012,8,4,21,0,13.3
2012,8,4,22,0,12.6
2012,8,4,23,0,11.9
2012,8,5,0,0,11.3
2012,8,5,1,0,10.7
2012,8,5,2,0,10.1
2012,8,5,3,0,9.6
2012,8,5,4,0,9.2
2012,8,5,5,0,8.9
2012,8,5,6,0,9.2
2012,8,5,7,103,10.2
2012,8,5,8,285,12
2012,8,5,9,334,13.1
2012,8,5,10,569,16.4
2012,8,5,11,631,17.8
2012,8,5,12,629,18.6
2012,8,5,13,566,19
2012,8,5,14,111,19.1
2012,8,5,15,19,18.6
2012,8,5,16,65,17.5
2012,8,5,17,0,16.6
2012,8,5,18,0,15.9
2012,8,5,19,0,15.3
2012,8,5,20,0,14.7
2012,8,5,21,0,14.2
2012,8,5,22,0,13.9
2012,8,5,23,0,13.6
2012,8,6,0,0,13.5
2012,8,6,1,0,13.4
2012,8,6,2,0,13.4
2012,8,6,3,0,13.3
2012,8,6,4,0,13.2
2012,8,6,5,0,12.9
2012,8,6,6,0,12.8
2012,8,6,7,108,13.3
2012,8,6,8,297,13.9
2012,8,6,9,464,14.1
2012,8,6,10,585,14.7
2012,8,6,11,650,15.1
2012,8,6,12,651,15.5
2012,8,6,13,587,15.8
2012,8,6,14,467,15.8
2012,8,6,15,302,15.3
2012,8,6,16,116,14.4
2012,8,6,17,0,13.5
2012,8,6,18,0,12.7
2012,8,6,19,0,12
2012,8,6,20,0,11.5
2012,8,6,21,0,11
2012,8,6,22,0,10.6
2012,8,6,23,0,10.3
2012,8,7,0,0,10.1
2012,8,7,1,0,9.9
2012,8,7,2,0,9.7
2012,8,7,3,0,9.5
2012,8,7,4,0,9.4
2012,8,7,5,0,9.3
2012,8,7,6,0,9.6
2012,8,7,7,112,10.5
2012,8,7,8,298,11.8
2012,8,7,9,464,12.5
2012,8,7,10,585,13.9
2012,8,7,11,649,14.6
2012,8,7,12,650,15.1
2012,8,7,13,588,15.5
2012,8,7,14,469,15.8
2012,8,7,15,304,15.6
2012,8,7,16,118,14.8
2012,8,7,17,0,14.1
2012,8,7,18,0,13.9
2012,8,7,19,0,13.7
2012,8,7,20,0,13.3
2012,8,7,21,0,12.8
2012,8,7,22,0,12.1
2012,8,7,23,0,11.3
2012,8,8,0,0,10.6
2012,8,8,1,0,10.1
2012,8,8,2,0,9.6
2012,8,8,3,0,9.3
2012,8,8,4,0,9.1
2012,8,8,5,0,8.9
2012,8,8,6,0,9
2012,8,8,7,115,10
2012,8,8,8,303,11.6
2012,8,8,9,474,12.5
2012,8,8,10,594,14.9
2012,8,8,11,655,16.1
2012,8,8,12,652,17.2
2012,8,8,13,589,18.1
2012,8,8,14,465,18.7
2012,8,8,15,301,18.6
2012,8,8,16,116,17.7
2012,8,8,17,0,16.7
2012,8,8,18,0,15.8
2012,8,8,19,0,15.1
2012,8,8,20,0,14.6
2012,8,8,21,0,14.2
2012,8,8,22,0,13.9
2012,8,8,23,0,13.7
2012,8,9,0,0,13.3
2012,8,9,1,0,13
2012,8,9,2,0,12.8
2012,8,9,3,0,12.6
2012,8,9,4,0,12.4
2012,8,9,5,0,12.3
2012,8,9,6,0,12.4
2012,8,9,7,12,12.8
2012,8,9,8,27,13.4
2012,8,9,9,88,13.7
2012,8,9,10,396,15.3
2012,8,9,11,649,16.2
2012,8,9,12,657,16.7
2012,8,9,13,596,16.9
2012,8,9,14,478,16.7
2012,8,9,15,314,15.8
2012,8,9,16,123,14.5
2012,8,9,17,0,13.4
2012,8,9,18,0,12.8
2012,8,9,19,0,12.2
2012,8,9,20,0,11.7
2012,8,9,21,0,11.3
2012,8,9,22,0,11
2012,8,9,23,0,10.8
2012,8,10,0,0,10.5
2012,8,10,1,0,10.3
2012,8,10,2,0,10.2
2012,8,10,3,0,10.3
2012,8,10,4,0,10.4
2012,8,10,5,0,10.5
2012,8,10,6,0,10.7
2012,8,10,7,88,11.3
2012,8,10,8,178,12.3
2012,8,10,9,370,12.9
2012,8,10,10,77,14
2012,8,10,11,143,14.3
2012,8,10,12,158,14.3
2012,8,10,13,387,14.3
2012,8,10,14,335,14.3
2012,8,10,15,43,14.1
2012,8,10,16,72,13.9
2012,8,10,17,0,13.6
2012,8,10,18,0,13.3
2012,8,10,19,0,13.3
2012,8,10,20,0,13.1
2012,8,10,21,0,12.9
2012,8,10,22,0,12.8
2012,8,10,23,0,12.6
2012,8,11,0,0,12.5
2012,8,11,1,0,12.4
2012,8,11,2,0,12.4
2012,8,11,3,0,12.5
2012,8,11,4,0,12.6
2012,8,11,5,0,12.6
2012,8,11,6,0,12.8
2012,8,11,7,8,13.2
2012,8,11,8,22,13.6
2012,8,11,9,56,13.8
2012,8,11,10,106,14.3
2012,8,11,11,621,14.7
2012,8,11,12,265,14.9
2012,8,11,13,318,14.9
2012,8,11,14,185,14.9
2012,8,11,15,279,14.7
2012,8,11,16,104,14.3
2012,8,11,17,0,14.1
2012,8,11,18,0,13.9
2012,8,11,19,0,13.8
2012,8,11,20,0,13.8
2012,8,11,21,0,13.8
2012,8,11,22,0,13.8
2012,8,11,23,0,13.7
2012,8,12,0,0,13.7
2012,8,12,1,0,13.7
2012,8,12,2,0,13.6
2012,8,12,3,0,13.5
2012,8,12,4,0,13.4
2012,8,12,5,0,13.3
2012,8,12,6,0,13.3
2012,8,12,7,45,13.5
2012,8,12,8,292,13.8
2012,8,12,9,458,13.9
2012,8,12,10,574,14.2
2012,8,12,11,636,14.4
2012,8,12,12,636,14.4
2012,8,12,13,575,14.5
2012,8,12,14,226,14.6
2012,8,12,15,158,14.4
2012,8,12,16,54,14
2012,8,12,17,0,13.8
2012,8,12,18,0,13.8
2012,8,12,19,0,13.6
2012,8,12,20,0,13.5
2012,8,12,21,0,13.3
2012,8,12,22,0,13.1
2012,8,12,23,0,12.8
2012,8,13,0,0,12.6
2012,8,13,1,0,12.5
2012,8,13,2,0,12.5
2012,8,13,3,0,12.4
2012,8,13,4,0,12.4
2012,8,13,5,0,12.3
2012,8,13,6,0,12.3
2012,8,13,7,53,12.7
2012,8,13,8,153,13.3
2012,8,13,9,202,13.6
2012,8,13,10,597,14.5
2012,8,13,11,661,15
2012,8,13,12,665,15.4
2012,8,13,13,607,15.7
2012,8,13,14,486,15.9
2012,8,13,15,319,15.8
2012,8,13,16,131,15
2012,8,13,17,0,14.1
2012,8,13,18,0,13.6
2012,8,13,19,0,13.5
2012,8,13,20,0,13.4
2012,8,13,21,0,13.3
2012,8,13,22,0,12.8
2012,8,13,23,0,12.2
2012,8,14,0,0,11.5
2012,8,14,1,0,10.7
2012,8,14,2,0,10
2012,8,14,3,0,9.6
2012,8,14,4,0,9.3
2012,8,14,5,0,9
2012,8,14,6,0,9.1
2012,8,14,7,134,9.9
2012,8,14,8,199,11.3
2012,8,14,9,374,12.1
2012,8,14,10,469,14.3
2012,8,14,11,522,15.3
2012,8,14,12,490,16
2012,8,14,13,246,16.7
2012,8,14,14,381,17
2012,8,14,15,150,16.7
2012,8,14,16,55,16.1
2012,8,14,17,0,15.5
2012,8,14,18,0,15
2012,8,14,19,0,14.6
2012,8,14,20,0,14
2012,8,14,21,0,13.3
2012,8,14,22,0,12.7
2012,8,14,23,0,12.1
2012,8,15,0,0,11.7
2012,8,15,1,0,11.3
2012,8,15,2,0,10.9
2012,8,15,3,0,10.6
2012,8,15,4,0,10.3
2012,8,15,5,0,10
2012,8,15,6,0,10.3
2012,8,15,7,133,11.4
2012,8,15,8,322,13.1
2012,8,15,9,484,14.1
2012,8,15,10,441,17
2012,8,15,11,478,18.1
2012,8,15,12,392,18.5
2012,8,15,13,374,18.8
2012,8,15,14,357,18.9
2012,8,15,15,316,18.6
2012,8,15,16,86,17.8
2012,8,15,17,0,17.1
2012,8,15,18,0,16.6
2012,8,15,19,0,16.2
2012,8,15,20,0,15.8
2012,8,15,21,0,15.3
2012,8,15,22,0,14.9
2012,8,15,23,0,14.4
2012,8,16,0,0,13.9
2012,8,16,1,0,13.4
2012,8,16,2,0,12.9
2012,8,16,3,0,12.5
2012,8,16,4,0,12
2012,8,16,5,0,11.5
2012,8,16,6,0,11.6
2012,8,16,7,144,12.5
2012,8,16,8,335,13.7
2012,8,16,9,503,14.3
2012,8,16,10,623,15.6
2012,8,16,11,686,16.2
2012,8,16,12,685,16.8
2012,8,16,13,620,17.1
2012,8,16,14,497,17.3
2012,8,16,15,326,17.1
2012,8,16,16,135,16.1
2012,8,16,17,0,15.1
2012,8,16,18,0,14.5
2012,8,16,19,0,14.1
2012,8,16,20,0,13.8
2012,8,16,21,0,13.3
2012,8,16,22,0,12.8
2012,8,16,23,0,12.2
2012,8,17,0,0,11.7
2012,8,17,1,0,11.3
2012,8,17,2,0,10.9
2012,8,17,3,0,10.6
2012,8,17,4,0,10.5
2012,8,17,5,0,10.4
2012,8,17,6,0,10.9
2012,8,17,7,143,12.2
2012,8,17,8,333,13.9
2012,8,17,9,498,14.9
2012,8,17,10,617,17
2012,8,17,11,678,18
2012,8,17,12,672,18.5
2012,8,17,13,274,17.9
2012,8,17,14,392,16.5
2012,8,17,15,210,15.1
2012,8,17,16,138,14.1
2012,8,17,17,0,13.3
2012,8,17,18,0,12.8
2012,8,17,19,0,12.4
2012,8,17,20,0,12
2012,8,17,21,0,11.7
2012,8,17,22,0,11.4
2012,8,17,23,0,11.2
2012,8,18,0,0,11.1
2012,8,18,1,0,11
2012,8,18,2,0,10.7
2012,8,18,3,0,10.6
2012,8,18,4,0,10.5
2012,8,18,5,0,10.4
2012,8,18,6,0,10.7
2012,8,18,7,148,11.5
2012,8,18,8,341,12.4
2012,8,18,9,510,12.8
2012,8,18,10,625,14.3
2012,8,18,11,685,15.3
2012,8,18,12,536,16
2012,8,18,13,513,16.3
2012,8,18,14,398,16.2
2012,8,18,15,330,15.7
2012,8,18,16,141,14.8
2012,8,18,17,0,14.1
2012,8,18,18,0,13.6
2012,8,18,19,0,13.3
2012,8,18,20,0,13
2012,8,18,21,0,12.9
2012,8,18,22,0,12.7
2012,8,18,23,0,12.5
2012,8,19,0,0,12.4
2012,8,19,1,0,12.3
2012,8,19,2,0,12.2
2012,8,19,3,0,12
2012,8,19,4,0,11.7
2012,8,19,5,0,11.5
2012,8,19,6,0,11.8
2012,8,19,7,152,12.7
2012,8,19,8,345,13.7
2012,8,19,9,515,14.2
2012,8,19,10,639,15.5
2012,8,19,11,702,16.2
2012,8,19,12,700,16.6
2012,8,19,13,631,16.9
2012,8,19,14,507,17
2012,8,19,15,336,16.6
2012,8,19,16,144,15.6
2012,8,19,17,0,14.6
2012,8,19,18,0,14
2012,8,19,19,0,13.6
2012,8,19,20,0,13.2
2012,8,19,21,0,12.8
2012,8,19,22,0,12
2012,8,19,23,0,11.2
2012,8,20,0,0,10.6
2012,8,20,1,0,10.4
2012,8,20,2,0,10.2
2012,8,20,3,0,10
2012,8,20,4,0,9.8
2012,8,20,5,0,9.7
2012,8,20,6,0,9.9
2012,8,20,7,155,10.8
2012,8,20,8,349,11.9
2012,8,20,9,518,12.4
2012,8,20,10,642,14.1
2012,8,20,11,706,14.9
2012,8,20,12,704,15.5
2012,8,20,13,639,15.9
2012,8,20,14,515,16.1
2012,8,20,15,344,16
2012,8,20,16,149,15.2
2012,8,20,17,0,14.3
2012,8,20,18,0,13.8
2012,8,20,19,0,13.7
2012,8,20,20,0,13.6
2012,8,20,21,0,13.4
2012,8,20,22,0,13.1
2012,8,20,23,0,12.7
2012,8,21,0,0,12.3
2012,8,21,1,0,12
2012,8,21,2,0,11.8
2012,8,21,3,0,11.5
2012,8,21,4,0,11.4
2012,8,21,5,0,11.3
2012,8,21,6,0,11.4
2012,8,21,7,77,12.1
2012,8,21,8,348,13.4
2012,8,21,9,520,14.2
2012,8,21,10,644,16.4
2012,8,21,11,705,17.4
2012,8,21,12,702,18.1
2012,8,21,13,637,18.6
2012,8,21,14,510,18.9
2012,8,21,15,337,18.6
2012,8,21,16,145,17.6
2012,8,21,17,0,16.4
2012,8,21,18,0,15.7
2012,8,21,19,0,15.3
2012,8,21,20,0,15.1
2012,8,21,21,0,14.9
2012,8,21,22,0,14.8
2012,8,21,23,0,14.5
2012,8,22,0,0,14.2
2012,8,22,1,0,13.7
2012,8,22,2,0,13.1
2012,8,22,3,0,12.6
2012,8,22,4,0,12.1
2012,8,22,5,0,11.8
2012,8,22,6,0,12
2012,8,22,7,149,12.9
2012,8,22,8,193,14.2
2012,8,22,9,247,15
2012,8,22,10,629,17.3
2012,8,22,11,696,18.7
2012,8,22,12,694,19.8
2012,8,22,13,623,20.4
2012,8,22,14,274,20.6
2012,8,22,15,327,20.3
2012,8,22,16,64,19.3
2012,8,22,17,0,18.4
2012,8,22,18,0,17.8
2012,8,22,19,0,17.5
2012,8,22,20,0,17.3
2012,8,22,21,0,17.1
2012,8,22,22,0,17
2012,8,22,23,0,17
2012,8,23,0,0,16.8
2012,8,23,1,0,16.4
2012,8,23,2,0,16.1
2012,8,23,3,0,16.2
2012,8,23,4,0,16.5
2012,8,23,5,0,16.7
2012,8,23,6,0,17.3
2012,8,23,7,141,18.3
2012,8,23,8,14,19.3
2012,8,23,9,489,19.7
2012,8,23,10,614,21.3
2012,8,23,11,674,22.3
2012,8,23,12,671,23
2012,8,23,13,255,22.9
2012,8,23,14,283,22.4
2012,8,23,15,155,21.6
2012,8,23,16,61,20.6
2012,8,23,17,0,19.5
2012,8,23,18,0,18.7
2012,8,23,19,0,17.8
2012,8,23,20,0,17.1
2012,8,23,21,0,16.5
2012,8,23,22,0,15.8
2012,8,23,23,0,15.3
2012,8,24,0,0,14.8
2012,8,24,1,0,14.5
2012,8,24,2,0,14.3
2012,8,24,3,0,14.3
2012,8,24,4,0,13.9
2012,8,24,5,0,13.2
2012,8,24,6,0,13
2012,8,24,7,181,13.3
2012,8,24,8,383,13.7
2012,8,24,9,557,14
2012,8,24,10,675,15.4
2012,8,24,11,735,16.4
2012,8,24,12,729,17.3
2012,8,24,13,660,17.7
2012,8,24,14,533,17.9
2012,8,24,15,358,17.7
2012,8,24,16,160,16.9
2012,8,24,17,0,16
2012,8,24,18,0,15.4
2012,8,24,19,0,15
2012,8,24,20,0,14.6
2012,8,24,21,0,14.2
2012,8,24,22,0,13.8
2012,8,24,23,0,13.5
2012,8,25,0,0,13.2
2012,8,25,1,0,12.8
2012,8,25,2,0,12.5
2012,8,25,3,0,12.2
2012,8,25,4,0,11.9
2012,8,25,5,0,11.7
2012,8,25,6,13,12.1
2012,8,25,7,182,13
2012,8,25,8,382,13.8
2012,8,25,9,556,14.2
2012,8,25,10,680,15.4
2012,8,25,11,743,16.2
2012,8,25,12,736,16.8
2012,8,25,13,669,17.1
2012,8,25,14,541,17.2
2012,8,25,15,365,17
2012,8,25,16,163,16.4
2012,8,25,17,0,15.7
2012,8,25,18,0,15.1
2012,8,25,19,0,14.4
2012,8,25,20,0,13.5
2012,8,25,21,0,12.4
2012,8,25,22,0,11.6
2012,8,25,23,0,11.1
2012,8,26,0,0,10.7
2012,8,26,1,0,10.3
2012,8,26,2,0,10
2012,8,26,3,0,9.8
2012,8,26,4,0,9.7
2012,8,26,5,0,9.6
2012,8,26,6,14,10.3
2012,8,26,7,182,11.7
2012,8,26,8,382,13.3
2012,8,26,9,554,14
2012,8,26,10,681,15.6
2012,8,26,11,743,16.5
2012,8,26,12,742,17.1
2012,8,26,13,675,17.4
2012,8,26,14,543,17.4
2012,8,26,15,315,17.1
2012,8,26,16,166,16.2
2012,8,26,17,0,15.1
2012,8,26,18,0,14.4
2012,8,26,19,0,14
2012,8,26,20,0,13.7
2012,8,26,21,0,13.2
2012,8,26,22,0,12.6
2012,8,26,23,0,12
2012,8,27,0,0,11.6
2012,8,27,1,0,11.3
2012,8,27,2,0,11.2
2012,8,27,3,0,11.1
2012,8,27,4,0,11
2012,8,27,5,0,10.9
2012,8,27,6,17,11.2
2012,8,27,7,189,12.2
2012,8,27,8,387,13.7
2012,8,27,9,557,14.6
2012,8,27,10,678,16.4
2012,8,27,11,740,17
2012,8,27,12,737,17.4
2012,8,27,13,669,17.7
2012,8,27,14,542,17.7
2012,8,27,15,367,17.4
2012,8,27,16,168,16.5
2012,8,27,17,0,15.4
2012,8,27,18,0,14.7
2012,8,27,19,0,14.3
2012,8,27,20,0,13.9
2012,8,27,21,0,13.6
2012,8,27,22,0,13.2
2012,8,27,23,0,12.8
2012,8,28,0,0,12.4
2012,8,28,1,0,12
2012,8,28,2,0,11.5
2012,8,28,3,0,11.1
2012,8,28,4,0,10.8
2012,8,28,5,0,10.5
2012,8,28,6,18,10.7
2012,8,28,7,189,11.8
2012,8,28,8,387,13.3
2012,8,28,9,556,14.3
2012,8,28,10,679,16.8
2012,8,28,11,740,17.8
2012,8,28,12,733,18.4
2012,8,28,13,513,18.7
2012,8,28,14,528,18.6
2012,8,28,15,268,18.1
2012,8,28,16,164,17
2012,8,28,17,0,16
2012,8,28,18,0,15.5
2012,8,28,19,0,15.2
2012,8,28,20,0,15.1
2012,8,28,21,0,14.8
2012,8,28,22,0,14.4
2012,8,28,23,0,14.1
2012,8,29,0,0,13.7
2012,8,29,1,0,13.3
2012,8,29,2,0,12.8
2012,8,29,3,0,12.3
2012,8,29,4,0,11.9
2012,8,29,5,0,11.5
2012,8,29,6,19,11.8
2012,8,29,7,188,12.8
2012,8,29,8,237,14.3
2012,8,29,9,255,15.1
2012,8,29,10,680,17.8
2012,8,29,11,740,19.1
2012,8,29,12,289,19.7
2012,8,29,13,329,20
2012,8,29,14,161,20.1
2012,8,29,15,292,19.8
2012,8,29,16,130,19
2012,8,29,17,0,18.2
2012,8,29,18,0,17.9
2012,8,29,19,0,17.6
2012,8,29,20,0,17.3
2012,8,29,21,0,17
2012,8,29,22,0,16.6
2012,8,29,23,0,16.2
2012,8,30,0,0,15.8
2012,8,30,1,0,15.4
2012,8,30,2,0,15
2012,8,30,3,0,14.6
2012,8,30,4,0,14.3
2012,8,30,5,0,14.2
2012,8,30,6,13,14.6
2012,8,30,7,191,15.7
2012,8,30,8,387,16.9
2012,8,30,9,555,17.5
2012,8,30,10,685,18.4
2012,8,30,11,558,19
2012,8,30,12,748,19.3
2012,8,30,13,682,19.3
2012,8,30,14,379,18.9
2012,8,30,15,377,17.9
2012,8,30,16,100,16.6
2012,8,30,17,0,15.5
2012,8,30,18,0,14.7
2012,8,30,19,0,14.1
2012,8,30,20,0,13.5
2012,8,30,21,0,13
2012,8,30,22,0,12.5
2012,8,30,23,0,12.1
2012,8,31,0,0,11.7
2012,8,31,1,0,11.5
2012,8,31,2,0,11.3
2012,8,31,3,0,11.2
2012,8,31,4,0,10.9
2012,8,31,5,0,10.7
2012,8,31,6,27,11
2012,8,31,7,213,11.9
2012,8,31,8,417,13
2012,8,31,9,593,13.6
2012,8,31,10,715,15.1
2012,8,31,11,777,16
2012,8,31,12,768,16.6
2012,8,31,13,519,16.8
2012,8,31,14,389,16.3
2012,8,31,15,130,15
2012,8,31,16,53,13.4
2012,8,31,17,0,12.4
2012,8,31,18,0,11.8
2012,8,31,19,0,11.3
2012,8,31,20,0,11
2012,8,31,21,0,10.7
2012,8,31,22,0,10.3
2012,8,31,23,0,10.1
2012,9,1,0,0,10
2012,9,1,1,0,9.9
2012,9,1,2,0,9.8
2012,9,1,3,0,9.5
2012,9,1,4,0,9.4
2012,9,1,5,0,9.6
2012,9,1,6,31,10.2
2012,9,1,7,219,11.3
2012,9,1,8,420,12.3
2012,9,1,9,589,12.7
2012,9,1,10,709,13.7
2012,9,1,11,767,14
2012,9,1,12,761,14.2
2012,9,1,13,404,14.4
2012,9,1,14,363,14.5
2012,9,1,15,291,14.5
2012,9,1,16,127,14.2
2012,9,1,17,12,13.8
2012,9,1,18,0,13.5
2012,9,1,19,0,13.3
2012,9,1,20,0,13
2012,9,1,21,0,12.7
2012,9,1,22,0,12.4
2012,9,1,23,0,12.2
2012,9,2,0,0,11.8
2012,9,2,1,0,11.5
2012,9,2,2,0,11.2
2012,9,2,3,0,11
2012,9,2,4,0,10.9
2012,9,2,5,0,10.8
2012,9,2,6,32,11.2
2012,9,2,7,219,12.2
2012,9,2,8,422,13.4
2012,9,2,9,595,14.1
2012,9,2,10,719,15.7
2012,9,2,11,780,16.5
2012,9,2,12,774,17.2
2012,9,2,13,704,17.7
2012,9,2,14,572,17.9
2012,9,2,15,392,17.7
2012,9,2,16,186,16.6
2012,9,2,17,13,15.1
2012,9,2,18,0,14.2
2012,9,2,19,0,13.9
2012,9,2,20,0,13.9
2012,9,2,21,0,14
2012,9,2,22,0,13.8
2012,9,2,23,0,13.3
2012,9,3,0,0,12.6
2012,9,3,1,0,11.8
2012,9,3,2,0,11.1
2012,9,3,3,0,10.3
2012,9,3,4,0,9.7
2012,9,3,5,0,9.3
2012,9,3,6,36,9.9
2012,9,3,7,228,11.2
2012,9,3,8,432,13.3
2012,9,3,9,603,14.5
2012,9,3,10,724,17.7
2012,9,3,11,782,19.1
2012,9,3,12,774,19.9
2012,9,3,13,706,20.2
2012,9,3,14,571,20
2012,9,3,15,390,19.4
2012,9,3,16,186,18.2
2012,9,3,17,13,16.7
2012,9,3,18,0,15.7
2012,9,3,19,0,15
2012,9,3,20,0,14.5
2012,9,3,21,0,14.1
2012,9,3,22,0,13.7
2012,9,3,23,0,13.3
2012,9,4,0,0,12.9
2012,9,4,1,0,12.4
2012,9,4,2,0,11.9
2012,9,4,3,0,11.4
2012,9,4,4,0,11.1
2012,9,4,5,0,10.8
2012,9,4,6,29,11.3
2012,9,4,7,179,12.6
2012,9,4,8,437,14.6
2012,9,4,9,494,15.8
2012,9,4,10,599,19.1
2012,9,4,11,788,20.2
2012,9,4,12,781,20.9
2012,9,4,13,710,21.3
2012,9,4,14,577,21.3
2012,9,4,15,396,20.7
2012,9,4,16,191,19.5
2012,9,4,17,9,18.1
2012,9,4,18,0,17.2
2012,9,4,19,0,16.6
2012,9,4,20,0,16.1
2012,9,4,21,0,15.7
2012,9,4,22,0,15.2
2012,9,4,23,0,14.8
2012,9,5,0,0,14.4
2012,9,5,1,0,14
2012,9,5,2,0,13.5
2012,9,5,3,0,12.9
2012,9,5,4,0,12.4
2012,9,5,5,0,12
2012,9,5,6,43,12.5
2012,9,5,7,241,14.1
2012,9,5,8,445,16.3
2012,9,5,9,621,17.6
2012,9,5,10,742,20.7
2012,9,5,11,802,21.9
2012,9,5,12,791,22.7
2012,9,5,13,718,23.1
2012,9,5,14,578,23.2
2012,9,5,15,390,22.9
2012,9,5,16,181,22.1
2012,9,5,17,12,21.3
2012,9,5,18,0,20.9
2012,9,5,19,0,20.6
2012,9,5,20,0,20.3
2012,9,5,21,0,20
2012,9,5,22,0,19.7
2012,9,5,23,0,19.4
2012,9,6,0,0,19.2
2012,9,6,1,0,19
2012,9,6,2,0,18.6
2012,9,6,3,0,18.2
2012,9,6,4,0,17.9
2012,9,6,5,0,17.7
2012,9,6,6,36,18.1
2012,9,6,7,221,19
2012,9,6,8,428,20
2012,9,6,9,603,20.4
2012,9,6,10,736,21.7
2012,9,6,11,797,22.3
2012,9,6,12,791,22.6
2012,9,6,13,720,22.8
2012,9,6,14,583,22.8
2012,9,6,15,401,22.4
2012,9,6,16,193,21.4
2012,9,6,17,16,20.3
2012,9,6,18,0,19.6
2012,9,6,19,0,19
2012,9,6,20,0,18.4
2012,9,6,21,0,17.8
2012,9,6,22,0,17.3
2012,9,6,23,0,17
2012,9,7,0,0,16.8
2012,9,7,1,0,16.6
2012,9,7,2,0,16.6
2012,9,7,3,0,16.5
2012,9,7,4,0,16.5
2012,9,7,5,0,16.6
2012,9,7,6,45,17.3
2012,9,7,7,238,18.6
2012,9,7,8,440,19.5
2012,9,7,9,607,19.8
2012,9,7,10,722,20
2012,9,7,11,192,19.5
2012,9,7,12,48,18.6
2012,9,7,13,255,17.9
2012,9,7,14,588,17.7
2012,9,7,15,411,17.4
2012,9,7,16,203,16.9
2012,9,7,17,20,16.1
2012,9,7,18,0,15.4
2012,9,7,19,0,14.9
2012,9,7,20,0,14.5
2012,9,7,21,0,14.2
2012,9,7,22,0,14
2012,9,7,23,0,13.8
2012,9,8,0,0,13.5
2012,9,8,1,0,13.3
2012,9,8,2,0,13.1
2012,9,8,3,0,12.8
2012,9,8,4,0,12.4
2012,9,8,5,0,12.1
2012,9,8,6,54,12.6
2012,9,8,7,252,13.5
2012,9,8,8,457,14.4
2012,9,8,9,629,14.9
2012,9,8,10,748,16.6
2012,9,8,11,802,17.6
2012,9,8,12,793,18.3
2012,9,8,13,720,18.7
2012,9,8,14,583,18.7
2012,9,8,15,402,18.5
2012,9,8,16,197,17.7
2012,9,8,17,20,16.8
2012,9,8,18,0,16
2012,9,8,19,0,15.5
2012,9,8,20,0,15
2012,9,8,21,0,14.7
2012,9,8,22,0,14.4
2012,9,8,23,0,14.2
2012,9,9,0,0,14
2012,9,9,1,0,13.8
2012,9,9,2,0,13.6
2012,9,9,3,0,13.4
2012,9,9,4,0,13.2
2012,9,9,5,0,13
2012,9,9,6,57,13.6
2012,9,9,7,257,14.7
2012,9,9,8,462,15.8
2012,9,9,9,635,16.3
2012,9,9,10,750,17.6
2012,9,9,11,803,18.2
2012,9,9,12,791,18.6
2012,9,9,13,726,18.8
2012,9,9,14,584,18.6
2012,9,9,15,402,18.2
2012,9,9,16,198,17.3
2012,9,9,17,20,16.1
2012,9,9,18,0,15.4
2012,9,9,19,0,15
2012,9,9,20,0,14.7
2012,9,9,21,0,14.4
2012,9,9,22,0,14
2012,9,9,23,0,13.5
2012,9,10,0,0,13
2012,9,10,1,0,12.5
2012,9,10,2,0,12.1
2012,9,10,3,0,11.7
2012,9,10,4,0,11.4
2012,9,10,5,0,11.2
2012,9,10,6,59,11.8
2012,9,10,7,260,13.2
2012,9,10,8,468,15.4
2012,9,10,9,642,16.7
2012,9,10,10,769,19.6
2012,9,10,11,828,20.5
2012,9,10,12,819,21
2012,9,10,13,742,21.2
2012,9,10,14,604,21.2
2012,9,10,15,415,20.8
2012,9,10,16,204,19.6
2012,9,10,17,21,18
2012,9,10,18,0,16.9
2012,9,10,19,0,16.4
2012,9,10,20,0,16.2
2012,9,10,21,0,15.9
2012,9,10,22,0,15.6
2012,9,10,23,0,15.4
2012,9,11,0,0,15.1
2012,9,11,1,0,14.6
2012,9,11,2,0,14
2012,9,11,3,0,13.7
2012,9,11,4,0,13.7
2012,9,11,5,0,13.8
2012,9,11,6,22,14.6
2012,9,11,7,110,16
2012,9,11,8,299,17.3
2012,9,11,9,414,17.9
2012,9,11,10,505,18.9
2012,9,11,11,559,19.3
2012,9,11,12,787,19.4
2012,9,11,13,713,19.4
2012,9,11,14,578,19.1
2012,9,11,15,398,18.6
2012,9,11,16,196,17.8
2012,9,11,17,21,16.8
2012,9,11,18,0,16.2
2012,9,11,19,0,15.9
2012,9,11,20,0,15.8
2012,9,11,21,0,15.7
2012,9,11,22,0,15.6
2012,9,11,23,0,15.4
2012,9,12,0,0,15.3
2012,9,12,1,0,15
2012,9,12,2,0,14.7
2012,9,12,3,0,14.4
2012,9,12,4,0,14.2
2012,9,12,5,0,14
2012,9,12,6,61,14.5
2012,9,12,7,253,15.5
2012,9,12,8,453,16.8
2012,9,12,9,622,17.4
2012,9,12,10,743,19
2012,9,12,11,799,19.8
2012,9,12,12,790,20.5
2012,9,12,13,727,20.9
2012,9,12,14,590,21.1
2012,9,12,15,407,20.8
2012,9,12,16,201,19.7
2012,9,12,17,22,18.2
2012,9,12,18,0,17.2
2012,9,12,19,0,16.8
2012,9,12,20,0,16.7
2012,9,12,21,0,16.5
2012,9,12,22,0,16.3
2012,9,12,23,0,16
2012,9,13,0,0,15.7
2012,9,13,1,0,15.5
2012,9,13,2,0,15.6
2012,9,13,3,0,15.7
2012,9,13,4,0,15.8
2012,9,13,5,0,15.8
2012,9,13,6,15,16.3
2012,9,13,7,48,17.4
2012,9,13,8,457,18.7
2012,9,13,9,522,19.4
2012,9,13,10,516,20.8
2012,9,13,11,100,20.8
2012,9,13,12,147,19.5
2012,9,13,13,189,17.6
2012,9,13,14,142,16
2012,9,13,15,82,14.9
2012,9,13,16,37,14.1
2012,9,13,17,7,13.3
2012,9,13,18,0,12.6
2012,9,13,19,0,12.3
2012,9,13,20,0,12.2
2012,9,13,21,0,12
2012,9,13,22,0,11.8
2012,9,13,23,0,11.6
2012,9,14,0,0,11.6
2012,9,14,1,0,11.5
2012,9,14,2,0,11.4
2012,9,14,3,0,11.2
2012,9,14,4,0,10.9
2012,9,14,5,0,10.8
2012,9,14,6,78,11.3
2012,9,14,7,285,12.3
2012,9,14,8,492,13.3
2012,9,14,9,662,13.7
2012,9,14,10,779,14.9
2012,9,14,11,837,15.5
2012,9,14,12,824,16.1
2012,9,14,13,748,16.6
2012,9,14,14,610,17
2012,9,14,15,425,17
2012,9,14,16,215,16.4
2012,9,14,17,27,15.2
2012,9,14,18,0,14.4
2012,9,14,19,0,14.2
2012,9,14,20,0,13.9
2012,9,14,21,0,13.3
2012,9,14,22,0,12.7
2012,9,14,23,0,12
2012,9,15,0,0,11.4
2012,9,15,1,0,11
2012,9,15,2,0,11
2012,9,15,3,0,11
2012,9,15,4,0,11.2
2012,9,15,5,0,11.6
2012,9,15,6,80,12.8
2012,9,15,7,285,14.5
2012,9,15,8,491,15.7
2012,9,15,9,303,16.1
2012,9,15,10,784,16.8
2012,9,15,11,841,17
2012,9,15,12,829,17.2
2012,9,15,13,752,17.1
2012,9,15,14,612,16.9
2012,9,15,15,428,16.5
2012,9,15,16,218,15.8
2012,9,15,17,29,14.9
2012,9,15,18,0,14.3
2012,9,15,19,0,14.1
2012,9,15,20,0,14
2012,9,15,21,0,14.1
2012,9,15,22,0,14.2
2012,9,15,23,0,14.2
2012,9,16,0,0,14
2012,9,16,1,0,13.6
2012,9,16,2,0,13.2
2012,9,16,3,0,12.8
2012,9,16,4,0,12.3
2012,9,16,5,0,12.1
2012,9,16,6,81,12.7
2012,9,16,7,286,14
2012,9,16,8,491,15.3
2012,9,16,9,662,15.9
2012,9,16,10,782,17.7
2012,9,16,11,839,18.7
2012,9,16,12,829,19.4
2012,9,16,13,751,19.7
2012,9,16,14,612,19.7
2012,9,16,15,425,19.3
2012,9,16,16,212,18.2
2012,9,16,17,28,16.7
2012,9,16,18,0,15.8
2012,9,16,19,0,15.4
2012,9,16,20,0,15.2
2012,9,16,21,0,15.1
2012,9,16,22,0,15
2012,9,16,23,0,14.9
2012,9,17,0,0,14.9
2012,9,17,1,0,14.8
2012,9,17,2,0,14.7
2012,9,17,3,0,14.7
2012,9,17,4,0,14.7
2012,9,17,5,0,14.9
2012,9,17,6,50,15.2
2012,9,17,7,21,15.7
2012,9,17,8,135,16.3
2012,9,17,9,465,16.7
2012,9,17,10,729,17.4
2012,9,17,11,781,17.6
2012,9,17,12,766,17.7
2012,9,17,13,695,17.5
2012,9,17,14,558,17.3
2012,9,17,15,388,17
2012,9,17,16,195,16.4
2012,9,17,17,15,15.8
2012,9,17,18,0,15.5
2012,9,17,19,0,15.6
2012,9,17,20,0,15.6
2012,9,17,21,0,15.5
2012,9,17,22,0,15.1
2012,9,17,23,0,14.8
2012,9,18,0,0,14.5
2012,9,18,1,0,14.2
2012,9,18,2,0,14
2012,9,18,3,0,13.9
2012,9,18,4,0,13.8
2012,9,18,5,0,13.9
2012,9,18,6,81,14.5
2012,9,18,7,279,15.4
2012,9,18,8,480,16.3
2012,9,18,9,649,16.9
2012,9,18,10,779,18.7
2012,9,18,11,833,19.5
2012,9,18,12,817,19.8
2012,9,18,13,547,19.8
2012,9,18,14,291,19.5
2012,9,18,15,155,18.9
2012,9,18,16,69,18
2012,9,18,17,12,17
2012,9,18,18,0,16.3
2012,9,18,19,0,16
2012,9,18,20,0,15.7
2012,9,18,21,0,15.5
2012,9,18,22,0,15.3
2012,9,18,23,0,15.2
2012,9,19,0,0,14.9
2012,9,19,1,0,14.6
2012,9,19,2,0,14.1
2012,9,19,3,0,13.7
2012,9,19,4,0,13.5
2012,9,19,5,0,13.5
2012,9,19,6,88,14.1
2012,9,19,7,291,15.3
2012,9,19,8,495,16.4
2012,9,19,9,667,16.9
2012,9,19,10,800,18.3
2012,9,19,11,855,19.1
2012,9,19,12,842,19.5
2012,9,19,13,764,19.7
2012,9,19,14,624,19.5
2012,9,19,15,435,18.9
2012,9,19,16,223,17.8
2012,9,19,17,33,16.5
2012,9,19,18,0,15.6
2012,9,19,19,0,15.3
2012,9,19,20,0,15.3
2012,9,19,21,0,15.3
2012,9,19,22,0,15.5
2012,9,19,23,0,15.6
2012,9,20,0,0,15.7
2012,9,20,1,0,15.5
2012,9,20,2,0,15.3
2012,9,20,3,0,15
2012,9,20,4,0,14.8
2012,9,20,5,0,14.7
2012,9,20,6,45,15.1
2012,9,20,7,163,16
2012,9,20,8,177,17.2
2012,9,20,9,664,17.9
2012,9,20,10,602,19.4
2012,9,20,11,841,20.1
2012,9,20,12,823,20.4
2012,9,20,13,751,20.5
2012,9,20,14,612,20.2
2012,9,20,15,428,19.6
2012,9,20,16,222,18.6
2012,9,20,17,34,17.3
2012,9,20,18,0,16.4
2012,9,20,19,0,16.1
2012,9,20,20,0,16
2012,9,20,21,0,16
2012,9,20,22,0,15.9
2012,9,20,23,0,15.8
2012,9,21,0,0,15.7
2012,9,21,1,0,15.6
2012,9,21,2,0,15.5
2012,9,21,3,0,15.6
2012,9,21,4,0,15.5
2012,9,21,5,0,15.3
2012,9,21,6,60,15.6
2012,9,21,7,196,16.3
2012,9,21,8,130,17.3
2012,9,21,9,36,17.9
2012,9,21,10,49,20.1
2012,9,21,11,54,21.4
2012,9,21,12,376,22.5
2012,9,21,13,755,22.9
2012,9,21,14,619,22.9
2012,9,21,15,441,22.5
2012,9,21,16,231,21.6
2012,9,21,17,37,20.1
2012,9,21,18,0,19.1
2012,9,21,19,0,18.5
2012,9,21,20,0,18
2012,9,21,21,0,17.3
2012,9,21,22,0,16.7
2012,9,21,23,0,16
2012,9,22,0,0,15.5
2012,9,22,1,0,15.1
2012,9,22,2,0,14.7
2012,9,22,3,0,14.4
2012,9,22,4,0,14.2
2012,9,22,5,0,14.2
2012,9,22,6,109,15
2012,9,22,7,320,16.2
2012,9,22,8,525,17.3
2012,9,22,9,695,17.8
2012,9,22,10,814,18.7
2012,9,22,11,868,19.2
2012,9,22,12,854,19.5
2012,9,22,13,776,19.5
2012,9,22,14,634,19.1
2012,9,22,15,444,18.3
2012,9,22,16,232,17.3
2012,9,22,17,39,16.1
2012,9,22,18,0,15.3
2012,9,22,19,0,15.1
2012,9,22,20,0,15.2
2012,9,22,21,0,15.5
2012,9,22,22,0,15.5
2012,9,22,23,0,15.3
2012,9,23,0,0,15.1
2012,9,23,1,0,14.7
2012,9,23,2,0,14.2
2012,9,23,3,0,13.8
2012,9,23,4,0,13.4
2012,9,23,5,0,13.2
2012,9,23,6,117,13.9
2012,9,23,7,333,15.5
2012,9,23,8,542,17.4
2012,9,23,9,714,18.5
2012,9,23,10,833,20.9
2012,9,23,11,884,22
2012,9,23,12,866,23
2012,9,23,13,783,23.7
2012,9,23,14,635,23.9
2012,9,23,15,444,23.5
2012,9,23,16,230,22.2
2012,9,23,17,38,20.4
2012,9,23,18,0,19.2
2012,9,23,19,0,18.9
2012,9,23,20,0,18.8
2012,9,23,21,0,18.9
2012,9,23,22,0,19.2
2012,9,23,23,0,18.9
2012,9,24,0,0,18.2
2012,9,24,1,0,17.3
2012,9,24,2,0,16.5
2012,9,24,3,0,15.8
2012,9,24,4,0,15.2
2012,9,24,5,0,14.9
2012,9,24,6,116,15.5
2012,9,24,7,335,16.5
2012,9,24,8,546,17.3
2012,9,24,9,720,17.6
2012,9,24,10,842,18.7
2012,9,24,11,896,19.5
2012,9,24,12,879,20.1
2012,9,24,13,798,20.4
2012,9,24,14,654,20.4
2012,9,24,15,465,20.2
2012,9,24,16,249,19.5
2012,9,24,17,45,18.4
2012,9,24,18,0,17.3
2012,9,24,19,0,16.5
2012,9,24,20,0,15.9
2012,9,24,21,0,15.4
2012,9,24,22,0,14.9
2012,9,24,23,0,14.3
2012,9,25,0,0,13.7
2012,9,25,1,0,13.4
2012,9,25,2,0,13.3
2012,9,25,3,0,13.3
2012,9,25,4,0,13.4
2012,9,25,5,0,13.7
2012,9,25,6,27,14.5
2012,9,25,7,331,15.5
2012,9,25,8,538,16.3
2012,9,25,9,709,16.7
2012,9,25,10,278,17.7
2012,9,25,11,876,18.2
2012,9,25,12,861,18.4
2012,9,25,13,783,18.3
2012,9,25,14,296,17.9
2012,9,25,15,222,17.2
2012,9,25,16,80,16.4
2012,9,25,17,13,15.4
2012,9,25,18,0,14.8
2012,9,25,19,0,14.7
2012,9,25,20,0,14.7
2012,9,25,21,0,14.7
2012,9,25,22,0,14.7
2012,9,25,23,0,14.8
2012,9,26,0,0,14.8
2012,9,26,1,0,14.7
2012,9,26,2,0,14.7
2012,9,26,3,0,14.5
2012,9,26,4,0,14.5
2012,9,26,5,0,14.7
2012,9,26,6,90,15.6
2012,9,26,7,260,16.8
2012,9,26,8,542,17.6
2012,9,26,9,713,18.1
2012,9,26,10,820,19.1
2012,9,26,11,875,19.6
2012,9,26,12,860,19.8
2012,9,26,13,778,19.9
2012,9,26,14,636,19.6
2012,9,26,15,448,19.2
2012,9,26,16,236,18.3
2012,9,26,17,43,17.1
2012,9,26,18,0,16.4
2012,9,26,19,0,16.1
2012,9,26,20,0,16.1
2012,9,26,21,0,16
2012,9,26,22,0,15.9
2012,9,26,23,0,15.7
2012,9,27,0,0,15.4
2012,9,27,1,0,15.1
2012,9,27,2,0,15
2012,9,27,3,0,14.7
2012,9,27,4,0,14.5
2012,9,27,5,0,14.6
2012,9,27,6,106,15.4
2012,9,27,7,291,16.8
2012,9,27,8,385,18.2
2012,9,27,9,532,19
2012,9,27,10,570,21
2012,9,27,11,843,22.2
2012,9,27,12,830,23
2012,9,27,13,300,23.4
2012,9,27,14,487,23.5
2012,9,27,15,321,23.1
2012,9,27,16,103,22.1
2012,9,27,17,21,20.8
2012,9,27,18,0,20
2012,9,27,19,0,19.7
2012,9,27,20,0,19.6
2012,9,27,21,0,19.2
2012,9,27,22,0,18.9
2012,9,27,23,0,18.7
2012,9,28,0,0,18.5
2012,9,28,1,0,18.2
2012,9,28,2,0,18
2012,9,28,3,0,17.9
2012,9,28,4,0,17.8
2012,9,28,5,0,18
2012,9,28,6,115,18.7
2012,9,28,7,319,19.9
2012,9,28,8,515,21.5
2012,9,28,9,631,22.4
2012,9,28,10,796,24.8
2012,9,28,11,641,25.8
2012,9,28,12,626,26.4
2012,9,28,13,664,26.7
2012,9,28,14,398,27
2012,9,28,15,201,26.9
2012,9,28,16,39,26.1
2012,9,28,17,10,25
2012,9,28,18,0,24.1
2012,9,28,19,0,23.5
2012,9,28,20,0,22.8
2012,9,28,21,0,22.1
2012,9,28,22,0,21.5
2012,9,28,23,0,20.8
2012,9,29,0,0,20
2012,9,29,1,0,19.4
2012,9,29,2,0,18.5
2012,9,29,3,0,17.6
2012,9,29,4,0,17.2
2012,9,29,5,0,17.4
2012,9,29,6,55,17.9
2012,9,29,7,158,18.4
2012,9,29,8,272,18.9
2012,9,29,9,332,19.2
2012,9,29,10,691,20.4
2012,9,29,11,896,20.8
2012,9,29,12,886,20.9
2012,9,29,13,706,20.5
2012,9,29,14,456,19.8
2012,9,29,15,408,19.1
2012,9,29,16,173,18.2
2012,9,29,17,34,16.9
2012,9,29,18,0,15.5
2012,9,29,19,0,14.5
2012,9,29,20,0,13.7
2012,9,29,21,0,13.1
2012,9,29,22,0,12.7
2012,9,29,23,0,12.3
2012,9,30,0,0,11.9
2012,9,30,1,0,11.7
2012,9,30,2,0,11.4
2012,9,30,3,0,11.3
2012,9,30,4,0,11.1
2012,9,30,5,0,11.3
2012,9,30,6,158,12.3
2012,9,30,7,382,13.6
2012,9,30,8,596,14.8
2012,9,30,9,770,15.4
2012,9,30,10,884,17.1
2012,9,30,11,936,18.1
2012,9,30,12,914,18.8
2012,9,30,13,829,19.1
2012,9,30,14,680,19
2012,9,30,15,484,18.7
2012,9,30,16,264,17.9
2012,9,30,17,56,16.5
2012,9,30,18,0,15.4
2012,9,30,19,0,14.7
2012,9,30,20,0,14.3
2012,9,30,21,0,14
2012,9,30,22,0,14
2012,9,30,23,0,14
2012,10,1,0,0,13.9
2012,10,1,1,0,13.7
2012,10,1,2,0,13.4
2012,10,1,3,0,13.2
2012,10,1,4,0,13
2012,10,1,5,0,13
2012,10,1,6,152,13.5
2012,10,1,7,374,14.7
2012,10,1,8,584,16
2012,10,1,9,755,16.5
2012,10,1,10,876,17.8
2012,10,1,11,928,18.4
2012,10,1,12,914,18.8
2012,10,1,13,826,18.9
2012,10,1,14,679,18.6
2012,10,1,15,483,18.1
2012,10,1,16,261,17.2
2012,10,1,17,56,16
2012,10,1,18,0,15.2
2012,10,1,19,0,14.8
2012,10,1,20,0,14.7
2012,10,1,21,0,14.6
2012,10,1,22,0,14.5
2012,10,1,23,0,14.3
2012,10,2,0,0,14.1
2012,10,2,1,0,13.9
2012,10,2,2,0,13.8
2012,10,2,3,0,13.8
2012,10,2,4,0,13.7
2012,10,2,5,0,13.9
2012,10,2,6,100,14.7
2012,10,2,7,266,15.6
2012,10,2,8,586,16.4
2012,10,2,9,756,16.8
2012,10,2,10,870,17.9
2012,10,2,11,923,18.4
2012,10,2,12,910,18.8
2012,10,2,13,827,19
2012,10,2,14,681,19
2012,10,2,15,486,18.8
2012,10,2,16,266,18.2
2012,10,2,17,59,17.1
2012,10,2,18,0,16.1
2012,10,2,19,0,15.6
2012,10,2,20,0,15.2
2012,10,2,21,0,14.9
2012,10,2,22,0,14.5
2012,10,2,23,0,14.2
2012,10,3,0,0,13.8
2012,10,3,1,0,13.4
2012,10,3,2,0,13.1
2012,10,3,3,0,12.7
2012,10,3,4,0,12.2
2012,10,3,5,0,12.1
2012,10,3,6,163,12.9
2012,10,3,7,385,14.9
2012,10,3,8,596,17.7
2012,10,3,9,770,19.2
2012,10,3,10,885,22.6
2012,10,3,11,936,24.3
2012,10,3,12,917,25.5
2012,10,3,13,828,26.4
2012,10,3,14,571,26.7
2012,10,3,15,487,26.5
2012,10,3,16,266,24.8
2012,10,3,17,60,22.2
2012,10,3,18,0,20.4
2012,10,3,19,0,19.7
2012,10,3,20,0,19.2
2012,10,3,21,0,18.8
2012,10,3,22,0,18.5
2012,10,3,23,0,18
2012,10,4,0,0,17.2
2012,10,4,1,0,16.3
2012,10,4,2,0,15.6
2012,10,4,3,0,15.1
2012,10,4,4,0,14.7
2012,10,4,5,0,14.8
2012,10,4,6,170,15.9
2012,10,4,7,396,17.8
2012,10,4,8,606,20.3
2012,10,4,9,778,21.7
2012,10,4,10,893,24.4
2012,10,4,11,943,25.5
2012,10,4,12,921,26.3
2012,10,4,13,834,26.7
2012,10,4,14,687,26.8
2012,10,4,15,493,26.5
2012,10,4,16,271,25.7
2012,10,4,17,62,24.3
2012,10,4,18,0,23.1
2012,10,4,19,0,22.4
2012,10,4,20,0,21.7
2012,10,4,21,0,20.9
2012,10,4,22,0,20.2
2012,10,4,23,0,19.7
2012,10,5,0,0,19.2
2012,10,5,1,0,18.9
2012,10,5,2,0,18.6
2012,10,5,3,0,18.5
2012,10,5,4,0,18.4
2012,10,5,5,0,18.7
2012,10,5,6,168,19.9
2012,10,5,7,387,21.5
2012,10,5,8,592,23.4
2012,10,5,9,758,24.6
2012,10,5,10,871,27.1
2012,10,5,11,912,28.1
2012,10,5,12,886,28.1
2012,10,5,13,809,26.8
2012,10,5,14,655,25.1
2012,10,5,15,462,23.4
2012,10,5,16,250,21.4
2012,10,5,17,7,19.5
2012,10,5,18,0,18.2
2012,10,5,19,0,17.5
2012,10,5,20,0,17
2012,10,5,21,0,16.6
2012,10,5,22,0,16.3
2012,10,5,23,0,16.2
2012,10,6,0,0,16
2012,10,6,1,0,15.8
2012,10,6,2,0,15.7
2012,10,6,3,0,15.7
2012,10,6,4,0,15.6
2012,10,6,5,0,15.8
2012,10,6,6,18,16.3
2012,10,6,7,48,16.9
2012,10,6,8,74,17.4
2012,10,6,9,74,17.7
2012,10,6,10,71,18.3
2012,10,6,11,402,18.5
2012,10,6,12,390,18.6
2012,10,6,13,295,18.5
2012,10,6,14,257,18.1
2012,10,6,15,355,17.6
2012,10,6,16,105,16.9
2012,10,6,17,22,16.4
2012,10,6,18,0,16.1
2012,10,6,19,0,16.2
2012,10,6,20,0,16.3
2012,10,6,21,0,16.3
2012,10,6,22,0,16.3
2012,10,6,23,0,16.3
2012,10,7,0,0,16.4
2012,10,7,1,0,15.9
2012,10,7,2,0,14.9
2012,10,7,3,0,14.2
2012,10,7,4,0,13.7
2012,10,7,5,0,13.7
2012,10,7,6,190,14.2
2012,10,7,7,421,14.8
2012,10,7,8,634,15.5
2012,10,7,9,807,15.9
2012,10,7,10,923,17.2
2012,10,7,11,973,18
2012,10,7,12,952,18.6
2012,10,7,13,861,18.6
2012,10,7,14,707,18.1
2012,10,7,15,509,17.2
2012,10,7,16,282,16.2
2012,10,7,17,69,15.3
2012,10,7,18,0,14.7
2012,10,7,19,0,14.6
2012,10,7,20,0,14.5
2012,10,7,21,0,14.3
2012,10,7,22,0,14.2
2012,10,7,23,0,14.1
2012,10,8,0,0,13.9
2012,10,8,1,0,13.8
2012,10,8,2,0,13.7
2012,10,8,3,0,13.6
2012,10,8,4,0,13.6
2012,10,8,5,4,13.8
2012,10,8,6,110,14.4
2012,10,8,7,272,15
2012,10,8,8,430,15.5
2012,10,8,9,384,15.8
2012,10,8,10,549,16.4
2012,10,8,11,420,16.8
2012,10,8,12,717,17
2012,10,8,13,667,17
2012,10,8,14,496,16.9
2012,10,8,15,225,16.4
2012,10,8,16,130,15.7
2012,10,8,17,32,14.9
2012,10,8,18,0,14.4
2012,10,8,19,0,14.1
2012,10,8,20,0,13.8
2012,10,8,21,0,13.5
2012,10,8,22,0,13.4
2012,10,8,23,0,13.4
2012,10,9,0,0,13.4
2012,10,9,1,0,13.1
2012,10,9,2,0,12.8
2012,10,9,3,0,12.5
2012,10,9,4,0,12.4
2012,10,9,5,3,12.6
2012,10,9,6,45,12.9
2012,10,9,7,116,13.2
2012,10,9,8,345,13.8
2012,10,9,9,753,14
2012,10,9,10,881,15.1
2012,10,9,11,934,15.7
2012,10,9,12,916,16.2
2012,10,9,13,845,16.5
2012,10,9,14,695,16.5
2012,10,9,15,500,16.2
2012,10,9,16,279,15.7
2012,10,9,17,28,15
2012,10,9,18,0,14.3
2012,10,9,19,0,14
2012,10,9,20,0,13.8
2012,10,9,21,0,13.6
2012,10,9,22,0,13.5
2012,10,9,23,0,13.4
2012,10,10,0,0,13.3
2012,10,10,1,0,13.1
2012,10,10,2,0,12.8
2012,10,10,3,0,12.5
2012,10,10,4,0,12.1
2012,10,10,5,14,12.2
2012,10,10,6,192,13.3
2012,10,10,7,417,15.3
2012,10,10,8,630,17.5
2012,10,10,9,800,18.5
2012,10,10,10,923,20
2012,10,10,11,971,20.7
2012,10,10,12,947,21.2
2012,10,10,13,860,21.4
2012,10,10,14,709,21.2
2012,10,10,15,511,20.4
2012,10,10,16,285,19
2012,10,10,17,74,17.6
2012,10,10,18,0,16.5
2012,10,10,19,0,16.1
2012,10,10,20,0,15.9
2012,10,10,21,0,15.9
2012,10,10,22,0,15.9
2012,10,10,23,0,16
2012,10,11,0,0,16.1
2012,10,11,1,0,15.9
2012,10,11,2,0,15.6
2012,10,11,3,0,15.3
2012,10,11,4,0,15.1
2012,10,11,5,2,14.9
2012,10,11,6,7,14.9
2012,10,11,7,16,15
2012,10,11,8,30,15
2012,10,11,9,195,15.1
2012,10,11,10,103,15.2
2012,10,11,11,192,15.4
2012,10,11,12,782,15.8
2012,10,11,13,671,16.4
2012,10,11,14,353,16.9
2012,10,11,15,159,17.3
2012,10,11,16,32,17.2
2012,10,11,17,66,16.7
2012,10,11,18,0,16.1
2012,10,11,19,0,15.6
2012,10,11,20,0,15.1
2012,10,11,21,0,14.3
2012,10,11,22,0,13.2
2012,10,11,23,0,12.3
2012,10,12,0,0,11.8
2012,10,12,1,0,11.4
2012,10,12,2,0,10.9
2012,10,12,3,0,10.5
2012,10,12,4,0,10.3
2012,10,12,5,3,10.3
2012,10,12,6,60,10.2
2012,10,12,7,146,10.3
2012,10,12,8,598,10.8
2012,10,12,9,324,11.1
2012,10,12,10,196,13.1
2012,10,12,11,229,14.2
2012,10,12,12,204,14.9
2012,10,12,13,154,15.4
2012,10,12,14,541,16
2012,10,12,15,507,16
2012,10,12,16,288,15.7
2012,10,12,17,78,15.1
2012,10,12,18,0,14.5
2012,10,12,19,0,14.2
2012,10,12,20,0,14.1
2012,10,12,21,0,14
2012,10,12,22,0,13.9
2012,10,12,23,0,13.4
2012,10,13,0,0,12.9
2012,10,13,1,0,12.4
2012,10,13,2,0,12.1
2012,10,13,3,0,11.7
2012,10,13,4,0,11.5
2012,10,13,5,20,12
2012,10,13,6,200,13
2012,10,13,7,421,14.3
2012,10,13,8,628,15.4
2012,10,13,9,797,15.9
2012,10,13,10,917,16.9
2012,10,13,11,965,17.4
2012,10,13,12,944,17.8
2012,10,13,13,853,17.9
2012,10,13,14,706,17.8
2012,10,13,15,512,17.3
2012,10,13,16,289,16.7
2012,10,13,17,22,15.8
2012,10,13,18,0,15.1
2012,10,13,19,0,14.9
2012,10,13,20,0,14.8
2012,10,13,21,0,14.9
2012,10,13,22,0,15
2012,10,13,23,0,15.1
2012,10,14,0,0,15
2012,10,14,1,0,14.8
2012,10,14,2,0,14.3
2012,10,14,3,0,13.8
2012,10,14,4,0,13.4
2012,10,14,5,7,13.5
2012,10,14,6,62,14.2
2012,10,14,7,151,15.1
2012,10,14,8,460,15.7
2012,10,14,9,808,16
2012,10,14,10,916,17
2012,10,14,11,965,17.5
2012,10,14,12,944,17.9
2012,10,14,13,864,18.2
2012,10,14,14,717,18.2
2012,10,14,15,522,17.9
2012,10,14,16,301,17.4
2012,10,14,17,87,16.5
2012,10,14,18,0,15.6
2012,10,14,19,0,15.2
2012,10,14,20,0,14.9
2012,10,14,21,0,14.7
2012,10,14,22,0,14.4
2012,10,14,23,0,14.1
2012,10,15,0,0,13.7
2012,10,15,1,0,13.3
2012,10,15,2,0,12.8
2012,10,15,3,0,12.4
2012,10,15,4,0,11.9
2012,10,15,5,27,12
2012,10,15,6,217,13.1
2012,10,15,7,442,15.2
2012,10,15,8,649,18
2012,10,15,9,820,19.3
2012,10,15,10,933,21.9
2012,10,15,11,982,22.9
2012,10,15,12,960,23.6
2012,10,15,13,869,23.8
2012,10,15,14,714,23.8
2012,10,15,15,518,23.5
2012,10,15,16,298,22.5
2012,10,15,17,85,20.8
2012,10,15,18,0,19.3
2012,10,15,19,0,18.5
2012,10,15,20,0,18.1
2012,10,15,21,0,17.9
2012,10,15,22,0,17.6
2012,10,15,23,0,17.3
2012,10,16,0,0,17.2
2012,10,16,1,0,17
2012,10,16,2,0,16.8
2012,10,16,3,0,16.4
2012,10,16,4,0,16.1
2012,10,16,5,18,16.4
2012,10,16,6,135,17.6
2012,10,16,7,367,19.4
2012,10,16,8,533,21.7
2012,10,16,9,807,22.9
2012,10,16,10,917,25.7
2012,10,16,11,963,27
2012,10,16,12,941,28
2012,10,16,13,850,28.5
2012,10,16,14,706,28.6
2012,10,16,15,493,28.3
2012,10,16,16,237,27.2
2012,10,16,17,67,25
2012,10,16,18,0,23.1
2012,10,16,19,0,22.4
2012,10,16,20,0,22.4
2012,10,16,21,0,22.3
2012,10,16,22,0,22
2012,10,16,23,0,21.5
2012,10,17,0,0,20.7
2012,10,17,1,0,20
2012,10,17,2,0,19.4
2012,10,17,3,0,18.9
2012,10,17,4,0,18.6
2012,10,17,5,25,18.7
2012,10,17,6,204,19.6
2012,10,17,7,423,20.3
2012,10,17,8,639,20.6
2012,10,17,9,812,20.6
2012,10,17,10,931,20.6
2012,10,17,11,974,20.3
2012,10,17,12,951,19.8
2012,10,17,13,866,19.3
2012,10,17,14,718,18.8
2012,10,17,15,523,18.1
2012,10,17,16,306,17.3
2012,10,17,17,91,16.4
2012,10,17,18,0,15.8
2012,10,17,19,0,15.6
2012,10,17,20,0,15.5
2012,10,17,21,0,15.5
2012,10,17,22,0,15.5
2012,10,17,23,0,15.4
2012,10,18,0,0,15.4
2012,10,18,1,0,15.4
2012,10,18,2,0,15.5
2012,10,18,3,0,15.5
2012,10,18,4,0,15.5
2012,10,18,5,10,16.1
2012,10,18,6,71,17.3
2012,10,18,7,448,18.3
2012,10,18,8,650,19
2012,10,18,9,329,19.4
2012,10,18,10,447,20.1
2012,10,18,11,486,20.4
2012,10,18,12,451,20.6
2012,10,18,13,490,20.6
2012,10,18,14,504,20.4
2012,10,18,15,390,19.9
2012,10,18,16,249,19.1
2012,10,18,17,61,18.2
2012,10,18,18,0,17.7
2012,10,18,19,0,17.5
2012,10,18,20,0,17.5
2012,10,18,21,0,17.4
2012,10,18,22,0,17.3
2012,10,18,23,0,17.3
2012,10,19,0,0,17.2
2012,10,19,1,0,17.1
2012,10,19,2,0,16.9
2012,10,19,3,0,16.6
2012,10,19,4,0,16.4
2012,10,19,5,20,16.5
2012,10,19,6,160,17.3
2012,10,19,7,402,18.7
2012,10,19,8,607,20.5
2012,10,19,9,760,21.3
2012,10,19,10,921,24.6
2012,10,19,11,971,26.3
2012,10,19,12,822,27.2
2012,10,19,13,637,27.3
2012,10,19,14,342,26.9
2012,10,19,15,134,26.1
2012,10,19,16,56,24.4
2012,10,19,17,16,22.5
2012,10,19,18,0,21
2012,10,19,19,0,20.2
2012,10,19,20,0,19.8
2012,10,19,21,0,19.5
2012,10,19,22,0,19.4
2012,10,19,23,0,19.3
2012,10,20,0,0,19.2
2012,10,20,1,0,19
2012,10,20,2,0,18.9
2012,10,20,3,0,18.7
2012,10,20,4,0,18.5
2012,10,20,5,37,19
2012,10,20,6,235,20.3
2012,10,20,7,465,21.9
2012,10,20,8,679,23.9
2012,10,20,9,849,25
2012,10,20,10,954,26.7
2012,10,20,11,990,27
2012,10,20,12,960,26.6
2012,10,20,13,872,25.4
2012,10,20,14,717,23.9
2012,10,20,15,520,22.1
2012,10,20,16,298,20.4
2012,10,20,17,63,18.7
2012,10,20,18,0,17.5
2012,10,20,19,0,17.1
2012,10,20,20,0,17
2012,10,20,21,0,16.9
2012,10,20,22,0,16.7
2012,10,20,23,0,16.5
2012,10,21,0,0,16.3
2012,10,21,1,0,16.2
2012,10,21,2,0,16.1
2012,10,21,3,0,16
2012,10,21,4,0,15.9
2012,10,21,5,36,16.4
2012,10,21,6,88,17.6
2012,10,21,7,122,19.1
2012,10,21,8,178,20.6
2012,10,21,9,234,21.4
2012,10,21,10,251,22.2
2012,10,21,11,367,22.7
2012,10,21,12,637,23.3
2012,10,21,13,536,23.8
2012,10,21,14,397,23.5
2012,10,21,15,301,22.9
2012,10,21,16,164,22
2012,10,21,17,55,20.7
2012,10,21,18,0,19.3
2012,10,21,19,0,18.3
2012,10,21,20,0,17.5
2012,10,21,21,0,16.9
2012,10,21,22,0,16.3
2012,10,21,23,0,15.9
2012,10,22,0,0,15.5
2012,10,22,1,0,15.3
2012,10,22,2,0,15.2
2012,10,22,3,0,15.3
2012,10,22,4,0,15.2
2012,10,22,5,9,15.3
2012,10,22,6,22,16
2012,10,22,7,24,16.5
2012,10,22,8,44,16.1
2012,10,22,9,69,15.7
2012,10,22,10,76,15.4
2012,10,22,11,78,15.7
2012,10,22,12,77,16
2012,10,22,13,72,15.9
2012,10,22,14,60,15.7
2012,10,22,15,42,15.6
2012,10,22,16,22,15.3
2012,10,22,17,7,15
2012,10,22,18,0,14.9
2012,10,22,19,0,14.9
2012,10,22,20,0,14.8
2012,10,22,21,0,14.7
2012,10,22,22,0,14.5
2012,10,22,23,0,14.3
2012,10,23,0,0,14.4
2012,10,23,1,0,14.5
2012,10,23,2,0,14.5
2012,10,23,3,0,14.6
2012,10,23,4,0,14.6
2012,10,23,5,13,14.9
2012,10,23,6,95,15.3
2012,10,23,7,227,15.8
2012,10,23,8,367,16.3
2012,10,23,9,473,16.6
2012,10,23,10,781,17.4
2012,10,23,11,995,17.8
2012,10,23,12,996,18
2012,10,23,13,907,18
2012,10,23,14,752,17.8
2012,10,23,15,553,17.4
2012,10,23,16,325,16.9
2012,10,23,17,105,16.1
2012,10,23,18,0,15.4
2012,10,23,19,0,15.2
2012,10,23,20,0,15.1
2012,10,23,21,0,15.1
2012,10,23,22,0,14.9
2012,10,23,23,0,14.8
2012,10,24,0,0,14.6
2012,10,24,1,0,14.3
2012,10,24,2,0,14.1
2012,10,24,3,0,13.8
2012,10,24,4,0,13.5
2012,10,24,5,50,13.9
2012,10,24,6,256,15.1
2012,10,24,7,485,16.6
2012,10,24,8,698,18.1
2012,10,24,9,867,18.8
2012,10,24,10,982,20.7
2012,10,24,11,1026,21.6
2012,10,24,12,1003,22.1
2012,10,24,13,912,22.4
2012,10,24,14,760,22.5
2012,10,24,15,561,22.1
2012,10,24,16,332,21.1
2012,10,24,17,109,19.5
2012,10,24,18,0,18.1
2012,10,24,19,0,17.4
2012,10,24,20,0,17.2
2012,10,24,21,0,17
2012,10,24,22,0,16.7
2012,10,24,23,0,16.4
2012,10,25,0,0,16.1
2012,10,25,1,0,15.8
2012,10,25,2,0,15.5
2012,10,25,3,0,15.1
2012,10,25,4,0,14.8
2012,10,25,5,49,15.1
2012,10,25,6,248,16.3
2012,10,25,7,472,18.4
2012,10,25,8,621,20.7
2012,10,25,9,727,21.8
2012,10,25,10,830,24.6
2012,10,25,11,908,26.4
2012,10,25,12,850,27.7
2012,10,25,13,673,28.2
2012,10,25,14,554,28.2
2012,10,25,15,475,27.7
2012,10,25,16,292,26.7
2012,10,25,17,91,25.2
2012,10,25,18,0,23.9
2012,10,25,19,0,22.9
2012,10,25,20,0,21.8
2012,10,25,21,0,21.1
2012,10,25,22,0,20.8
2012,10,25,23,0,20.3
2012,10,26,0,0,19.6
2012,10,26,1,0,18.9
2012,10,26,2,0,18.1
2012,10,26,3,0,17.4
2012,10,26,4,0,17
2012,10,26,5,22,17.1
2012,10,26,6,62,17.6
2012,10,26,7,103,18.1
2012,10,26,8,122,18.6
2012,10,26,9,141,18.9
2012,10,26,10,194,19.9
2012,10,26,11,372,20.9
2012,10,26,12,645,21.9
2012,10,26,13,621,22.6
2012,10,26,14,414,22.5
2012,10,26,15,262,21.8
2012,10,26,16,148,20.9
2012,10,26,17,57,19.6
2012,10,26,18,0,18.5
2012,10,26,19,0,18
2012,10,26,20,0,17.8
2012,10,26,21,0,17.5
2012,10,26,22,0,17.3
2012,10,26,23,0,17.2
2012,10,27,0,0,16.7
2012,10,27,1,0,16
2012,10,27,2,0,15.3
2012,10,27,3,0,14.6
2012,10,27,4,0,14.2
2012,10,27,5,65,14.5
2012,10,27,6,110,15.6
2012,10,27,7,222,16.7
2012,10,27,8,504,17.5
2012,10,27,9,800,17.7
2012,10,27,10,952,18.3
2012,10,27,11,1035,18.4
2012,10,27,12,1009,18.3
2012,10,27,13,916,17.9
2012,10,27,14,763,17.4
2012,10,27,15,563,16.8
2012,10,27,16,340,16.3
2012,10,27,17,118,15.8
2012,10,27,18,0,15.4
2012,10,27,19,0,15.3
2012,10,27,20,0,15.3
2012,10,27,21,0,15.3
2012,10,27,22,0,15.2
2012,10,27,23,0,15.1
2012,10,28,0,0,15
2012,10,28,1,0,14.9
2012,10,28,2,0,14.9
2012,10,28,3,0,14.9
2012,10,28,4,0,15
2012,10,28,5,16,15.5
2012,10,28,6,44,16.4
2012,10,28,7,72,17
2012,10,28,8,127,17.5
2012,10,28,9,188,17.8
2012,10,28,10,448,18.5
2012,10,28,11,651,18.9
2012,10,28,12,698,19
2012,10,28,13,669,19
2012,10,28,14,560,18.8
2012,10,28,15,426,18.3
2012,10,28,16,265,17.7
2012,10,28,17,92,16.9
2012,10,28,18,0,16.2
2012,10,28,19,0,15.9
2012,10,28,20,0,15.7
2012,10,28,21,0,15.5
2012,10,28,22,0,15.3
2012,10,28,23,0,15.1
2012,10,29,0,0,15
2012,10,29,1,0,14.9
2012,10,29,2,0,14.8
2012,10,29,3,0,14.7
2012,10,29,4,0,14.7
2012,10,29,5,27,15.2
2012,10,29,6,57,16.2
2012,10,29,7,82,17.4
2012,10,29,8,134,18.3
2012,10,29,9,202,18.8
2012,10,29,10,425,20
2012,10,29,11,742,20.5
2012,10,29,12,763,20.8
2012,10,29,13,677,20.7
2012,10,29,14,564,20.4
2012,10,29,15,444,19.9
2012,10,29,16,310,19.3
2012,10,29,17,122,18.4
2012,10,29,18,0,17.5
2012,10,29,19,0,17.1
2012,10,29,20,0,17
2012,10,29,21,0,16.8
2012,10,29,22,0,16.7
2012,10,29,23,0,16.5
2012,10,30,0,0,16.4
2012,10,30,1,0,16.3
2012,10,30,2,0,16.2
2012,10,30,3,0,16.1
2012,10,30,4,0,16.1
2012,10,30,5,33,16.4
2012,10,30,6,164,17.3
2012,10,30,7,385,18.7
2012,10,30,8,620,19.9
2012,10,30,9,779,20.5
2012,10,30,10,843,21.6
2012,10,30,11,848,22
2012,10,30,12,754,22
2012,10,30,13,614,21.9
2012,10,30,14,480,21.6
2012,10,30,15,348,21.2
2012,10,30,16,219,20.6
2012,10,30,17,86,19.7
2012,10,30,18,0,18.8
2012,10,30,19,0,18.3
2012,10,30,20,0,18.1
2012,10,30,21,0,17.9
2012,10,30,22,0,17.7
2012,10,30,23,0,17.5
2012,10,31,0,0,17.4
2012,10,31,1,0,17.3
2012,10,31,2,0,17.1
2012,10,31,3,0,17
2012,10,31,4,0,16.8
2012,10,31,5,66,17.1
2012,10,31,6,267,18.5
2012,10,31,7,487,20.6
2012,10,31,8,691,22.5
2012,10,31,9,821,23.3
2012,10,31,10,877,24.4
2012,10,31,11,907,24.7
2012,10,31,12,909,24.7
2012,10,31,13,879,24.5
2012,10,31,14,752,24.1
2012,10,31,15,542,23.5
2012,10,31,16,332,22.7
2012,10,31,17,120,21.5
2012,10,31,18,0,20.4
2012,10,31,19,0,19.8
2012,10,31,20,0,19.6
2012,10,31,21,0,19.4
2012,10,31,22,0,19.3
2012,10,31,23,0,19
2012,11,1,0,0,18.7
2012,11,1,1,0,18.4
2012,11,1,2,0,18.1
2012,11,1,3,0,17.8
2012,11,1,4,0,17.6
2012,11,1,5,65,18.1
2012,11,1,6,259,19.4
2012,11,1,7,429,21.4
2012,11,1,8,536,23.7
2012,11,1,9,635,24.9
2012,11,1,10,456,27.5
2012,11,1,11,329,28.3
2012,11,1,12,290,28.5
2012,11,1,13,235,28.7
2012,11,1,14,132,28.4
2012,11,1,15,85,26.8
2012,11,1,16,90,25
2012,11,1,17,83,23.8
2012,11,1,18,0,22.6
2012,11,1,19,0,21.4
2012,11,1,20,0,20.4
2012,11,1,21,0,19.7
2012,11,1,22,0,19.1
2012,11,1,23,0,18.4
2012,11,2,0,0,17.8
2012,11,2,1,0,17.2
2012,11,2,2,0,16.8
2012,11,2,3,0,16.4
2012,11,2,4,0,15.9
2012,11,2,5,81,15.9
2012,11,2,6,199,16.3
2012,11,2,7,384,16.7
2012,11,2,8,558,17.2
2012,11,2,9,703,17.4
2012,11,2,10,841,18
2012,11,2,11,895,18.2
2012,11,2,12,874,18.3
2012,11,2,13,787,18.2
2012,11,2,14,618,18.1
2012,11,2,15,428,17.8
2012,11,2,16,246,17.4
2012,11,2,17,82,16.9
2012,11,2,18,0,16.4
2012,11,2,19,0,16.2
2012,11,2,20,0,16.1
2012,11,2,21,0,16.1
2012,11,2,22,0,15.9
2012,11,2,23,0,15.7
2012,11,3,0,0,15.4
2012,11,3,1,0,15.1
2012,11,3,2,0,14.9
2012,11,3,3,0,14.6
2012,11,3,4,0,14.6
2012,11,3,5,6,14.8
2012,11,3,6,13,15.1
2012,11,3,7,27,15.5
2012,11,3,8,47,16.2
2012,11,3,9,69,16.7
2012,11,3,10,105,17.2
2012,11,3,11,126,17.4
2012,11,3,12,112,17.5
2012,11,3,13,97,17.5
2012,11,3,14,66,17.4
2012,11,3,15,33,17.4
2012,11,3,16,17,17.3
2012,11,3,17,8,17
2012,11,3,18,0,16.7
2012,11,3,19,0,16.6
2012,11,3,20,0,16.6
2012,11,3,21,0,16.6
2012,11,3,22,0,16.6
2012,11,3,23,0,16.6
2012,11,4,0,0,16.6
2012,11,4,1,0,16.5
2012,11,4,2,0,16.4
2012,11,4,3,0,16.4
2012,11,4,4,0,16.4
2012,11,4,5,16,16.9
2012,11,4,6,47,17.8
2012,11,4,7,76,18.7
2012,11,4,8,100,19.6
2012,11,4,9,128,20.1
2012,11,4,10,177,21.5
2012,11,4,11,202,22.1
2012,11,4,12,237,22.4
2012,11,4,13,290,22.5
2012,11,4,14,382,22.3
2012,11,4,15,335,21.8
2012,11,4,16,195,21
2012,11,4,17,82,20
2012,11,4,18,0,19.3
2012,11,4,19,0,18.9
2012,11,4,20,0,18.8
2012,11,4,21,0,18.8
2012,11,4,22,0,18.7
2012,11,4,23,0,18.6
2012,11,5,0,0,18.3
2012,11,5,1,0,17.9
2012,11,5,2,0,17.6
2012,11,5,3,0,17.3
2012,11,5,4,0,17.2
2012,11,5,5,76,17.9
2012,11,5,6,276,19.2
2012,11,5,7,497,20.7
2012,11,5,8,672,22.1
2012,11,5,9,811,22.9
2012,11,5,10,897,24.9
2012,11,5,11,931,25.9
2012,11,5,12,854,26.1
2012,11,5,13,681,25.8
2012,11,5,14,493,25.1
2012,11,5,15,253,24.1
2012,11,5,16,93,22.8
2012,11,5,17,29,21.6
2012,11,5,18,0,20.6
2012,11,5,19,0,20.2
2012,11,5,20,0,20.1
2012,11,5,21,0,20
2012,11,5,22,0,19.9
2012,11,5,23,0,19.8
2012,11,6,0,0,19.7
2012,11,6,1,0,19.6
2012,11,6,2,0,19.4
2012,11,6,3,0,19.3
2012,11,6,4,0,19.2
2012,11,6,5,41,19.6
2012,11,6,6,152,20.4
2012,11,6,7,327,21.3
2012,11,6,8,509,22.3
2012,11,6,9,643,22.9
2012,11,6,10,725,25.2
2012,11,6,11,800,26.4
2012,11,6,12,801,26.8
2012,11,6,13,705,26.6
2012,11,6,14,511,26
2012,11,6,15,294,25.3
2012,11,6,16,91,24.3
2012,11,6,17,22,23.1
2012,11,6,18,0,22
2012,11,6,19,0,21.2
2012,11,6,20,0,20.7
2012,11,6,21,0,20.3
2012,11,6,22,0,20
2012,11,6,23,0,19.8
2012,11,7,0,0,19.7
2012,11,7,1,0,19.7
2012,11,7,2,0,19.7
2012,11,7,3,0,19.6
2012,11,7,4,0,19.7
2012,11,7,5,13,19.9
2012,11,7,6,51,20.2
2012,11,7,7,56,20.6
2012,11,7,8,65,20.9
2012,11,7,9,94,21.1
2012,11,7,10,156,21.8
2012,11,7,11,178,22.6
2012,11,7,12,152,23.1
2012,11,7,13,120,23.1
2012,11,7,14,117,22.7
2012,11,7,15,131,22.1
2012,11,7,16,88,21.5
2012,11,7,17,32,20.7
2012,11,7,18,0,20.2
2012,11,7,19,0,20.1
2012,11,7,20,0,20.1
2012,11,7,21,0,20
2012,11,7,22,0,20.1
2012,11,7,23,0,20.2
2012,11,8,0,0,20.1
2012,11,8,1,0,20.1
2012,11,8,2,0,19.9
2012,11,8,3,0,19.7
2012,11,8,4,0,19.6
2012,11,8,5,53,20
2012,11,8,6,246,21
2012,11,8,7,506,22.3
2012,11,8,8,652,23.4
2012,11,8,9,789,23.8
2012,11,8,10,174,24.1
2012,11,8,11,145,23.6
2012,11,8,12,252,22.6
2012,11,8,13,238,21.6
2012,11,8,14,191,20.9
2012,11,8,15,160,20.3
2012,11,8,16,82,19.8
2012,11,8,17,21,19.3
2012,11,8,18,0,19
2012,11,8,19,0,18.8
2012,11,8,20,0,18.7
2012,11,8,21,0,18.7
2012,11,8,22,0,18.6
2012,11,8,23,0,18.6
2012,11,9,0,0,18.5
2012,11,9,1,0,18.5
2012,11,9,2,0,18.4
2012,11,9,3,0,18.2
2012,11,9,4,0,18.1
2012,11,9,5,68,18.3
2012,11,9,6,214,19
2012,11,9,7,367,19.9
2012,11,9,8,521,21.1
2012,11,9,9,654,21.9
2012,11,9,10,715,24.5
2012,11,9,11,771,26
2012,11,9,12,846,27
2012,11,9,13,822,27.2
2012,11,9,14,628,26.7
2012,11,9,15,435,25.6
2012,11,9,16,293,24.1
2012,11,9,17,135,22.2
2012,11,9,18,0,20.3
2012,11,9,19,0,19.1
2012,11,9,20,0,18.4
2012,11,9,21,0,17.9
2012,11,9,22,0,17.5
2012,11,9,23,0,17.1
2012,11,10,0,0,16.8
2012,11,10,1,0,16.6
2012,11,10,2,0,16.5
2012,11,10,3,0,16.5
2012,11,10,4,0,16.6
2012,11,10,5,8,16.8
2012,11,10,6,24,17.1
2012,11,10,7,53,17.3
2012,11,10,8,109,17.6
2012,11,10,9,177,17.7
2012,11,10,10,223,18
2012,11,10,11,177,18.1
2012,11,10,12,129,18.2
2012,11,10,13,121,18.3
2012,11,10,14,151,18.2
2012,11,10,15,176,18
2012,11,10,16,96,17.6
2012,11,10,17,31,17.1
2012,11,10,18,0,16.6
2012,11,10,19,0,16.3
2012,11,10,20,0,16.2
2012,11,10,21,0,16.2
2012,11,10,22,0,16.1
2012,11,10,23,0,15.9
2012,11,11,0,0,15.7
2012,11,11,1,0,15.6
2012,11,11,2,0,15.4
2012,11,11,3,0,15.3
2012,11,11,4,0,15.4
2012,11,11,5,104,16.2
2012,11,11,6,325,17.2
2012,11,11,7,556,18
2012,11,11,8,762,18.6
2012,11,11,9,927,18.9
2012,11,11,10,1037,19.6
2012,11,11,11,1081,19.8
2012,11,11,12,1057,19.9
2012,11,11,13,965,19.8
2012,11,11,14,815,19.5
2012,11,11,15,618,19.1
2012,11,11,16,394,18.6
2012,11,11,17,167,17.8
2012,11,11,18,0,17
2012,11,11,19,0,16.5
2012,11,11,20,0,16.3
2012,11,11,21,0,16.1
2012,11,11,22,0,15.9
2012,11,11,23,0,15.7
2012,11,12,0,0,15.4
2012,11,12,1,0,15.1
2012,11,12,2,0,14.7
2012,11,12,3,0,14.4
2012,11,12,4,0,14.2
2012,11,12,5,104,14.7
2012,11,12,6,321,16.3
2012,11,12,7,534,18.2
2012,11,12,8,725,19.8
2012,11,12,9,881,20.5
2012,11,12,10,968,22.1
2012,11,12,11,1004,22.9
2012,11,12,12,996,23.5
2012,11,12,13,917,23.7
2012,11,12,14,719,23.6
2012,11,12,15,430,23
2012,11,12,16,194,21.8
2012,11,12,17,81,20.4
2012,11,12,18,0,19.4
2012,11,12,19,0,18.8
2012,11,12,20,0,18.5
2012,11,12,21,0,18.2
2012,11,12,22,0,17.9
2012,11,12,23,0,17.7
2012,11,13,0,0,17.4
2012,11,13,1,0,17.1
2012,11,13,2,0,16.7
2012,11,13,3,0,16.3
2012,11,13,4,0,16.3
2012,11,13,5,91,16.9
2012,11,13,6,290,17.7
2012,11,13,7,506,18.4
2012,11,13,8,708,18.9
2012,11,13,9,851,19.2
2012,11,13,10,766,19.7
2012,11,13,11,760,19.7
2012,11,13,12,487,19.5
2012,11,13,13,370,19.1
2012,11,13,14,286,18.7
2012,11,13,15,151,18.3
2012,11,13,16,83,17.8
2012,11,13,17,35,17.3
2012,11,13,18,0,16.9
2012,11,13,19,0,16.7
2012,11,13,20,0,16.6
2012,11,13,21,0,16.4
2012,11,13,22,0,16.3
2012,11,13,23,0,16.2
2012,11,14,0,0,16.1
2012,11,14,1,0,16
2012,11,14,2,0,16
2012,11,14,3,0,16
2012,11,14,4,0,16.2
2012,11,14,5,27,16.7
2012,11,14,6,82,17.4
2012,11,14,7,114,18
2012,11,14,8,142,18.4
2012,11,14,9,189,18.6
2012,11,14,10,216,18.7
2012,11,14,11,280,18.8
2012,11,14,12,347,18.9
2012,11,14,13,292,19.1
2012,11,14,14,252,19.1
2012,11,14,15,217,18.9
2012,11,14,16,134,18.5
2012,11,14,17,52,18
2012,11,14,18,0,17.6
2012,11,14,19,0,17.3
2012,11,14,20,0,17.2
2012,11,14,21,0,17.3
2012,11,14,22,0,17.3
2012,11,14,23,0,17.2
2012,11,15,0,0,17.2
2012,11,15,1,0,17.1
2012,11,15,2,0,17.1
2012,11,15,3,0,17.2
2012,11,15,4,0,17.4
2012,11,15,5,19,17.9
2012,11,15,6,43,18.7
2012,11,15,7,75,19.6
2012,11,15,8,158,20.6
2012,11,15,9,380,21.2
2012,11,15,10,819,22.7
2012,11,15,11,848,23.7
2012,11,15,12,861,24.4
2012,11,15,13,851,24.7
2012,11,15,14,744,24.6
2012,11,15,15,577,24.2
2012,11,15,16,358,23.2
2012,11,15,17,143,21.8
2012,11,15,18,0,20.5
2012,11,15,19,0,19.6
2012,11,15,20,0,19.1
2012,11,15,21,0,18.7
2012,11,15,22,0,18.4
2012,11,15,23,0,18.3
2012,11,16,0,0,18.2
2012,11,16,1,0,18.1
2012,11,16,2,0,18.1
2012,11,16,3,0,18.2
2012,11,16,4,0,18
2012,11,16,5,17,17.9
2012,11,16,6,41,18
2012,11,16,7,71,18
2012,11,16,8,108,18
2012,11,16,9,146,18.1
2012,11,16,10,173,19.2
2012,11,16,11,130,19.5
2012,11,16,12,128,19.2
2012,11,16,13,112,18.7
2012,11,16,14,79,18.1
2012,11,16,15,58,17.4
2012,11,16,16,33,17
2012,11,16,17,16,16.7
2012,11,16,18,0,16.4
2012,11,16,19,0,16.3
2012,11,16,20,0,16.2
2012,11,16,21,0,16.1
2012,11,16,22,0,16.1
2012,11,16,23,0,16
2012,11,17,0,0,15.9
2012,11,17,1,0,15.8
2012,11,17,2,0,15.8
2012,11,17,3,0,15.8
2012,11,17,4,0,15.9
2012,11,17,5,17,16.2
2012,11,17,6,54,16.7
2012,11,17,7,95,17.3
2012,11,17,8,118,18
2012,11,17,9,169,18.3
2012,11,17,10,158,19.3
2012,11,17,11,217,19.6
2012,11,17,12,165,19.8
2012,11,17,13,144,19.7
2012,11,17,14,93,19.4
2012,11,17,15,53,18.9
2012,11,17,16,26,18.2
2012,11,17,17,10,17.7
2012,11,17,18,1,17.3
2012,11,17,19,0,17.2
2012,11,17,20,0,17.2
2012,11,17,21,0,17.2
2012,11,17,22,0,17.2
2012,11,17,23,0,17.2
2012,11,18,0,0,17.2
2012,11,18,1,0,17.2
2012,11,18,2,0,17
2012,11,18,3,0,16.9
2012,11,18,4,0,16.9
2012,11,18,5,17,17.6
2012,11,18,6,59,18.8
2012,11,18,7,109,19.8
2012,11,18,8,155,20.6
2012,11,18,9,199,20.9
2012,11,18,10,162,21.6
2012,11,18,11,79,22
2012,11,18,12,78,22.2
2012,11,18,13,75,22.4
2012,11,18,14,130,22.3
2012,11,18,15,167,22
2012,11,18,16,69,21.3
2012,11,18,17,28,20.5
2012,11,18,18,4,19.5
2012,11,18,19,0,18.5
2012,11,18,20,0,17.8
2012,11,18,21,0,17.2
2012,11,18,22,0,16.6
2012,11,18,23,0,15.8
2012,11,19,0,0,15.1
2012,11,19,1,0,14.7
2012,11,19,2,0,14.4
2012,11,19,3,0,14.2
2012,11,19,4,0,14.1
2012,11,19,5,47,14.8
2012,11,19,6,51,15.9
2012,11,19,7,49,16.7
2012,11,19,8,51,17.3
2012,11,19,9,74,17.5
2012,11,19,10,94,18.3
2012,11,19,11,103,18.7
2012,11,19,12,146,18.9
2012,11,19,13,217,19
2012,11,19,14,180,18.8
2012,11,19,15,81,18.5
2012,11,19,16,19,18.1
2012,11,19,17,9,17.5
2012,11,19,18,2,17
2012,11,19,19,0,17
2012,11,19,20,0,16.9
2012,11,19,21,0,16.9
2012,11,19,22,0,16.9
2012,11,19,23,0,16.8
2012,11,20,0,0,16.7
2012,11,20,1,0,16.7
2012,11,20,2,0,16.7
2012,11,20,3,0,16.7
2012,11,20,4,0,16.8
2012,11,20,5,13,17.1
2012,11,20,6,35,17.8
2012,11,20,7,88,18.5
2012,11,20,8,156,19.1
2012,11,20,9,195,19.4
2012,11,20,10,259,20.2
2012,11,20,11,498,20.5
2012,11,20,12,675,20.6
2012,11,20,13,592,20.6
2012,11,20,14,496,20.4
2012,11,20,15,398,20
2012,11,20,16,229,19.5
2012,11,20,17,90,18.8
2012,11,20,18,8,18.1
2012,11,20,19,0,17.7
2012,11,20,20,0,17.6
2012,11,20,21,0,17.6
2012,11,20,22,0,17.6
2012,11,20,23,0,17.5
2012,11,21,0,0,17.4
2012,11,21,1,0,17
2012,11,21,2,0,16.6
2012,11,21,3,0,16.2
2012,11,21,4,0,15.8
2012,11,21,5,102,16.3
2012,11,21,6,286,17.7
2012,11,21,7,486,19.2
2012,11,21,8,633,20.5
2012,11,21,9,749,21
2012,11,21,10,723,22.3
2012,11,21,11,713,22.9
2012,11,21,12,788,23.4
2012,11,21,13,860,24
2012,11,21,14,774,24.2
2012,11,21,15,609,23.9
2012,11,21,16,402,23.1
2012,11,21,17,185,21.7
2012,11,21,18,11,20.3
2012,11,21,19,0,19.6
2012,11,21,20,0,19.3
2012,11,21,21,0,19
2012,11,21,22,0,18.7
2012,11,21,23,0,18.5
2012,11,22,0,0,18.5
2012,11,22,1,0,18.4
2012,11,22,2,0,18.2
2012,11,22,3,0,17.9
2012,11,22,4,0,17.7
2012,11,22,5,18,17.8
2012,11,22,6,55,18
2012,11,22,7,120,18.4
2012,11,22,8,205,18.7
2012,11,22,9,290,18.9
2012,11,22,10,344,19.3
2012,11,22,11,369,19.4
2012,11,22,12,333,19.5
2012,11,22,13,282,19.4
2012,11,22,14,240,19.1
2012,11,22,15,169,18.7
2012,11,22,16,84,18.1
2012,11,22,17,46,17.5
2012,11,22,18,8,17
2012,11,22,19,0,16.8
2012,11,22,20,0,16.7
2012,11,22,21,0,16.5
2012,11,22,22,0,16.3
2012,11,22,23,0,16.2
2012,11,23,0,0,16.1
2012,11,23,1,0,16
2012,11,23,2,0,15.8
2012,11,23,3,0,15.7
2012,11,23,4,0,15.8
2012,11,23,5,87,16.5
2012,11,23,6,248,17.7
2012,11,23,7,355,18.6
2012,11,23,8,443,19.3
2012,11,23,9,569,19.6
2012,11,23,10,614,20.2
2012,11,23,11,703,20.4
2012,11,23,12,703,20.4
2012,11,23,13,715,20.3
2012,11,23,14,695,20.1
2012,11,23,15,511,19.7
2012,11,23,16,340,19.2
2012,11,23,17,130,18.6
2012,11,23,18,8,17.9
2012,11,23,19,0,17.5
2012,11,23,20,0,17.3
2012,11,23,21,0,17.3
2012,11,23,22,0,17.2
2012,11,23,23,0,17.1
2012,11,24,0,0,17
2012,11,24,1,0,16.9
2012,11,24,2,0,16.9
2012,11,24,3,0,16.9
2012,11,24,4,0,17.1
2012,11,24,5,28,18.1
2012,11,24,6,83,19.4
2012,11,24,7,110,20.5
2012,11,24,8,166,21.6
2012,11,24,9,302,22
2012,11,24,10,421,23.2
2012,11,24,11,696,23.8
2012,11,24,12,865,24.2
2012,11,24,13,765,24.3
2012,11,24,14,630,24.1
2012,11,24,15,502,23.6
2012,11,24,16,321,22.8
2012,11,24,17,143,21.8
2012,11,24,18,16,20.9
2012,11,24,19,0,20.5
2012,11,24,20,0,20.5
2012,11,24,21,0,20.4
2012,11,24,22,0,20.4
2012,11,24,23,0,20.3
2012,11,25,0,0,20.2
2012,11,25,1,0,20
2012,11,25,2,0,19.7
2012,11,25,3,0,19.5
2012,11,25,4,0,19.5
2012,11,25,5,103,20.1
2012,11,25,6,303,21.5
2012,11,25,7,519,23.9
2012,11,25,8,708,26.6
2012,11,25,9,879,27.8
2012,11,25,10,1004,29.8
2012,11,25,11,1049,29.7
2012,11,25,12,1027,29.1
2012,11,25,13,936,28.4
2012,11,25,14,623,27.5
2012,11,25,15,466,26.6
2012,11,25,16,298,25.5
2012,11,25,17,180,24.3
2012,11,25,18,7,23.2
2012,11,25,19,0,22.5
2012,11,25,20,0,22.2
2012,11,25,21,0,22
2012,11,25,22,0,21.7
2012,11,25,23,0,21.5
2012,11,26,0,0,21
2012,11,26,1,0,20.5
2012,11,26,2,0,20.2
2012,11,26,3,0,20.1
2012,11,26,4,0,20.2
2012,11,26,5,102,20.9
2012,11,26,6,303,22
2012,11,26,7,514,23.2
2012,11,26,8,681,24.3
2012,11,26,9,817,24.9
2012,11,26,10,905,26.1
2012,11,26,11,900,26.4
2012,11,26,12,818,26.4
2012,11,26,13,454,26
2012,11,26,14,156,25.3
2012,11,26,15,89,24.2
2012,11,26,16,84,23.1
2012,11,26,17,63,22.1
2012,11,26,18,11,21.5
2012,11,26,19,0,21.3
2012,11,26,20,0,21.2
2012,11,26,21,0,21.2
2012,11,26,22,0,21.1
2012,11,26,23,0,21
2012,11,27,0,0,20.7
2012,11,27,1,0,20.5
2012,11,27,2,0,20.3
2012,11,27,3,0,20.2
2012,11,27,4,0,20.2
2012,11,27,5,43,20.4
2012,11,27,6,130,20.8
2012,11,27,7,251,21.4
2012,11,27,8,372,22.2
2012,11,27,9,474,22.7
2012,11,27,10,258,23.2
2012,11,27,11,221,22.8
2012,11,27,12,231,22.3
2012,11,27,13,229,21.8
2012,11,27,14,187,21.3
2012,11,27,15,136,20.8
2012,11,27,16,74,20.3
2012,11,27,17,20,19.9
2012,11,27,18,5,19.6
2012,11,27,19,0,19.4
2012,11,27,20,0,19.3
2012,11,27,21,0,19.2
2012,11,27,22,0,19.2
2012,11,27,23,0,19.2
2012,11,28,0,0,19.1
2012,11,28,1,0,19.1
2012,11,28,2,0,19
2012,11,28,3,0,19
2012,11,28,4,0,19.3
2012,11,28,5,27,19.7
2012,11,28,6,66,20.1
2012,11,28,7,100,20.5
2012,11,28,8,136,21.1
2012,11,28,9,162,21.4
2012,11,28,10,205,22.1
2012,11,28,11,229,22.2
2012,11,28,12,117,22.3
2012,11,28,13,80,22.3
2012,11,28,14,59,22.2
2012,11,28,15,37,21.9
2012,11,28,16,20,21.5
2012,11,28,17,9,20.9
2012,11,28,18,4,20.2
2012,11,28,19,0,19.7
2012,11,28,20,0,19.5
2012,11,28,21,0,19.4
2012,11,28,22,0,19.3
2012,11,28,23,0,19.3
2012,11,29,0,0,19.3
2012,11,29,1,0,19.4
2012,11,29,2,0,19.3
2012,11,29,3,0,19.3
2012,11,29,4,0,19.5
2012,11,29,5,54,20.2
2012,11,29,6,98,21.1
2012,11,29,7,151,21.9
2012,11,29,8,228,22.8
2012,11,29,9,274,23.2
2012,11,29,10,519,24.8
2012,11,29,11,822,25.6
2012,11,29,12,1015,26.1
2012,11,29,13,943,26.2
2012,11,29,14,805,26
2012,11,29,15,524,25.4
2012,11,29,16,380,24.6
2012,11,29,17,194,23.4
2012,11,29,18,26,22.3
2012,11,29,19,0,21.7
2012,11,29,20,0,21.5
2012,11,29,21,0,21.4
2012,11,29,22,0,21.3
2012,11,29,23,0,21.2
2012,11,30,0,0,21.1
2012,11,30,1,0,20.9
2012,11,30,2,0,20.7
2012,11,30,3,0,20.5
2012,11,30,4,0,20.7
2012,11,30,5,107,21.4
2012,11,30,6,306,22.6
2012,11,30,7,511,24.2
2012,11,30,8,680,26.2
2012,11,30,9,828,27.3
2012,11,30,10,966,30.6
2012,11,30,11,1017,32.3
2012,11,30,12,998,33.3
2012,11,30,13,817,33.4
2012,11,30,14,622,32.7
2012,11,30,15,362,31.5
2012,11,30,16,186,29.8
2012,11,30,17,107,27.7
2012,11,30,18,21,25.7
2012,11,30,19,0,24.2
2012,11,30,20,0,23.3
2012,11,30,21,0,22.7
2012,11,30,22,0,22.3
2012,11,30,23,0,21.9
2012,12,1,0,0,21.7
2012,12,1,1,0,21.6
2012,12,1,2,0,21.6
2012,12,1,3,0,21.6
2012,12,1,4,0,21.8
2012,12,1,5,67,22.2
2012,12,1,6,144,23
2012,12,1,7,192,24.3
2012,12,1,8,185,26
2012,12,1,9,199,26.9
2012,12,1,10,264,29.2
2012,12,1,11,420,30.6
2012,12,1,12,597,31.8
2012,12,1,13,580,33
2012,12,1,14,190,33.9
2012,12,1,15,73,34
2012,12,1,16,30,32.8
2012,12,1,17,12,30.6
2012,12,1,18,5,28.5
2012,12,1,19,0,26.9
2012,12,1,20,0,25.6
2012,12,1,21,0,24.8
2012,12,1,22,0,24.3
2012,12,1,23,0,24
2012,12,2,0,0,23.7
2012,12,2,1,0,23.3
2012,12,2,2,0,22.8
2012,12,2,3,0,22.4
2012,12,2,4,0,22
2012,12,2,5,46,21.8
2012,12,2,6,88,22.3
2012,12,2,7,142,22.9
2012,12,2,8,248,23.3
2012,12,2,9,386,23.5
2012,12,2,10,118,23.5
2012,12,2,11,108,23.2
2012,12,2,12,95,22.6
2012,12,2,13,81,22
2012,12,2,14,60,21.5
2012,12,2,15,38,21
2012,12,2,16,41,20.5
2012,12,2,17,28,20
2012,12,2,18,8,19.6
2012,12,2,19,0,19.3
2012,12,2,20,0,19.2
2012,12,2,21,0,19.1
2012,12,2,22,0,19.1
2012,12,2,23,0,19
2012,12,3,0,0,18.9
2012,12,3,1,0,18.7
2012,12,3,2,0,18.6
2012,12,3,3,0,18.6
2012,12,3,4,0,18.7
2012,12,3,5,17,19
2012,12,3,6,50,19.5
2012,12,3,7,83,20.1
2012,12,3,8,125,20.7
2012,12,3,9,186,21
2012,12,3,10,341,22.2
2012,12,3,11,511,23.1
2012,12,3,12,663,23.9
2012,12,3,13,712,24.3
2012,12,3,14,669,24.2
2012,12,3,15,533,23.6
2012,12,3,16,296,22.8
2012,12,3,17,105,21.7
2012,12,3,18,19,20.9
2012,12,3,19,0,20.4
2012,12,3,20,0,20.3
2012,12,3,21,0,20.1
2012,12,3,22,0,20
2012,12,3,23,0,19.8
2012,12,4,0,0,19.4
2012,12,4,1,0,19.1
2012,12,4,2,0,18.9
2012,12,4,3,0,18.6
2012,12,4,4,0,18.6
2012,12,4,5,126,19.3
2012,12,4,6,347,20.5
2012,12,4,7,576,21.6
2012,12,4,8,784,22.6
2012,12,4,9,951,23.2
2012,12,4,10,1066,24.9
2012,12,4,11,1117,25.8
2012,12,4,12,1105,26.3
2012,12,4,13,1027,26.3
2012,12,4,14,884,25.9
2012,12,4,15,690,25.3
2012,12,4,16,468,24.4
2012,12,4,17,237,23.1
2012,12,4,18,42,21.2
2012,12,4,19,0,19.8
2012,12,4,20,0,19
2012,12,4,21,0,18.3
2012,12,4,22,0,17.7
2012,12,4,23,0,17.2
2012,12,5,0,0,16.8
2012,12,5,1,0,16.6
2012,12,5,2,0,16.2
2012,12,5,3,0,15.9
2012,12,5,4,0,15.9
2012,12,5,5,128,16.7
2012,12,5,6,347,17.9
2012,12,5,7,574,19
2012,12,5,8,785,20
2012,12,5,9,328,20.6
2012,12,5,10,286,21.9
2012,12,5,11,586,22.6
2012,12,5,12,972,23.2
2012,12,5,13,843,23.6
2012,12,5,14,698,23.7
2012,12,5,15,498,23.4
2012,12,5,16,141,22.5
2012,12,5,17,39,21
2012,12,5,18,7,19.4
2012,12,5,19,0,18.3
2012,12,5,20,0,17.6
2012,12,5,21,0,17.2
2012,12,5,22,0,16.8
2012,12,5,23,0,16.5
2012,12,6,0,0,16.4
2012,12,6,1,0,16.4
2012,12,6,2,0,16.3
2012,12,6,3,0,16.2
2012,12,6,4,0,16.2
2012,12,6,5,38,16.8
2012,12,6,6,81,17.9
2012,12,6,7,223,18.9
2012,12,6,8,372,19.7
2012,12,6,9,330,20
2012,12,6,10,345,20.6
2012,12,6,11,572,20.7
2012,12,6,12,932,20.7
2012,12,6,13,985,20.3
2012,12,6,14,845,19.8
2012,12,6,15,659,19.2
2012,12,6,16,442,18.7
2012,12,6,17,223,18.1
2012,12,6,18,40,17.5
2012,12,6,19,0,17.2
2012,12,6,20,0,17
2012,12,6,21,0,16.8
2012,12,6,22,0,16.7
2012,12,6,23,0,16.5
2012,12,7,0,0,16.4
2012,12,7,1,0,16.3
2012,12,7,2,0,16.3
2012,12,7,3,0,16.3
2012,12,7,4,0,16.6
2012,12,7,5,79,17.4
2012,12,7,6,151,18.4
2012,12,7,7,206,19
2012,12,7,8,254,19.5
2012,12,7,9,311,19.7
2012,12,7,10,348,20.3
2012,12,7,11,415,20.8
2012,12,7,12,499,21.3
2012,12,7,13,509,21.7
2012,12,7,14,398,21.8
2012,12,7,15,293,21.5
2012,12,7,16,184,21
2012,12,7,17,88,20.4
2012,12,7,18,21,19.7
2012,12,7,19,0,19.4
2012,12,7,20,0,19.3
2012,12,7,21,0,19.2
2012,12,7,22,0,19.1
2012,12,7,23,0,19
2012,12,8,0,0,18.9
2012,12,8,1,0,18.8
2012,12,8,2,0,18.7
2012,12,8,3,0,18.6
2012,12,8,4,0,18.8
2012,12,8,5,43,19.6
2012,12,8,6,137,21
2012,12,8,7,191,22.2
2012,12,8,8,219,23.1
2012,12,8,9,265,23.5
2012,12,8,10,806,24.7
2012,12,8,11,984,25.3
2012,12,8,12,974,25.6
2012,12,8,13,957,25.5
2012,12,8,14,818,25.1
2012,12,8,15,633,24.4
2012,12,8,16,420,23.5
2012,12,8,17,208,22.6
2012,12,8,18,35,21.7
2012,12,8,19,0,21.3
2012,12,8,20,0,21.2
2012,12,8,21,0,21.1
2012,12,8,22,0,21
2012,12,8,23,0,20.9
2012,12,9,0,0,20.7
2012,12,9,1,0,20.6
2012,12,9,2,0,20.5
2012,12,9,3,0,20.3
2012,12,9,4,0,20.5
2012,12,9,5,45,21.2
2012,12,9,6,187,22.3
2012,12,9,7,409,23.4
2012,12,9,8,285,24.1
2012,12,9,9,233,24.3
2012,12,9,10,163,23.9
2012,12,9,11,187,22.7
2012,12,9,12,259,21.4
2012,12,9,13,281,20.5
2012,12,9,14,168,19.9
2012,12,9,15,100,19.3
2012,12,9,16,52,18.7
2012,12,9,17,22,18
2012,12,9,18,6,17.6
2012,12,9,19,0,17.4
2012,12,9,20,0,17.4
2012,12,9,21,0,17.5
2012,12,9,22,0,17.6
2012,12,9,23,0,17.7
2012,12,10,0,0,17.8
2012,12,10,1,0,17.9
2012,12,10,2,0,17.9
2012,12,10,3,0,17.9
2012,12,10,4,0,18
2012,12,10,5,12,18.2
2012,12,10,6,38,18.6
2012,12,10,7,77,18.9
2012,12,10,8,119,19.2
2012,12,10,9,151,19.3
2012,12,10,10,160,19.5
2012,12,10,11,168,19.6
2012,12,10,12,192,19.6
2012,12,10,13,227,19.5
2012,12,10,14,224,19.3
2012,12,10,15,170,19.1
2012,12,10,16,95,18.7
2012,12,10,17,39,18.4
2012,12,10,18,8,18.1
2012,12,10,19,0,17.9
2012,12,10,20,0,17.8
2012,12,10,21,0,17.8
2012,12,10,22,0,17.7
2012,12,10,23,0,17.7
2012,12,11,0,0,17.7
2012,12,11,1,0,17.6
2012,12,11,2,0,17.6
2012,12,11,3,0,17.6
2012,12,11,4,0,17.6
2012,12,11,5,12,17.9
2012,12,11,6,31,18.3
2012,12,11,7,49,18.8
2012,12,11,8,66,19.1
2012,12,11,9,80,19.2
2012,12,11,10,84,19.5
2012,12,11,11,80,19.8
2012,12,11,12,78,20
2012,12,11,13,84,20
2012,12,11,14,65,20.1
2012,12,11,15,53,20
2012,12,11,16,33,19.8
2012,12,11,17,15,19.6
2012,12,11,18,4,19.2
2012,12,11,19,0,19
2012,12,11,20,0,19.1
2012,12,11,21,0,19.1
2012,12,11,22,0,19.1
2012,12,11,23,0,19
2012,12,12,0,0,18.9
2012,12,12,1,0,18.8
2012,12,12,2,0,18.7
2012,12,12,3,0,18.6
2012,12,12,4,0,18.8
2012,12,12,5,14,19.5
2012,12,12,6,39,20.4
2012,12,12,7,68,21.3
2012,12,12,8,99,22.2
2012,12,12,9,123,22.6
2012,12,12,10,120,23.2
2012,12,12,11,177,23.5
2012,12,12,12,453,23.6
2012,12,12,13,716,23.6
2012,12,12,14,868,23.4
2012,12,12,15,688,23.1
2012,12,12,16,475,22.6
2012,12,12,17,252,21.9
2012,12,12,18,57,21.1
2012,12,12,19,0,20.4
2012,12,12,20,0,19.9
2012,12,12,21,0,19.6
2012,12,12,22,0,19.3
2012,12,12,23,0,19.1
2012,12,13,0,0,18.9
2012,12,13,1,0,18.7
2012,12,13,2,0,18.5
2012,12,13,3,0,18.5
2012,12,13,4,0,18.7
2012,12,13,5,60,19.5
2012,12,13,6,225,20.8
2012,12,13,7,431,22
2012,12,13,8,627,22.9
2012,12,13,9,794,23.2
2012,12,13,10,922,24.2
2012,12,13,11,1024,24.7
2012,12,13,12,1026,24.9
2012,12,13,13,1010,24.9
2012,12,13,14,874,24.6
2012,12,13,15,691,24.1
2012,12,13,16,474,23.5
2012,12,13,17,251,22.6
2012,12,13,18,56,21.6
2012,12,13,19,0,20.9
2012,12,13,20,0,20.5
2012,12,13,21,0,20.2
2012,12,13,22,0,20
2012,12,13,23,0,19.8
2012,12,14,0,0,19.4
2012,12,14,1,0,19.1
2012,12,14,2,0,18.8
2012,12,14,3,0,18.4
2012,12,14,4,0,18.5
2012,12,14,5,112,19.3
2012,12,14,6,235,20.8
2012,12,14,7,352,22.3
2012,12,14,8,534,23.8
2012,12,14,9,697,24.6
2012,12,14,10,804,26.2
2012,12,14,11,776,26.5
2012,12,14,12,688,26.3
2012,12,14,13,559,26
2012,12,14,14,371,25.4
2012,12,14,15,230,24.7
2012,12,14,16,148,23.7
2012,12,14,17,67,22.7
2012,12,14,18,16,21.9
2012,12,14,19,0,21.4
2012,12,14,20,0,21.2
2012,12,14,21,0,21.1
2012,12,14,22,0,21
2012,12,14,23,0,20.8
2012,12,15,0,0,20.6
2012,12,15,1,0,20.5
2012,12,15,2,0,20.4
2012,12,15,3,0,20.3
2012,12,15,4,0,20.3
2012,12,15,5,48,20.7
2012,12,15,6,172,21.6
2012,12,15,7,226,22.7
2012,12,15,8,252,23.9
2012,12,15,9,329,24.4
2012,12,15,10,263,25.5
2012,12,15,11,188,26.1
2012,12,15,12,161,26
2012,12,15,13,156,25.6
2012,12,15,14,151,25.1
2012,12,15,15,126,24.7
2012,12,15,16,85,24.3
2012,12,15,17,41,23.9
2012,12,15,18,14,23.3
2012,12,15,19,0,23
2012,12,15,20,0,22.7
2012,12,15,21,0,22.5
2012,12,15,22,0,22.3
2012,12,15,23,0,22
2012,12,16,0,0,21.7
2012,12,16,1,0,21.3
2012,12,16,2,0,21
2012,12,16,3,0,20.6
2012,12,16,4,0,20.5
2012,12,16,5,106,21.2
2012,12,16,6,311,22.7
2012,12,16,7,530,24.9
2012,12,16,8,732,27.2
2012,12,16,9,897,28.2
2012,12,16,10,1008,30.2
2012,12,16,11,594,31
2012,12,16,12,419,31.3
2012,12,16,13,334,31.1
2012,12,16,14,238,30.4
2012,12,16,15,147,29.4
2012,12,16,16,77,28
2012,12,16,17,36,26.4
2012,12,16,18,12,24.7
2012,12,16,19,0,23.5
2012,12,16,20,0,22.6
2012,12,16,21,0,21.9
2012,12,16,22,0,21
2012,12,16,23,0,19.9
2012,12,17,0,0,19
2012,12,17,1,0,18.5
2012,12,17,2,0,18.4
2012,12,17,3,0,18.3
2012,12,17,4,0,18.4
2012,12,17,5,18,18.7
2012,12,17,6,58,19.1
2012,12,17,7,113,19.6
2012,12,17,8,148,20
2012,12,17,9,164,20.2
2012,12,17,10,183,20.6
2012,12,17,11,271,20.9
2012,12,17,12,424,21.1
2012,12,17,13,443,21.2
2012,12,17,14,377,21.1
2012,12,17,15,321,20.8
2012,12,17,16,227,20.3
2012,12,17,17,95,19.7
2012,12,17,18,18,19.3
2012,12,17,19,0,19.1
2012,12,17,20,0,19
2012,12,17,21,0,18.9
2012,12,17,22,0,18.9
2012,12,17,23,0,18.8
2012,12,18,0,0,18.8
2012,12,18,1,0,18.7
2012,12,18,2,0,18.7
2012,12,18,3,0,18.6
2012,12,18,4,0,18.7
2012,12,18,5,16,19.3
2012,12,18,6,54,20.2
2012,12,18,7,146,21.4
2012,12,18,8,410,22.5
2012,12,18,9,643,23.1
2012,12,18,10,761,24.6
2012,12,18,11,864,25.2
2012,12,18,12,953,25.2
2012,12,18,13,922,24.9
2012,12,18,14,842,24.2
2012,12,18,15,673,23.4
2012,12,18,16,473,22.6
2012,12,18,17,253,21.7
2012,12,18,18,61,20.9
2012,12,18,19,0,20.5
2012,12,18,20,0,20.3
2012,12,18,21,0,20.2
2012,12,18,22,0,20.1
2012,12,18,23,0,20.2
2012,12,19,0,0,20.2
2012,12,19,1,0,20.1
2012,12,19,2,0,20
2012,12,19,3,0,19.9
2012,12,19,4,0,20.1
2012,12,19,5,35,21.1
2012,12,19,6,96,22.4
2012,12,19,7,252,23.4
2012,12,19,8,434,24.1
2012,12,19,9,493,24.4
2012,12,19,10,460,25.3
2012,12,19,11,529,25.6
2012,12,19,12,660,25.8
2012,12,19,13,728,25.8
2012,12,19,14,671,25.5
2012,12,19,15,580,24.8
2012,12,19,16,414,24
2012,12,19,17,198,23.1
2012,12,19,18,43,22.4
2012,12,19,19,0,22.2
2012,12,19,20,0,22.2
2012,12,19,21,0,22.2
2012,12,19,22,0,22.2
2012,12,19,23,0,22.2
2012,12,20,0,0,22.1
2012,12,20,1,0,22.1
2012,12,20,2,0,22
2012,12,20,3,0,22
2012,12,20,4,0,22.7
2012,12,20,5,18,24.2
2012,12,20,6,67,25.8
2012,12,20,7,177,27.4
2012,12,20,8,439,29.1
2012,12,20,9,757,29.9
2012,12,20,10,859,31
2012,12,20,11,466,29.4
2012,12,20,12,337,26.7
2012,12,20,13,448,24.7
2012,12,20,14,489,23.7
2012,12,20,15,291,22.8
2012,12,20,16,137,21.7
2012,12,20,17,66,20.5
2012,12,20,18,20,19.8
2012,12,20,19,0,19.5
2012,12,20,20,0,19.4
2012,12,20,21,0,19.3
2012,12,20,22,0,19.2
2012,12,20,23,0,19
2012,12,21,0,0,18.9
2012,12,21,1,0,18.9
2012,12,21,2,0,18.8
2012,12,21,3,0,18.8
2012,12,21,4,0,19.1
2012,12,21,5,100,19.8
2012,12,21,6,302,20.7
2012,12,21,7,521,21.5
2012,12,21,8,520,22.1
2012,12,21,9,603,22.4
2012,12,21,10,498,22.7
2012,12,21,11,493,22.6
2012,12,21,12,562,22.5
2012,12,21,13,639,22.5
2012,12,21,14,645,22.4
2012,12,21,15,551,22.3
2012,12,21,16,366,22
2012,12,21,17,158,21.6
2012,12,21,18,27,21.1
2012,12,21,19,0,20.8
2012,12,21,20,0,20.6
2012,12,21,21,0,20.5
2012,12,21,22,0,20.3
2012,12,21,23,0,20.3
2012,12,22,0,0,20.1
2012,12,22,1,0,20
2012,12,22,2,0,19.8
2012,12,22,3,0,19.8
2012,12,22,4,0,20
2012,12,22,5,51,20.9
2012,12,22,6,157,22.2
2012,12,22,7,251,23.2
2012,12,22,8,316,23.8
2012,12,22,9,391,24.1
2012,12,22,10,519,25
2012,12,22,11,477,25.4
2012,12,22,12,234,25.7
2012,12,22,13,122,25.7
2012,12,22,14,87,25.5
2012,12,22,15,45,25
2012,12,22,16,24,24.3
2012,12,22,17,12,23.5
2012,12,22,18,8,22.8
2012,12,22,19,0,22.5
2012,12,22,20,0,22.4
2012,12,22,21,0,22.4
2012,12,22,22,0,22.3
2012,12,22,23,0,22.1
2012,12,23,0,0,21.9
2012,12,23,1,0,21.7
2012,12,23,2,0,21.6
2012,12,23,3,0,21.6
2012,12,23,4,0,21.8
2012,12,23,5,10,22.6
2012,12,23,6,24,23.7
2012,12,23,7,46,24.8
2012,12,23,8,72,25.9
2012,12,23,9,101,26.4
2012,12,23,10,115,27.4
2012,12,23,11,140,27.7
2012,12,23,12,149,27.7
2012,12,23,13,129,27.5
2012,12,23,14,105,27
2012,12,23,15,106,26.4
2012,12,23,16,114,25.7
2012,12,23,17,79,24.8
2012,12,23,18,26,24
2012,12,23,19,0,23.4
2012,12,23,20,0,23
2012,12,23,21,0,22.8
2012,12,23,22,0,22.6
2012,12,23,23,0,22.3
2012,12,24,0,0,22
2012,12,24,1,0,21.8
2012,12,24,2,0,21.5
2012,12,24,3,0,21.4
2012,12,24,4,0,21.6
2012,12,24,5,91,22.3
2012,12,24,6,288,23.6
2012,12,24,7,491,24.9
2012,12,24,8,628,26.4
2012,12,24,9,740,27.1
2012,12,24,10,837,28.4
2012,12,24,11,830,28.9
2012,12,24,12,620,29.2
2012,12,24,13,475,29.2
2012,12,24,14,432,28.9
2012,12,24,15,303,28.2
2012,12,24,16,155,27.3
2012,12,24,17,56,26.1
2012,12,24,18,19,24.9
2012,12,24,19,0,23.9
2012,12,24,20,0,23.3
2012,12,24,21,0,22.8
2012,12,24,22,0,22.4
2012,12,24,23,0,22.1
2012,12,25,0,0,21.9
2012,12,25,1,0,21.8
2012,12,25,2,0,21.7
2012,12,25,3,0,21.6
2012,12,25,4,0,21.2
2012,12,25,5,9,20.7
2012,12,25,6,19,20.6
2012,12,25,7,38,20.8
2012,12,25,8,65,21.2
2012,12,25,9,93,21.3
2012,12,25,10,134,21.4
2012,12,25,11,185,21.1
2012,12,25,12,191,20.7
2012,12,25,13,160,20.1
2012,12,25,14,121,19.4
2012,12,25,15,73,18.8
2012,12,25,16,41,18.3
2012,12,25,17,26,17.9
2012,12,25,18,10,17.8
2012,12,25,19,0,18
2012,12,25,20,0,18.3
2012,12,25,21,0,18.5
2012,12,25,22,0,18.6
2012,12,25,23,0,18.6
2012,12,26,0,0,18.7
2012,12,26,1,0,18.6
2012,12,26,2,0,18.6
2012,12,26,3,0,18.6
2012,12,26,4,0,18.7
2012,12,26,5,16,19
2012,12,26,6,49,19.5
2012,12,26,7,117,20
2012,12,26,8,180,20.4
2012,12,26,9,239,20.5
2012,12,26,10,275,21
2012,12,26,11,669,21.3
2012,12,26,12,665,21.4
2012,12,26,13,316,21.3
2012,12,26,14,288,21
2012,12,26,15,201,20.7
2012,12,26,16,240,20.3
2012,12,26,17,115,19.8
2012,12,26,18,27,19.2
2012,12,26,19,0,18.7
2012,12,26,20,0,18.5
2012,12,26,21,0,18.4
2012,12,26,22,0,18.2
2012,12,26,23,0,18.1
2012,12,27,0,0,17.9
2012,12,27,1,0,17.7
2012,12,27,2,0,17.5
2012,12,27,3,0,17.3
2012,12,27,4,0,17.5
2012,12,27,5,102,18.5
2012,12,27,6,314,19.7
2012,12,27,7,542,20.5
2012,12,27,8,437,21.3
2012,12,27,9,620,21.7
2012,12,27,10,219,22.6
2012,12,27,11,1112,23.1
2012,12,27,12,1108,23.4
2012,12,27,13,1029,23.4
2012,12,27,14,895,23.1
2012,12,27,15,713,22.5
2012,12,27,16,497,21.7
2012,12,27,17,272,20.8
2012,12,27,18,52,20
2012,12,27,19,0,19.6
2012,12,27,20,0,19.5
2012,12,27,21,0,19.5
2012,12,27,22,0,19.4
2012,12,27,23,0,19.3
2012,12,28,0,0,19.1
2012,12,28,1,0,18.8
2012,12,28,2,0,18.5
2012,12,28,3,0,18.3
2012,12,28,4,0,18.4
2012,12,28,5,90,19.1
2012,12,28,6,290,20.5
2012,12,28,7,508,22.4
2012,12,28,8,714,24.4
2012,12,28,9,886,25.4
2012,12,28,10,1008,28.4
2012,12,28,11,912,30.1
2012,12,28,12,876,29.8
2012,12,28,13,979,27
2012,12,28,14,844,23.7
2012,12,28,15,668,21.3
2012,12,28,16,464,20
2012,12,28,17,250,19.1
2012,12,28,18,65,18.6
2012,12,28,19,0,18.5
2012,12,28,20,0,18.7
2012,12,28,21,0,18.8
2012,12,28,22,0,18.8
2012,12,28,23,0,18.7
2012,12,29,0,0,18.6
2012,12,29,1,0,18.5
2012,12,29,2,0,18.3
2012,12,29,3,0,18.2
2012,12,29,4,0,18.3
2012,12,29,5,83,18.8
2012,12,29,6,280,19.5
2012,12,29,7,500,20.2
2012,12,29,8,199,21
2012,12,29,9,881,21.4
2012,12,29,10,1022,22.7
2012,12,29,11,1084,23.2
2012,12,29,12,1077,23.4
2012,12,29,13,1007,23.1
2012,12,29,14,879,22.6
2012,12,29,15,701,21.8
2012,12,29,16,494,20.9
2012,12,29,17,271,19.8
2012,12,29,18,73,18.9
2012,12,29,19,0,18.6
2012,12,29,20,0,18.6
2012,12,29,21,0,18.5
2012,12,29,22,0,18.4
2012,12,29,23,0,18.4
2012,12,30,0,0,18.2
2012,12,30,1,0,18.1
2012,12,30,2,0,18.1
2012,12,30,3,0,18.1
2012,12,30,4,0,18.3
2012,12,30,5,87,19.1
2012,12,30,6,286,20
2012,12,30,7,40,20.6
2012,12,30,8,710,21.1
2012,12,30,9,202,21.3
2012,12,30,10,425,21.8
2012,12,30,11,870,21.9
2012,12,30,12,1042,21.9
2012,12,30,13,982,21.8
2012,12,30,14,857,21.7
2012,12,30,15,684,21.4
2012,12,30,16,474,21.1
2012,12,30,17,258,20.6
2012,12,30,18,68,20.1
2012,12,30,19,0,19.8
2012,12,30,20,0,19.7
2012,12,30,21,0,19.6
2012,12,30,22,0,19.6
2012,12,30,23,0,19.6
2012,12,31,0,0,19.5
2012,12,31,1,0,19.5
2012,12,31,2,0,19.4
2012,12,31,3,0,19.2
2012,12,31,4,0,19.4
2012,12,31,5,81,20.3
2012,12,31,6,277,21.7
2012,12,31,7,494,22.9
2012,12,31,8,696,23.8
2012,12,31,9,866,24.3
2012,12,31,10,989,26
2012,12,31,11,1053,27.1
2012,12,31,12,1050,27.8
2012,12,31,13,989,28.2
2012,12,31,14,862,28.2
2012,12,31,15,688,27.8
2012,12,31,16,482,26.8
2012,12,31,17,266,25.5
2012,12,31,18,72,24
2012,12,31,19,0,23.1
2012,12,31,20,0,22.7
2012,12,31,21,0,22.3
2012,12,31,22,0,22
2012,12,31,23,0,21.8
2013,1,1,0,0,20
2013,1,1,1,0,19.9
2013,1,1,2,0,19.8
2013,1,1,3,0,19.7
2013,1,1,4,0,19.9
2013,1,1,5,70,20.7
2013,1,1,6,291,21.7
2013,1,1,7,515,22.6
2013,1,1,8,617,23.6
2013,1,1,9,679,24.1
2013,1,1,10,1009,29.6
2013,1,1,11,1072,31.4
2013,1,1,12,1071,32.5
2013,1,1,13,1007,32.8
2013,1,1,14,746,32.3
2013,1,1,15,709,30.8
2013,1,1,16,501,28.4
2013,1,1,17,280,25.9
2013,1,1,18,78,23.9
2013,1,1,19,0,22.8
2013,1,1,20,0,22.5
2013,1,1,21,0,22.4
2013,1,1,22,0,21.9
2013,1,1,23,0,21.6
2013,1,2,0,0,21.2
2013,1,2,1,0,20.7
2013,1,2,2,0,20.4
2013,1,2,3,0,20.2
2013,1,2,4,0,20.2
2013,1,2,5,79,20.6
2013,1,2,6,273,21.2
2013,1,2,7,486,21.7
2013,1,2,8,688,22.1
2013,1,2,9,858,22.2
2013,1,2,10,976,22.2
2013,1,2,11,1033,21.9
2013,1,2,12,1028,21.6
2013,1,2,13,971,21.2
2013,1,2,14,844,20.9
2013,1,2,15,208,20.5
2013,1,2,16,72,19.9
2013,1,2,17,28,19.3
2013,1,2,18,63,18.7
2013,1,2,19,0,18.4
2013,1,2,20,0,18.4
2013,1,2,21,0,18.4
2013,1,2,22,0,18.4
2013,1,2,23,0,18.3
2013,1,3,0,0,18.1
2013,1,3,1,0,18.1
2013,1,3,2,0,18
2013,1,3,3,0,17.9
2013,1,3,4,0,18.2
2013,1,3,5,77,19.2
2013,1,3,6,273,20.3
2013,1,3,7,491,21.2
2013,1,3,8,698,22
2013,1,3,9,871,22.4
2013,1,3,10,1002,23.4
2013,1,3,11,1067,23.9
2013,1,3,12,1067,24.2
2013,1,3,13,1004,24.2
2013,1,3,14,879,24
2013,1,3,15,705,23.4
2013,1,3,16,498,22.7
2013,1,3,17,278,21.9
2013,1,3,18,78,21.1
2013,1,3,19,0,20.7
2013,1,3,20,0,20.5
2013,1,3,21,0,20.3
2013,1,3,22,0,20.1
2013,1,3,23,0,19.8
2013,1,4,0,0,19.5
2013,1,4,1,0,19.2
2013,1,4,2,0,18.9
2013,1,4,3,0,18.7
2013,1,4,4,0,18.9
2013,1,4,5,76,19.8
2013,1,4,6,274,21.2
2013,1,4,7,495,22.5
2013,1,4,8,704,23.6
2013,1,4,9,879,24.2
2013,1,4,10,1009,25.9
2013,1,4,11,1074,26.6
2013,1,4,12,1073,27
2013,1,4,13,1009,26.9
2013,1,4,14,885,26.4
2013,1,4,15,710,25.7
2013,1,4,16,503,24.8
2013,1,4,17,280,23.6
2013,1,4,18,78,22.4
2013,1,4,19,0,21.7
2013,1,4,20,0,21.3
2013,1,4,21,0,21
2013,1,4,22,0,20.8
2013,1,4,23,0,20.6
2013,1,5,0,0,20.4
2013,1,5,1,0,20.1
2013,1,5,2,0,19.9
2013,1,5,3,0,19.7
2013,1,5,4,0,19.8
2013,1,5,5,75,20.7
2013,1,5,6,276,22
2013,1,5,7,500,23.4
2013,1,5,8,711,24.7
2013,1,5,9,889,25.4
2013,1,5,10,1016,27.2
2013,1,5,11,1085,28.1
2013,1,5,12,1086,28.5
2013,1,5,13,1022,28.5
2013,1,5,14,897,28.2
2013,1,5,15,718,27.6
2013,1,5,16,506,26.7
2013,1,5,17,281,25.4
2013,1,5,18,79,23.9
2013,1,5,19,0,22.9
2013,1,5,20,0,22.2
2013,1,5,21,0,21.7
2013,1,5,22,0,21.3
2013,1,5,23,0,21
2013,1,6,0,0,20.8
2013,1,6,1,0,20.6
2013,1,6,2,0,20.5
2013,1,6,3,0,20.4
2013,1,6,4,0,20.6
2013,1,6,5,72,21.5
2013,1,6,6,268,22.7
2013,1,6,7,488,23.8
2013,1,6,8,697,24.7
2013,1,6,9,872,25.2
2013,1,6,10,1001,26.2
2013,1,6,11,1069,26.6
2013,1,6,12,1069,26.6
2013,1,6,13,1006,26.4
2013,1,6,14,881,26
2013,1,6,15,708,25.4
2013,1,6,16,499,24.6
2013,1,6,17,278,23.6
2013,1,6,18,78,22.7
2013,1,6,19,0,22
2013,1,6,20,0,21.7
2013,1,6,21,0,21.5
2013,1,6,22,0,21.4
2013,1,6,23,0,21.3
2013,1,7,0,0,21.2
2013,1,7,1,0,21
2013,1,7,2,0,20.9
2013,1,7,3,0,20.9
2013,1,7,4,0,21.1
2013,1,7,5,67,21.7
2013,1,7,6,260,22.6
2013,1,7,7,478,23.4
2013,1,7,8,683,24.1
2013,1,7,9,858,24.5
2013,1,7,10,980,25.4
2013,1,7,11,1047,26
2013,1,7,12,1048,26.3
2013,1,7,13,993,26.3
2013,1,7,14,869,26.1
2013,1,7,15,696,25.6
2013,1,7,16,491,25
2013,1,7,17,273,24.2
2013,1,7,18,76,23.4
2013,1,7,19,0,22.8
2013,1,7,20,0,22.5
2013,1,7,21,0,22.3
2013,1,7,22,0,22.1
2013,1,7,23,0,21.9
2013,1,8,0,0,21.7
2013,1,8,1,0,21.5
2013,1,8,2,0,21.3
2013,1,8,3,0,21.2
2013,1,8,4,0,21.4
2013,1,8,5,69,22.4
2013,1,8,6,60,24.2
2013,1,8,7,58,26.7
2013,1,8,8,459,29.4
2013,1,8,9,518,30.7
2013,1,8,10,678,32.8
2013,1,8,11,1037,33.6
2013,1,8,12,1038,34.1
2013,1,8,13,575,34.5
2013,1,8,14,870,34.5
2013,1,8,15,535,34.4
2013,1,8,16,267,33.9
2013,1,8,17,266,32.9
2013,1,8,18,72,31.5
2013,1,8,19,0,30.6
2013,1,8,20,0,30
2013,1,8,21,0,29.4
2013,1,8,22,0,28.8
2013,1,8,23,0,28.3
2013,1,9,0,0,27.7
2013,1,9,1,0,26.9
2013,1,9,2,0,26.1
2013,1,9,3,0,24.7
2013,1,9,4,0,22.8
2013,1,9,5,23,21.6
2013,1,9,6,104,21.3
2013,1,9,7,458,21.6
2013,1,9,8,672,22.2
2013,1,9,9,854,22.4
2013,1,9,10,992,22.1
2013,1,9,11,1057,21.5
2013,1,9,12,1056,21
2013,1,9,13,1006,20.8
2013,1,9,14,878,20.7
2013,1,9,15,703,20.5
2013,1,9,16,498,20.2
2013,1,9,17,276,19.7
2013,1,9,18,76,19.3
2013,1,9,19,0,19.1
2013,1,9,20,0,19.1
2013,1,9,21,0,19.1
2013,1,9,22,0,19.1
2013,1,9,23,0,19.2
2013,1,10,0,0,19.2
2013,1,10,1,0,19.3
2013,1,10,2,0,19.4
2013,1,10,3,0,19.6
2013,1,10,4,0,19.9
2013,1,10,5,60,20.8
2013,1,10,6,249,21.8
2013,1,10,7,38,22.5
2013,1,10,8,121,23
2013,1,10,9,289,23.2
2013,1,10,10,508,23.7
2013,1,10,11,731,23.8
2013,1,10,12,685,23.9
2013,1,10,13,981,23.9
2013,1,10,14,857,23.6
2013,1,10,15,684,23.3
2013,1,10,16,484,22.8
2013,1,10,17,266,22.3
2013,1,10,18,72,21.8
2013,1,10,19,0,21.6
2013,1,10,20,0,21.5
2013,1,10,21,0,21.4
2013,1,10,22,0,21.3
2013,1,10,23,0,21.1
2013,1,11,0,0,20.9
2013,1,11,1,0,20.7
2013,1,11,2,0,20.6
2013,1,11,3,0,20.5
2013,1,11,4,0,20.7
2013,1,11,5,57,21.4
2013,1,11,6,245,22.5
2013,1,11,7,462,23.6
2013,1,11,8,670,24.8
2013,1,11,9,853,25.4
2013,1,11,10,997,27.8
2013,1,11,11,1064,29.1
2013,1,11,12,1064,30
2013,1,11,13,1001,30.5
2013,1,11,14,876,30.6
2013,1,11,15,701,30.1
2013,1,11,16,493,28.9
2013,1,11,17,272,27.3
2013,1,11,18,75,25.8
2013,1,11,19,0,24.9
2013,1,11,20,0,24.5
2013,1,11,21,0,24.3
2013,1,11,22,0,24.1
2013,1,11,23,0,24
2013,1,12,0,0,23.9
2013,1,12,1,0,23.8
2013,1,12,2,0,23.5
2013,1,12,3,0,23.3
2013,1,12,4,0,23.4
2013,1,12,5,61,24.4
2013,1,12,6,87,26
2013,1,12,7,115,28.1
2013,1,12,8,148,31
2013,1,12,9,422,32.5
2013,1,12,10,279,34
2013,1,12,11,594,33.8
2013,1,12,12,734,32.9
2013,1,12,13,766,31.1
2013,1,12,14,647,28.4
2013,1,12,15,208,25.6
2013,1,12,16,376,23.4
2013,1,12,17,163,21.9
2013,1,12,18,44,21.1
2013,1,12,19,0,20.8
2013,1,12,20,0,20.6
2013,1,12,21,0,20.5
2013,1,12,22,0,20.4
2013,1,12,23,0,20.4
2013,1,13,0,0,20.4
2013,1,13,1,0,20.3
2013,1,13,2,0,20.2
2013,1,13,3,0,20.2
2013,1,13,4,0,20.4
2013,1,13,5,42,20.8
2013,1,13,6,184,21.5
2013,1,13,7,434,22.2
2013,1,13,8,636,22.9
2013,1,13,9,225,23.2
2013,1,13,10,385,23.4
2013,1,13,11,116,23.2
2013,1,13,12,326,23.1
2013,1,13,13,203,23
2013,1,13,14,218,22.6
2013,1,13,15,160,22
2013,1,13,16,78,21.3
2013,1,13,17,116,20.8
2013,1,13,18,27,20.3
2013,1,13,19,0,20
2013,1,13,20,0,19.9
2013,1,13,21,0,19.6
2013,1,13,22,0,19.2
2013,1,13,23,0,18.8
2013,1,14,0,0,18.6
2013,1,14,1,0,18.5
2013,1,14,2,0,18.5
2013,1,14,3,0,18.5
2013,1,14,4,0,18.6
2013,1,14,5,20,18.7
2013,1,14,6,102,18.9
2013,1,14,7,92,19.3
2013,1,14,8,695,19.9
2013,1,14,9,883,20.2
2013,1,14,10,1018,20.9
2013,1,14,11,1086,21.2
2013,1,14,12,1084,21.3
2013,1,14,13,1016,21.4
2013,1,14,14,885,21.4
2013,1,14,15,708,21.2
2013,1,14,16,498,20.9
2013,1,14,17,20,20.5
2013,1,14,18,6,20
2013,1,14,19,0,19.6
2013,1,14,20,0,19.4
2013,1,14,21,0,19.3
2013,1,14,22,0,19.1
2013,1,14,23,0,18.9
2013,1,15,0,0,18.8
2013,1,15,1,0,18.7
2013,1,15,2,0,18.6
2013,1,15,3,0,18.5
2013,1,15,4,0,18.7
2013,1,15,5,57,19.4
2013,1,15,6,255,20.3
2013,1,15,7,482,21.2
2013,1,15,8,402,22
2013,1,15,9,875,22.4
2013,1,15,10,998,23.6
2013,1,15,11,1066,24.2
2013,1,15,12,1071,24.5
2013,1,15,13,1013,24.5
2013,1,15,14,887,24.1
2013,1,15,15,714,23.5
2013,1,15,16,504,22.7
2013,1,15,17,281,22
2013,1,15,18,78,21.4
2013,1,15,19,0,21
2013,1,15,20,0,20.9
2013,1,15,21,0,20.7
2013,1,15,22,0,20.4
2013,1,15,23,0,20.1
2013,1,16,0,0,19.8
2013,1,16,1,0,19.5
2013,1,16,2,0,19.2
2013,1,16,3,0,19.1
2013,1,16,4,0,19.2
2013,1,16,5,52,20
2013,1,16,6,244,21.4
2013,1,16,7,465,23
2013,1,16,8,632,24.4
2013,1,16,9,720,25.1
2013,1,16,10,980,26.7
2013,1,16,11,899,27.2
2013,1,16,12,1057,27.3
2013,1,16,13,999,27
2013,1,16,14,877,26.5
2013,1,16,15,608,25.7
2013,1,16,16,332,24.7
2013,1,16,17,130,23.6
2013,1,16,18,73,22.7
2013,1,16,19,0,22.2
2013,1,16,20,0,21.8
2013,1,16,21,0,21.4
2013,1,16,22,0,21.1
2013,1,16,23,0,20.8
2013,1,17,0,0,20.6
2013,1,17,1,0,20.4
2013,1,17,2,0,20.3
2013,1,17,3,0,20.2
2013,1,17,4,0,20.4
2013,1,17,5,46,21
2013,1,17,6,230,22.2
2013,1,17,7,447,23.6
2013,1,17,8,656,24.8
2013,1,17,9,834,25.4
2013,1,17,10,979,27
2013,1,17,11,1047,27.8
2013,1,17,12,1049,28.2
2013,1,17,13,987,28.1
2013,1,17,14,864,27.7
2013,1,17,15,691,27
2013,1,17,16,485,26
2013,1,17,17,264,24.9
2013,1,17,18,69,24
2013,1,17,19,0,23.5
2013,1,17,20,0,23.2
2013,1,17,21,0,23
2013,1,17,22,0,22.8
2013,1,17,23,0,22.7
2013,1,18,0,0,22.6
2013,1,18,1,0,22.4
2013,1,18,2,0,22.3
2013,1,18,3,0,22.2
2013,1,18,4,0,22.2
2013,1,18,5,42,23
2013,1,18,6,222,24.7
2013,1,18,7,438,27.3
2013,1,18,8,645,30.7
2013,1,18,9,822,32.5
2013,1,18,10,945,36
2013,1,18,11,1013,37
2013,1,18,12,1018,37.4
2013,1,18,13,959,37.1
2013,1,18,14,341,36.2
2013,1,18,15,160,35
2013,1,18,16,138,34
2013,1,18,17,159,33.1
2013,1,18,18,41,30.9
2013,1,18,19,0,27
2013,1,18,20,0,23.6
2013,1,18,21,0,21.7
2013,1,18,22,0,21
2013,1,18,23,0,20.6
2013,1,19,0,0,20.4
2013,1,19,1,0,20.4
2013,1,19,2,0,20.5
2013,1,19,3,0,20.6
2013,1,19,4,0,20.7
2013,1,19,5,28,21.3
2013,1,19,6,145,22
2013,1,19,7,349,22.6
2013,1,19,8,519,23.1
2013,1,19,9,582,23.3
2013,1,19,10,586,23.4
2013,1,19,11,640,23.2
2013,1,19,12,500,22.8
2013,1,19,13,209,22.4
2013,1,19,14,248,22
2013,1,19,15,251,21.5
2013,1,19,16,144,20.9
2013,1,19,17,140,20.3
2013,1,19,18,36,19.9
2013,1,19,19,0,19.8
2013,1,19,20,0,19.9
2013,1,19,21,0,20
2013,1,19,22,0,20
2013,1,19,23,0,20
2013,1,20,0,0,20
2013,1,20,1,0,20
2013,1,20,2,0,20
2013,1,20,3,0,20.1
2013,1,20,4,0,20.2
2013,1,20,5,4,20.4
2013,1,20,6,11,20.6
2013,1,20,7,211,21
2013,1,20,8,96,21.4
2013,1,20,9,67,21.6
2013,1,20,10,242,22.4
2013,1,20,11,196,23
2013,1,20,12,230,23.4
2013,1,20,13,405,23.5
2013,1,20,14,251,23.4
2013,1,20,15,157,23.1
2013,1,20,16,243,22.7
2013,1,20,17,130,22.2
2013,1,20,18,62,21.8
2013,1,20,19,0,21.5
2013,1,20,20,0,21.4
2013,1,20,21,0,21.2
2013,1,20,22,0,21.1
2013,1,20,23,0,20.9
2013,1,21,0,0,20.7
2013,1,21,1,0,20.6
2013,1,21,2,0,20.7
2013,1,21,3,0,20.7
2013,1,21,4,0,21
2013,1,21,5,10,21.8
2013,1,21,6,209,22.8
2013,1,21,7,140,23.6
2013,1,21,8,628,24.2
2013,1,21,9,808,24.6
2013,1,21,10,947,25.3
2013,1,21,11,1020,25.6
2013,1,21,12,1030,25.7
2013,1,21,13,988,25.6
2013,1,21,14,869,25.4
2013,1,21,15,699,24.9
2013,1,21,16,492,24.3
2013,1,21,17,270,23.6
2013,1,21,18,71,23
2013,1,21,19,0,22.5
2013,1,21,20,0,22.3
2013,1,21,21,0,22
2013,1,21,22,0,21.7
2013,1,21,23,0,21.4
2013,1,22,0,0,21.2
2013,1,22,1,0,21
2013,1,22,2,0,20.9
2013,1,22,3,0,20.8
2013,1,22,4,0,21
2013,1,22,5,37,21.8
2013,1,22,6,216,23.1
2013,1,22,7,433,24.7
2013,1,22,8,641,26.1
2013,1,22,9,814,26.8
2013,1,22,10,939,28
2013,1,22,11,1009,28.2
2013,1,22,12,833,28.1
2013,1,22,13,206,27.8
2013,1,22,14,357,27.6
2013,1,22,15,236,27.2
2013,1,22,16,123,26.4
2013,1,22,17,146,25.5
2013,1,22,18,37,24.7
2013,1,22,19,0,24.1
2013,1,22,20,0,23.7
2013,1,22,21,0,23.4
2013,1,22,22,0,23
2013,1,22,23,0,22.8
2013,1,23,0,0,22.6
2013,1,23,1,0,22.4
2013,1,23,2,0,22
2013,1,23,3,0,21.5
2013,1,23,4,0,21.1
2013,1,23,5,20,21.1
2013,1,23,6,14,21.4
2013,1,23,7,408,21.8
2013,1,23,8,617,22.3
2013,1,23,9,796,22.6
2013,1,23,10,921,23.2
2013,1,23,11,997,23.5
2013,1,23,12,1007,23.6
2013,1,23,13,970,23.5
2013,1,23,14,847,23.2
2013,1,23,15,675,22.7
2013,1,23,16,467,22.3
2013,1,23,17,132,21.8
2013,1,23,18,34,21.4
2013,1,23,19,0,21.3
2013,1,23,20,0,21.3
2013,1,23,21,0,21.2
2013,1,23,22,0,21.2
2013,1,23,23,0,21.1
2013,1,24,0,0,21.1
2013,1,24,1,0,21
2013,1,24,2,0,20.9
2013,1,24,3,0,20.8
2013,1,24,4,0,21
2013,1,24,5,30,21.5
2013,1,24,6,204,22.3
2013,1,24,7,418,23.1
2013,1,24,8,626,23.9
2013,1,24,9,806,24.3
2013,1,24,10,942,25.4
2013,1,24,11,1015,25.8
2013,1,24,12,1023,26.1
2013,1,24,13,980,26.2
2013,1,24,14,864,26.1
2013,1,24,15,696,25.8
2013,1,24,16,491,25.2
2013,1,24,17,271,24.5
2013,1,24,18,70,23.7
2013,1,24,19,0,23.3
2013,1,24,20,0,23.1
2013,1,24,21,0,23
2013,1,24,22,0,22.9
2013,1,24,23,0,22.8
2013,1,25,0,0,22.7
2013,1,25,1,0,22.4
2013,1,25,2,0,22.2
2013,1,25,3,0,22.1
2013,1,25,4,0,22.2
2013,1,25,5,34,23
2013,1,25,6,219,24.2
2013,1,25,7,438,25.2
2013,1,25,8,647,26
2013,1,25,9,826,26.4
2013,1,25,10,954,27.4
2013,1,25,11,1025,27.8
2013,1,25,12,1033,27.9
2013,1,25,13,979,27.8
2013,1,25,14,859,27.4
2013,1,25,15,690,26.9
2013,1,25,16,484,26.3
2013,1,25,17,263,25.5
2013,1,25,18,64,24.7
2013,1,25,19,0,24.3
2013,1,25,20,0,24.1
2013,1,25,21,0,24
2013,1,25,22,0,23.9
2013,1,25,23,0,23.8
2013,1,26,0,0,23.8
2013,1,26,1,0,23.7
2013,1,26,2,0,23.6
2013,1,26,3,0,23.5
2013,1,26,4,0,23.5
2013,1,26,5,28,24
2013,1,26,6,134,24.8
2013,1,26,7,345,25.7
2013,1,26,8,437,26.5
2013,1,26,9,458,26.9
2013,1,26,10,504,27.6
2013,1,26,11,767,27.7
2013,1,26,12,848,27.5
2013,1,26,13,701,27.2
2013,1,26,14,536,26.7
2013,1,26,15,657,26.2
2013,1,26,16,459,25.6
2013,1,26,17,241,25
2013,1,26,18,55,24.5
2013,1,26,19,0,24.2
2013,1,26,20,0,24.2
2013,1,26,21,0,24.2
2013,1,26,22,0,24.2
2013,1,26,23,0,24.2
2013,1,27,0,0,23.9
2013,1,27,1,0,23.4
2013,1,27,2,0,22.9
2013,1,27,3,0,22.7
2013,1,27,4,0,22.7
2013,1,27,5,9,22.8
2013,1,27,6,43,23
2013,1,27,7,27,23.3
2013,1,27,8,71,23.6
2013,1,27,9,50,23.7
2013,1,27,10,169,24.2
2013,1,27,11,78,24.3
2013,1,27,12,111,24.3
2013,1,27,13,122,24.2
2013,1,27,14,135,23.9
2013,1,27,15,144,23.6
2013,1,27,16,147,23.2
2013,1,27,17,21,22.8
2013,1,27,18,8,22.4
2013,1,27,19,0,22.4
2013,1,27,20,0,22.5
2013,1,27,21,0,22.6
2013,1,27,22,0,22.6
2013,1,27,23,0,22.6
2013,1,28,0,0,22.4
2013,1,28,1,0,22.2
2013,1,28,2,0,22.1
2013,1,28,3,0,22
2013,1,28,4,0,22
2013,1,28,5,3,22.2
2013,1,28,6,8,22.5
2013,1,28,7,15,22.8
2013,1,28,8,45,23.1
2013,1,28,9,46,23.2
2013,1,28,10,77,23.1
2013,1,28,11,112,22.8
2013,1,28,12,96,22.6
2013,1,28,13,65,22.4
2013,1,28,14,65,22.3
2013,1,28,15,105,22.2
2013,1,28,16,21,22.1
2013,1,28,17,125,21.9
2013,1,28,18,30,21.8
2013,1,28,19,0,21.7
2013,1,28,20,0,21.7
2013,1,28,21,0,21.7
2013,1,28,22,0,21.8
2013,1,28,23,0,21.9
2013,1,29,0,0,21.9
2013,1,29,1,0,21.8
2013,1,29,2,0,21.8
2013,1,29,3,0,21.9
2013,1,29,4,0,22.1
2013,1,29,5,8,22.4
2013,1,29,6,94,22.8
2013,1,29,7,235,23.3
2013,1,29,8,340,23.9
2013,1,29,9,516,24.3
2013,1,29,10,159,25.1
2013,1,29,11,995,25.5
2013,1,29,12,1011,25.5
2013,1,29,13,952,24.8
2013,1,29,14,687,23.7
2013,1,29,15,672,22.9
2013,1,29,16,470,22.2
2013,1,29,17,252,21.5
2013,1,29,18,58,21
2013,1,29,19,0,20.7
2013,1,29,20,0,20.7
2013,1,29,21,0,20.7
2013,1,29,22,0,20.8
2013,1,29,23,0,20.8
2013,1,30,0,0,20.8
2013,1,30,1,0,20.7
2013,1,30,2,0,20.6
2013,1,30,3,0,20.5
2013,1,30,4,0,20.5
2013,1,30,5,18,20.7
2013,1,30,6,184,21.1
2013,1,30,7,400,21.5
2013,1,30,8,613,22
2013,1,30,9,799,22.2
2013,1,30,10,928,22.8
2013,1,30,11,1001,23.1
2013,1,30,12,1009,23.2
2013,1,30,13,954,23.3
2013,1,30,14,837,23.3
2013,1,30,15,668,23.2
2013,1,30,16,460,23
2013,1,30,17,241,22.6
2013,1,30,18,53,22.1
2013,1,30,19,0,21.9
2013,1,30,20,0,21.9
2013,1,30,21,0,21.8
2013,1,30,22,0,21.7
2013,1,30,23,0,21.6
2013,1,31,0,0,21.4
2013,1,31,1,0,21.2
2013,1,31,2,0,21.1
2013,1,31,3,0,20.9
2013,1,31,4,0,20.9
2013,1,31,5,20,21.4
2013,1,31,6,190,22.4
2013,1,31,7,411,23.4
2013,1,31,8,627,24.1
2013,1,31,9,811,24.4
2013,1,31,10,947,25.3
2013,1,31,11,1019,25.8
2013,1,31,12,1024,26.1
2013,1,31,13,974,26.2
2013,1,31,14,852,25.9
2013,1,31,15,682,25.4
2013,1,31,16,477,24.8
2013,1,31,17,256,24
2013,1,31,18,58,23.2
2013,1,31,19,0,22.9
2013,1,31,20,0,22.8
2013,1,31,21,0,22.8
2013,1,31,22,0,22.7
2013,1,31,23,0,22.5
2013,2,1,0,0,22.4
2013,2,1,1,0,22.2
2013,2,1,2,0,22.1
2013,2,1,3,0,21.9
2013,2,1,4,0,21.9
2013,2,1,5,16,22.3
2013,2,1,6,87,23
2013,2,1,7,284,23.6
2013,2,1,8,593,23.7
2013,2,1,9,753,23.6
2013,2,1,10,600,22
2013,2,1,11,138,21.1
2013,2,1,12,402,20.5
2013,2,1,13,110,20.2
2013,2,1,14,52,19.9
2013,2,1,15,82,19.5
2013,2,1,16,48,19.3
2013,2,1,17,73,19.1
2013,2,1,18,18,18.9
2013,2,1,19,0,18.8
2013,2,1,20,0,18.5
2013,2,1,21,0,18.3
2013,2,1,22,0,18.1
2013,2,1,23,0,17.9
2013,2,2,0,0,17.8
2013,2,2,1,0,17.6
2013,2,2,2,0,17.3
2013,2,2,3,0,17.1
2013,2,2,4,0,16.9
2013,2,2,5,2,17
2013,2,2,6,7,17.4
2013,2,2,7,16,18
2013,2,2,8,29,18.7
2013,2,2,9,104,19
2013,2,2,10,150,19.4
2013,2,2,11,278,19.2
2013,2,2,12,595,19.1
2013,2,2,13,955,19.1
2013,2,2,14,383,19.1
2013,2,2,15,498,18.9
2013,2,2,16,166,18.7
2013,2,2,17,200,18.3
2013,2,2,18,41,18
2013,2,2,19,0,17.8
2013,2,2,20,0,17.7
2013,2,2,21,0,17.6
2013,2,2,22,0,17.4
2013,2,2,23,0,17.4
2013,2,3,0,0,17.3
2013,2,3,1,0,17.1
2013,2,3,2,0,17
2013,2,3,3,0,17
2013,2,3,4,0,17.1
2013,2,3,5,4,17.5
2013,2,3,6,46,18.2
2013,2,3,7,118,18.9
2013,2,3,8,240,19.6
2013,2,3,9,551,19.8
2013,2,3,10,949,20.4
2013,2,3,11,214,20.7
2013,2,3,12,363,20.9
2013,2,3,13,812,21
2013,2,3,14,864,21
2013,2,3,15,689,20.8
2013,2,3,16,152,20.6
2013,2,3,17,138,20.1
2013,2,3,18,25,19.6
2013,2,3,19,0,19.4
2013,2,3,20,0,19.3
2013,2,3,21,0,19.2
2013,2,3,22,0,19.1
2013,2,3,23,0,19.1
2013,2,4,0,0,19
2013,2,4,1,0,18.9
2013,2,4,2,0,18.8
2013,2,4,3,0,18.7
2013,2,4,4,0,18.8
2013,2,4,5,16,19.4
2013,2,4,6,189,20.2
2013,2,4,7,411,20.8
2013,2,4,8,339,21.3
2013,2,4,9,810,21.5
2013,2,4,10,941,22
2013,2,4,11,1018,22.2
2013,2,4,12,1032,22.2
2013,2,4,13,973,22.1
2013,2,4,14,853,21.9
2013,2,4,15,683,21.7
2013,2,4,16,468,21.5
2013,2,4,17,247,21
2013,2,4,18,51,20.4
2013,2,4,19,0,20.1
2013,2,4,20,0,20
2013,2,4,21,0,19.9
2013,2,4,22,0,19.8
2013,2,4,23,0,19.7
2013,2,5,0,0,19.7
2013,2,5,1,0,19.5
2013,2,5,2,0,19.4
2013,2,5,3,0,19.4
2013,2,5,4,0,19.4
2013,2,5,5,4,20
2013,2,5,6,62,20.7
2013,2,5,7,161,21.3
2013,2,5,8,436,22
2013,2,5,9,480,22.3
2013,2,5,10,945,22.9
2013,2,5,11,1022,23.2
2013,2,5,12,1032,23.3
2013,2,5,13,972,23.2
2013,2,5,14,855,23
2013,2,5,15,683,22.7
2013,2,5,16,474,22.3
2013,2,5,17,249,21.8
2013,2,5,18,51,21.1
2013,2,5,19,0,20.7
2013,2,5,20,0,20.4
2013,2,5,21,0,20.1
2013,2,5,22,0,20
2013,2,5,23,0,19.8
2013,2,6,0,0,19.8
2013,2,6,1,0,19.7
2013,2,6,2,0,19.6
2013,2,6,3,0,19.5
2013,2,6,4,0,19.5
2013,2,6,5,13,20
2013,2,6,6,182,21
2013,2,6,7,319,21.9
2013,2,6,8,624,22.6
2013,2,6,9,811,22.9
2013,2,6,10,949,23.5
2013,2,6,11,1027,23.7
2013,2,6,12,1037,23.8
2013,2,6,13,981,23.8
2013,2,6,14,860,23.6
2013,2,6,15,688,23.3
2013,2,6,16,476,22.9
2013,2,6,17,249,22.2
2013,2,6,18,50,21.4
2013,2,6,19,0,20.9
2013,2,6,20,0,20.5
2013,2,6,21,0,20.3
2013,2,6,22,0,20
2013,2,6,23,0,19.8
2013,2,7,0,0,19.6
2013,2,7,1,0,19.4
2013,2,7,2,0,19.2
2013,2,7,3,0,19
2013,2,7,4,0,18.9
2013,2,7,5,12,19.5
2013,2,7,6,178,20.7
2013,2,7,7,402,21.9
2013,2,7,8,619,23
2013,2,7,9,806,23.5
2013,2,7,10,942,24.4
2013,2,7,11,1019,24.7
2013,2,7,12,1032,24.9
2013,2,7,13,977,25
2013,2,7,14,858,24.8
2013,2,7,15,683,24.5
2013,2,7,16,471,24
2013,2,7,17,244,23.2
2013,2,7,18,47,22.3
2013,2,7,19,0,21.9
2013,2,7,20,0,21.6
2013,2,7,21,0,21.3
2013,2,7,22,0,21
2013,2,7,23,0,20.6
2013,2,8,0,0,20.2
2013,2,8,1,0,19.9
2013,2,8,2,0,19.7
2013,2,8,3,0,19.5
2013,2,8,4,0,19.4
2013,2,8,5,0,20.1
2013,2,8,6,177,21.3
2013,2,8,7,400,22.6
2013,2,8,8,616,23.8
2013,2,8,9,802,24.3
2013,2,8,10,934,25.4
2013,2,8,11,1010,25.9
2013,2,8,12,1017,26.2
2013,2,8,13,962,26.3
2013,2,8,14,842,26.2
2013,2,8,15,669,25.9
2013,2,8,16,458,25.3
2013,2,8,17,235,24.4
2013,2,8,18,43,23.5
2013,2,8,19,0,23
2013,2,8,20,0,22.6
2013,2,8,21,0,22.2
2013,2,8,22,0,21.9
2013,2,8,23,0,21.5
2013,2,9,0,0,21.2
2013,2,9,1,0,20.9
2013,2,9,2,0,20.8
2013,2,9,3,0,20.7
2013,2,9,4,0,20.8
2013,2,9,5,0,21.3
2013,2,9,6,102,22.4
2013,2,9,7,386,23.5
2013,2,9,8,602,24.5
2013,2,9,9,787,24.9
2013,2,9,10,699,25.8
2013,2,9,11,770,26.3
2013,2,9,12,809,26.5
2013,2,9,13,690,26.6
2013,2,9,14,576,26.4
2013,2,9,15,330,26
2013,2,9,16,265,25.4
2013,2,9,17,186,24.5
2013,2,9,18,33,23.8
2013,2,9,19,0,23.3
2013,2,9,20,0,23
2013,2,9,21,0,22.7
2013,2,9,22,0,22.3
2013,2,9,23,0,22
2013,2,10,0,0,21.9
2013,2,10,1,0,22
2013,2,10,2,0,22
2013,2,10,3,0,21.9
2013,2,10,4,0,21.8
2013,2,10,5,0,22.1
2013,2,10,6,123,23
2013,2,10,7,369,24.1
2013,2,10,8,581,25.3
2013,2,10,9,763,25.9
2013,2,10,10,901,26.1
2013,2,10,11,971,25.8
2013,2,10,12,975,25.2
2013,2,10,13,772,24.4
2013,2,10,14,141,23.5
2013,2,10,15,322,22.7
2013,2,10,16,354,21.9
2013,2,10,17,56,21.2
2013,2,10,18,12,20.8
2013,2,10,19,0,20.7
2013,2,10,20,0,20.7
2013,2,10,21,0,20.7
2013,2,10,22,0,20.7
2013,2,10,23,0,20.7
2013,2,11,0,0,20.5
2013,2,11,1,0,20.3
2013,2,11,2,0,20.1
2013,2,11,3,0,20
2013,2,11,4,0,19.9
2013,2,11,5,0,20
2013,2,11,6,144,20.5
2013,2,11,7,352,21
2013,2,11,8,561,21.5
2013,2,11,9,741,21.6
2013,2,11,10,122,21.8
2013,2,11,11,208,21.8
2013,2,11,12,407,21.8
2013,2,11,13,248,21.7
2013,2,11,14,176,21.5
2013,2,11,15,230,21.3
2013,2,11,16,411,21.1
2013,2,11,17,202,20.8
2013,2,11,18,28,20.5
2013,2,11,19,0,20.5
2013,2,11,20,0,20.5
2013,2,11,21,0,20.5
2013,2,11,22,0,20.5
2013,2,11,23,0,20.5
2013,2,12,0,0,20.4
2013,2,12,1,0,20.3
2013,2,12,2,0,20.2
2013,2,12,3,0,20.1
2013,2,12,4,0,20.1
2013,2,12,5,0,20.3
2013,2,12,6,98,20.7
2013,2,12,7,259,21.1
2013,2,12,8,67,21.5
2013,2,12,9,65,21.7
2013,2,12,10,897,22
2013,2,12,11,976,22.1
2013,2,12,12,345,22.1
2013,2,12,13,181,22.1
2013,2,12,14,223,22.1
2013,2,12,15,218,21.9
2013,2,12,16,199,21.6
2013,2,12,17,155,21.1
2013,2,12,18,33,20.6
2013,2,12,19,0,20.4
2013,2,12,20,0,20.2
2013,2,12,21,0,20.1
2013,2,12,22,0,20.1
2013,2,12,23,0,20
2013,2,13,0,0,20
2013,2,13,1,0,19.9
2013,2,13,2,0,19.9
2013,2,13,3,0,19.9
2013,2,13,4,0,20
2013,2,13,5,0,20.4
2013,2,13,6,106,21.1
2013,2,13,7,382,21.7
2013,2,13,8,600,22.1
2013,2,13,9,787,22.4
2013,2,13,10,764,22.7
2013,2,13,11,668,22.7
2013,2,13,12,1003,22.7
2013,2,13,13,947,22.7
2013,2,13,14,829,22.6
2013,2,13,15,658,22.4
2013,2,13,16,446,22
2013,2,13,17,112,21.4
2013,2,13,18,34,20.6
2013,2,13,19,0,20.3
2013,2,13,20,0,20.2
2013,2,13,21,0,20.2
2013,2,13,22,0,20.1
2013,2,13,23,0,20.1
2013,2,14,0,0,20
2013,2,14,1,0,20
2013,2,14,2,0,20
2013,2,14,3,0,20
2013,2,14,4,0,20
2013,2,14,5,0,20.3
2013,2,14,6,159,21.1
2013,2,14,7,382,21.9
2013,2,14,8,601,22.5
2013,2,14,9,786,22.8
2013,2,14,10,924,23.6
2013,2,14,11,1004,24.1
2013,2,14,12,1015,24.3
2013,2,14,13,957,24.3
2013,2,14,14,836,24.1
2013,2,14,15,662,23.9
2013,2,14,16,451,23.4
2013,2,14,17,225,22.6
2013,2,14,18,33,21.8
2013,2,14,19,0,21.4
2013,2,14,20,0,21.2
2013,2,14,21,0,21.1
2013,2,14,22,0,21
2013,2,14,23,0,21
2013,2,15,0,0,20.9
2013,2,15,1,0,20.9
2013,2,15,2,0,20.8
2013,2,15,3,0,20.7
2013,2,15,4,0,20.6
2013,2,15,5,0,21
2013,2,15,6,12,21.7
2013,2,15,7,373,22.2
2013,2,15,8,57,22.8
2013,2,15,9,79,23.2
2013,2,15,10,525,23.8
2013,2,15,11,964,24
2013,2,15,12,978,24.1
2013,2,15,13,934,24.1
2013,2,15,14,815,24
2013,2,15,15,645,23.7
2013,2,15,16,437,23.2
2013,2,15,17,216,22.6
2013,2,15,18,30,22.1
2013,2,15,19,0,21.8
2013,2,15,20,0,21.7
2013,2,15,21,0,21.6
2013,2,15,22,0,21.4
2013,2,15,23,0,21.3
2013,2,16,0,0,21.1
2013,2,16,1,0,20.8
2013,2,16,2,0,20.6
2013,2,16,3,0,20.4
2013,2,16,4,0,20.4
2013,2,16,5,0,21
2013,2,16,6,57,21.7
2013,2,16,7,374,22.3
2013,2,16,8,404,22.8
2013,2,16,9,546,23.1
2013,2,16,10,672,23.7
2013,2,16,11,807,24
2013,2,16,12,900,24.2
2013,2,16,13,687,24.1
2013,2,16,14,821,23.8
2013,2,16,15,566,23.4
2013,2,16,16,192,22.9
2013,2,16,17,81,22.2
2013,2,16,18,28,21.5
2013,2,16,19,0,21.2
2013,2,16,20,0,21.1
2013,2,16,21,0,20.9
2013,2,16,22,0,20.9
2013,2,16,23,0,20.8
2013,2,17,0,0,20.8
2013,2,17,1,0,20.8
2013,2,17,2,0,20.7
2013,2,17,3,0,20.7
2013,2,17,4,0,20.7
2013,2,17,5,0,20.8
2013,2,17,6,151,21.1
2013,2,17,7,372,21.6
2013,2,17,8,206,22.2
2013,2,17,9,779,22.6
2013,2,17,10,893,23.6
2013,2,17,11,973,24
2013,2,17,12,989,24.2
2013,2,17,13,947,24.1
2013,2,17,14,828,23.9
2013,2,17,15,655,23.5
2013,2,17,16,443,22.9
2013,2,17,17,217,22.1
2013,2,17,18,27,21.3
2013,2,17,19,0,21
2013,2,17,20,0,20.8
2013,2,17,21,0,20.7
2013,2,17,22,0,20.6
2013,2,17,23,0,20.7
2013,2,18,0,0,20.8
2013,2,18,1,0,20.8
2013,2,18,2,0,20.8
2013,2,18,3,0,20.8
2013,2,18,4,0,20.9
2013,2,18,5,0,21.2
2013,2,18,6,69,21.9
2013,2,18,7,179,22.6
2013,2,18,8,585,23.2
2013,2,18,9,774,23.4
2013,2,18,10,917,24.1
2013,2,18,11,993,24.4
2013,2,18,12,1003,24.5
2013,2,18,13,941,24.5
2013,2,18,14,540,24.3
2013,2,18,15,389,23.9
2013,2,18,16,426,23.4
2013,2,18,17,201,22.8
2013,2,18,18,22,22.3
2013,2,18,19,0,22.1
2013,2,18,20,0,22
2013,2,18,21,0,21.9
2013,2,18,22,0,21.8
2013,2,18,23,0,21.6
2013,2,19,0,0,21.4
2013,2,19,1,0,21.1
2013,2,19,2,0,20.9
2013,2,19,3,0,20.7
2013,2,19,4,0,20.6
2013,2,19,5,0,21
2013,2,19,6,138,22
2013,2,19,7,355,23.2
2013,2,19,8,441,24.2
2013,2,19,9,756,24.6
2013,2,19,10,895,25.5
2013,2,19,11,974,25.8
2013,2,19,12,986,26
2013,2,19,13,932,26
2013,2,19,14,813,25.9
2013,2,19,15,641,25.6
2013,2,19,16,429,25.1
2013,2,19,17,204,24.3
2013,2,19,18,21,23.4
2013,2,19,19,0,22.9
2013,2,19,20,0,22.6
2013,2,19,21,0,22.4
2013,2,19,22,0,22.3
2013,2,19,23,0,22.3
2013,2,20,0,0,22.4
2013,2,20,1,0,22.4
2013,2,20,2,0,22.3
2013,2,20,3,0,22.2
2013,2,20,4,0,22
2013,2,20,5,0,22.3
2013,2,20,6,134,23.1
2013,2,20,7,351,23.8
2013,2,20,8,567,24.4
2013,2,20,9,754,24.7
2013,2,20,10,890,25.1
2013,2,20,11,967,25.3
2013,2,20,12,327,25.4
2013,2,20,13,920,25.3
2013,2,20,14,799,25.1
2013,2,20,15,626,24.8
2013,2,20,16,415,24.3
2013,2,20,17,193,23.6
2013,2,20,18,18,23.1
2013,2,20,19,0,22.8
2013,2,20,20,0,22.7
2013,2,20,21,0,22.6
2013,2,20,22,0,22.5
2013,2,20,23,0,22.3
2013,2,21,0,0,22.2
2013,2,21,1,0,22.1
2013,2,21,2,0,22.1
2013,2,21,3,0,22
2013,2,21,4,0,22
2013,2,21,5,0,22.3
2013,2,21,6,135,22.9
2013,2,21,7,353,23.4
2013,2,21,8,567,24.1
2013,2,21,9,752,24.4
2013,2,21,10,886,25
2013,2,21,11,959,25.3
2013,2,21,12,968,25.4
2013,2,21,13,912,25.3
2013,2,21,14,791,25.1
2013,2,21,15,617,24.8
2013,2,21,16,408,24.2
2013,2,21,17,106,23.5
2013,2,21,18,16,23
2013,2,21,19,0,22.7
2013,2,21,20,0,22.6
2013,2,21,21,0,22.5
2013,2,21,22,0,22.4
2013,2,21,23,0,22.3
2013,2,22,0,0,22.1
2013,2,22,1,0,22
2013,2,22,2,0,22
2013,2,22,3,0,22
2013,2,22,4,0,22.1
2013,2,22,5,0,22.5
2013,2,22,6,114,23
2013,2,22,7,307,23.5
2013,2,22,8,379,23.8
2013,2,22,9,382,24
2013,2,22,10,562,24.2
2013,2,22,11,725,24.1
2013,2,22,12,680,24
2013,2,22,13,702,23.8
2013,2,22,14,584,23.5
2013,2,22,15,365,23.1
2013,2,22,16,255,22.7
2013,2,22,17,105,22.4
2013,2,22,18,8,22.3
2013,2,22,19,0,22.3
2013,2,22,20,0,22.2
2013,2,22,21,0,21.9
2013,2,22,22,0,21.3
2013,2,22,23,0,20.8
2013,2,23,0,0,20.5
2013,2,23,1,0,20.5
2013,2,23,2,0,20.7
2013,2,23,3,0,20.9
2013,2,23,4,0,21.1
2013,2,23,5,0,21.4
2013,2,23,6,6,21.7
2013,2,23,7,14,22
2013,2,23,8,53,22.3
2013,2,23,9,61,22.3
2013,2,23,10,207,22.6
2013,2,23,11,291,23
2013,2,23,12,389,23.3
2013,2,23,13,404,23.6
2013,2,23,14,210,23.7
2013,2,23,15,161,23.6
2013,2,23,16,202,23.5
2013,2,23,17,81,23.4
2013,2,23,18,4,23.5
2013,2,23,19,0,23.6
2013,2,23,20,0,23.7
2013,2,23,21,0,23.8
2013,2,23,22,0,23.8
2013,2,23,23,0,23.7
2013,2,24,0,0,23.7
2013,2,24,1,0,23.7
2013,2,24,2,0,23.8
2013,2,24,3,0,23.7
2013,2,24,4,0,23.6
2013,2,24,5,0,23.6
2013,2,24,6,19,23.9
2013,2,24,7,60,24.4
2013,2,24,8,406,25
2013,2,24,9,464,25.2
2013,2,24,10,853,26
2013,2,24,11,923,26.3
2013,2,24,12,927,26.4
2013,2,24,13,436,26.3
2013,2,24,14,555,26
2013,2,24,15,519,25.5
2013,2,24,16,274,24.9
2013,2,24,17,146,24.4
2013,2,24,18,7,24.1
2013,2,24,19,0,24
2013,2,24,20,0,23.8
2013,2,24,21,0,23.7
2013,2,24,22,0,23.6
2013,2,24,23,0,23.4
2013,2,25,0,0,23.3
2013,2,25,1,0,23.1
2013,2,25,2,0,23
2013,2,25,3,0,22.9
2013,2,25,4,0,22.9
2013,2,25,5,0,23.2
2013,2,25,6,114,23.8
2013,2,25,7,322,24.6
2013,2,25,8,532,25.3
2013,2,25,9,714,25.6
2013,2,25,10,636,26.2
2013,2,25,11,917,26.4
2013,2,25,12,819,26.5
2013,2,25,13,681,26.4
2013,2,25,14,535,26
2013,2,25,15,400,25.5
2013,2,25,16,232,24.9
2013,2,25,17,93,24.2
2013,2,25,18,0,23.8
2013,2,25,19,0,23.6
2013,2,25,20,0,23.4
2013,2,25,21,0,23.2
2013,2,25,22,0,23
2013,2,25,23,0,22.9
2013,2,26,0,0,22.7
2013,2,26,1,0,22.6
2013,2,26,2,0,22.4
2013,2,26,3,0,22.3
2013,2,26,4,0,22.2
2013,2,26,5,0,22.4
2013,2,26,6,111,23
2013,2,26,7,322,23.7
2013,2,26,8,535,24.3
2013,2,26,9,718,24.6
2013,2,26,10,844,25.1
2013,2,26,11,918,25.3
2013,2,26,12,924,25.4
2013,2,26,13,871,25.3
2013,2,26,14,590,25
2013,2,26,15,358,24.6
2013,2,26,16,323,24.2
2013,2,26,17,136,23.7
2013,2,26,18,0,23.4
2013,2,26,19,0,23.2
2013,2,26,20,0,23.1
2013,2,26,21,0,22.9
2013,2,26,22,0,22.7
2013,2,26,23,0,22.5
2013,2,27,0,0,22.4
2013,2,27,1,0,22.2
2013,2,27,2,0,22.1
2013,2,27,3,0,22.1
2013,2,27,4,0,22.1
2013,2,27,5,0,22.3
2013,2,27,6,72,22.6
2013,2,27,7,220,23
2013,2,27,8,447,23.4
2013,2,27,9,711,23.6
2013,2,27,10,849,24.4
2013,2,27,11,927,25
2013,2,27,12,937,25.5
2013,2,27,13,878,25.6
2013,2,27,14,758,25.6
2013,2,27,15,557,25.3
2013,2,27,16,308,24.8
2013,2,27,17,131,24.2
2013,2,27,18,0,23.7
2013,2,27,19,0,23.4
2013,2,27,20,0,23.1
2013,2,27,21,0,22.8
2013,2,27,22,0,22.5
2013,2,27,23,0,22.2
2013,2,28,0,0,22
2013,2,28,1,0,21.9
2013,2,28,2,0,21.8
2013,2,28,3,0,21.7
2013,2,28,4,0,21.7
2013,2,28,5,0,21.9
2013,2,28,6,36,22.4
2013,2,28,7,113,23.4
2013,2,28,8,367,24.6
2013,2,28,9,389,25.1
2013,2,28,10,509,25.7
2013,2,28,11,190,26
2013,2,28,12,66,25.8
2013,2,28,13,240,24.7
2013,2,28,14,357,23.2
2013,2,28,15,51,22.1
2013,2,28,16,108,21.2
2013,2,28,17,41,20.3
2013,2,28,18,0,19.5
2013,2,28,19,0,19.2
2013,2,28,20,0,19.2
2013,2,28,21,0,19.3
2013,2,28,22,0,19.4
2013,2,28,23,0,19.5
2013,3,1,0,0,19.7
2013,3,1,1,0,20
2013,3,1,2,0,20.2
2013,3,1,3,0,20.2
2013,3,1,4,0,20.1
2013,3,1,5,0,20
2013,3,1,6,8,19.9
2013,3,1,7,18,19.9
2013,3,1,8,22,20
2013,3,1,9,148,20.2
2013,3,1,10,96,20.4
2013,3,1,11,121,20.5
2013,3,1,12,137,20.4
2013,3,1,13,145,20.3
2013,3,1,14,125,20.2
2013,3,1,15,184,20.1
2013,3,1,16,120,20
2013,3,1,17,45,19.9
2013,3,1,18,0,19.8
2013,3,1,19,0,19.9
2013,3,1,20,0,19.9
2013,3,1,21,0,20
2013,3,1,22,0,20
2013,3,1,23,0,20.1
2013,3,2,0,0,20.1
2013,3,2,1,0,20
2013,3,2,2,0,19.9
2013,3,2,3,0,19.9
2013,3,2,4,0,19.9
2013,3,2,5,0,20
2013,3,2,6,6,20.1
2013,3,2,7,14,20.4
2013,3,2,8,111,20.7
2013,3,2,9,291,20.8
2013,3,2,10,257,21.1
2013,3,2,11,496,21
2013,3,2,12,245,20.8
2013,3,2,13,627,20.7
2013,3,2,14,503,20.7
2013,3,2,15,376,20.7
2013,3,2,16,117,20.5
2013,3,2,17,44,20.5
2013,3,2,18,0,20.5
2013,3,2,19,0,20.6
2013,3,2,20,0,20.7
2013,3,2,21,0,20.7
2013,3,2,22,0,20.6
2013,3,2,23,0,20.5
2013,3,3,0,0,20.5
2013,3,3,1,0,20.6
2013,3,3,2,0,20.6
2013,3,3,3,0,20.6
2013,3,3,4,0,20.7
2013,3,3,5,0,20.9
2013,3,3,6,17,21.3
2013,3,3,7,58,21.6
2013,3,3,8,402,22
2013,3,3,9,525,22.3
2013,3,3,10,678,22.7
2013,3,3,11,761,22.9
2013,3,3,12,927,23
2013,3,3,13,869,23
2013,3,3,14,748,22.9
2013,3,3,15,575,22.7
2013,3,3,16,365,22.2
2013,3,3,17,148,21.7
2013,3,3,18,0,21.4
2013,3,3,19,0,21.3
2013,3,3,20,0,21.3
2013,3,3,21,0,21.3
2013,3,3,22,0,21.3
2013,3,3,23,0,21.1
2013,3,4,0,0,21
2013,3,4,1,0,20.8
2013,3,4,2,0,20.7
2013,3,4,3,0,20.7
2013,3,4,4,0,20.7
2013,3,4,5,0,20.9
2013,3,4,6,106,21.5
2013,3,4,7,324,22
2013,3,4,8,541,22.5
2013,3,4,9,729,22.7
2013,3,4,10,870,23.3
2013,3,4,11,945,23.5
2013,3,4,12,953,23.6
2013,3,4,13,891,23.5
2013,3,4,14,766,23.2
2013,3,4,15,589,22.9
2013,3,4,16,376,22.6
2013,3,4,17,75,22
2013,3,4,18,0,21.6
2013,3,4,19,0,21.4
2013,3,4,20,0,21.3
2013,3,4,21,0,21.2
2013,3,4,22,0,21.2
2013,3,4,23,0,21.2
2013,3,5,0,0,21.1
2013,3,5,1,0,21
2013,3,5,2,0,21.1
2013,3,5,3,0,21.2
2013,3,5,4,0,21.3
2013,3,5,5,0,21.6
2013,3,5,6,106,22.2
2013,3,5,7,325,22.8
2013,3,5,8,338,23.3
2013,3,5,9,732,23.5
2013,3,5,10,865,24
2013,3,5,11,939,24.3
2013,3,5,12,950,24.4
2013,3,5,13,888,24.3
2013,3,5,14,762,24.1
2013,3,5,15,584,23.8
2013,3,5,16,370,23.4
2013,3,5,17,148,22.7
2013,3,5,18,0,22.2
2013,3,5,19,0,22
2013,3,5,20,0,21.9
2013,3,5,21,0,21.8
2013,3,5,22,0,21.6
2013,3,5,23,0,21.4
2013,3,6,0,0,21.2
2013,3,6,1,0,21.1
2013,3,6,2,0,20.9
2013,3,6,3,0,20.8
2013,3,6,4,0,20.8
2013,3,6,5,0,21
2013,3,6,6,37,21.7
2013,3,6,7,323,22.6
2013,3,6,8,265,23.4
2013,3,6,9,447,23.8
2013,3,6,10,864,24.5
2013,3,6,11,939,24.8
2013,3,6,12,944,25
2013,3,6,13,887,25
2013,3,6,14,761,24.9
2013,3,6,15,580,24.6
2013,3,6,16,368,24.1
2013,3,6,17,146,23.3
2013,3,6,18,0,22.6
2013,3,6,19,0,22.3
2013,3,6,20,0,22.1
2013,3,6,21,0,21.9
2013,3,6,22,0,21.6
2013,3,6,23,0,21.4
2013,3,7,0,0,21
2013,3,7,1,0,20.7
2013,3,7,2,0,20.4
2013,3,7,3,0,20.1
2013,3,7,4,0,19.9
2013,3,7,5,0,20.2
2013,3,7,6,102,21.1
2013,3,7,7,321,22.2
2013,3,7,8,539,23.3
2013,3,7,9,726,23.7
2013,3,7,10,864,24.6
2013,3,7,11,940,25
2013,3,7,12,946,25.3
2013,3,7,13,885,25.3
2013,3,7,14,759,25.2
2013,3,7,15,581,24.9
2013,3,7,16,366,24.4
2013,3,7,17,143,23.6
2013,3,7,18,0,22.9
2013,3,7,19,0,22.6
2013,3,7,20,0,22.4
2013,3,7,21,0,22.1
2013,3,7,22,0,21.8
2013,3,7,23,0,21.6
2013,3,8,0,0,21.3
2013,3,8,1,0,21.1
2013,3,8,2,0,21
2013,3,8,3,0,20.8
2013,3,8,4,0,20.8
2013,3,8,5,0,21.2
2013,3,8,6,35,22
2013,3,8,7,311,22.9
2013,3,8,8,526,23.5
2013,3,8,9,711,23.8
2013,3,8,10,844,24.4
2013,3,8,11,917,24.6
2013,3,8,12,921,24.7
2013,3,8,13,860,24.8
2013,3,8,14,735,24.7
2013,3,8,15,558,24.4
2013,3,8,16,352,23.9
2013,3,8,17,134,23.2
2013,3,8,18,0,22.7
2013,3,8,19,0,22.5
2013,3,8,20,0,22.3
2013,3,8,21,0,22.2
2013,3,8,22,0,22
2013,3,8,23,0,21.8
2013,3,9,0,0,21.6
2013,3,9,1,0,21.5
2013,3,9,2,0,21.3
2013,3,9,3,0,21.1
2013,3,9,4,0,21
2013,3,9,5,0,21.2
2013,3,9,6,34,22
2013,3,9,7,131,23.1
2013,3,9,8,279,24
2013,3,9,9,516,24.3
2013,3,9,10,444,25
2013,3,9,11,914,25.3
2013,3,9,12,919,25.4
2013,3,9,13,854,25.3
2013,3,9,14,727,25
2013,3,9,15,548,24.6
2013,3,9,16,338,23.9
2013,3,9,17,78,23.3
2013,3,9,18,0,22.9
2013,3,9,19,0,22.7
2013,3,9,20,0,22.5
2013,3,9,21,0,22.3
2013,3,9,22,0,22.2
2013,3,9,23,0,22
2013,3,10,0,0,21.8
2013,3,10,1,0,21.7
2013,3,10,2,0,21.4
2013,3,10,3,0,21.2
2013,3,10,4,0,21
2013,3,10,5,0,21.1
2013,3,10,6,88,21.8
2013,3,10,7,297,22.7
2013,3,10,8,373,23.4
2013,3,10,9,696,23.8
2013,3,10,10,835,24.4
2013,3,10,11,666,24.7
2013,3,10,12,914,25
2013,3,10,13,850,25
2013,3,10,14,725,24.8
2013,3,10,15,547,24.4
2013,3,10,16,225,23.9
2013,3,10,17,72,23.3
2013,3,10,18,0,22.8
2013,3,10,19,0,22.5
2013,3,10,20,0,22.3
2013,3,10,21,0,22.1
2013,3,10,22,0,22
2013,3,10,23,0,21.9
2013,3,11,0,0,21.7
2013,3,11,1,0,21.5
2013,3,11,2,0,21.3
2013,3,11,3,0,21.2
2013,3,11,4,0,21.2
2013,3,11,5,0,21.5
2013,3,11,6,89,22.3
2013,3,11,7,300,23.1
2013,3,11,8,512,23.7
2013,3,11,9,365,24.1
2013,3,11,10,829,24.9
2013,3,11,11,900,25.2
2013,3,11,12,904,25.4
2013,3,11,13,842,25.3
2013,3,11,14,516,25
2013,3,11,15,538,24.4
2013,3,11,16,328,23.7
2013,3,11,17,117,23
2013,3,11,18,0,22.5
2013,3,11,19,0,22.3
2013,3,11,20,0,22.2
2013,3,11,21,0,22.1
2013,3,11,22,0,22
2013,3,11,23,0,21.9
2013,3,12,0,0,21.8
2013,3,12,1,0,21.7
2013,3,12,2,0,21.6
2013,3,12,3,0,21.6
2013,3,12,4,0,21.5
2013,3,12,5,0,21.8
2013,3,12,6,6,22.5
2013,3,12,7,20,23.2
2013,3,12,8,224,23.7
2013,3,12,9,691,23.9
2013,3,12,10,824,24.5
2013,3,12,11,899,24.7
2013,3,12,12,905,24.8
2013,3,12,13,845,24.8
2013,3,12,14,721,24.6
2013,3,12,15,546,24.2
2013,3,12,16,336,23.7
2013,3,12,17,119,22.9
2013,3,12,18,0,22.2
2013,3,12,19,0,21.9
2013,3,12,20,0,21.6
2013,3,12,21,0,21.3
2013,3,12,22,0,21
2013,3,12,23,0,20.8
2013,3,13,0,0,20.5
2013,3,13,1,0,20.2
2013,3,13,2,0,20
2013,3,13,3,0,19.8
2013,3,13,4,0,19.6
2013,3,13,5,0,19.8
2013,3,13,6,88,20.6
2013,3,13,7,302,21.8
2013,3,13,8,519,23
2013,3,13,9,705,23.5
2013,3,13,10,842,24.6
2013,3,13,11,913,25.2
2013,3,13,12,911,25.5
2013,3,13,13,852,25.6
2013,3,13,14,719,25.4
2013,3,13,15,536,25.1
2013,3,13,16,321,24.4
2013,3,13,17,107,23.5
2013,3,13,18,0,22.7
2013,3,13,19,0,22.3
2013,3,13,20,0,22.1
2013,3,13,21,0,21.7
2013,3,13,22,0,21.4
2013,3,13,23,0,21
2013,3,14,0,0,20.8
2013,3,14,1,0,20.6
2013,3,14,2,0,20.5
2013,3,14,3,0,20.5
2013,3,14,4,0,20.7
2013,3,14,5,0,21
2013,3,14,6,69,21.6
2013,3,14,7,261,22.4
2013,3,14,8,463,23.1
2013,3,14,9,637,23.5
2013,3,14,10,729,24.1
2013,3,14,11,121,24.4
2013,3,14,12,204,24.5
2013,3,14,13,260,24.3
2013,3,14,14,269,24.1
2013,3,14,15,462,23.6
2013,3,14,16,272,23.1
2013,3,14,17,85,22.5
2013,3,14,18,0,22
2013,3,14,19,0,21.8
2013,3,14,20,0,21.7
2013,3,14,21,0,21.6
2013,3,14,22,0,21.5
2013,3,14,23,0,21.4
2013,3,15,0,0,21.3
2013,3,15,1,0,21.2
2013,3,15,2,0,21.2
2013,3,15,3,0,21.2
2013,3,15,4,0,21.2
2013,3,15,5,0,21.4
2013,3,15,6,6,21.7
2013,3,15,7,22,22.1
2013,3,15,8,38,22.6
2013,3,15,9,216,22.8
2013,3,15,10,769,23.3
2013,3,15,11,176,23.5
2013,3,15,12,851,23.5
2013,3,15,13,801,23.3
2013,3,15,14,275,23
2013,3,15,15,504,22.7
2013,3,15,16,299,22.3
2013,3,15,17,94,21.7
2013,3,15,18,0,21.3
2013,3,15,19,0,21.1
2013,3,15,20,0,21
2013,3,15,21,0,21
2013,3,15,22,0,21
2013,3,15,23,0,20.9
2013,3,16,0,0,20.9
2013,3,16,1,0,21
2013,3,16,2,0,21
2013,3,16,3,0,21
2013,3,16,4,0,21
2013,3,16,5,0,20.9
2013,3,16,6,69,21.3
2013,3,16,7,269,22.2
2013,3,16,8,480,23.1
2013,3,16,9,663,23.5
2013,3,16,10,809,24.9
2013,3,16,11,877,25.6
2013,3,16,12,874,26.2
2013,3,16,13,814,26.4
2013,3,16,14,683,26.3
2013,3,16,15,506,25.7
2013,3,16,16,298,24.7
2013,3,16,17,91,23.4
2013,3,16,18,0,22.5
2013,3,16,19,0,22.1
2013,3,16,20,0,21.9
2013,3,16,21,0,21.8
2013,3,16,22,0,21.7
2013,3,16,23,0,21.3
2013,3,17,0,0,20.9
2013,3,17,1,0,20.6
2013,3,17,2,0,20.3
2013,3,17,3,0,19.9
2013,3,17,4,0,19.3
2013,3,17,5,0,19
2013,3,17,6,21,19.1
2013,3,17,7,93,19.5
2013,3,17,8,507,19.9
2013,3,17,9,693,20.1
2013,3,17,10,825,20.6
2013,3,17,11,891,21
2013,3,17,12,886,21.1
2013,3,17,13,817,21.1
2013,3,17,14,684,21.1
2013,3,17,15,500,20.8
2013,3,17,16,301,20.3
2013,3,17,17,88,19.9
2013,3,17,18,0,19.7
2013,3,17,19,0,19.5
2013,3,17,20,0,19.2
2013,3,17,21,0,19.1
2013,3,17,22,0,18.9
2013,3,17,23,0,18.7
2013,3,18,0,0,18.4
2013,3,18,1,0,18
2013,3,18,2,0,17.6
2013,3,18,3,0,17.3
2013,3,18,4,0,16.9
2013,3,18,5,0,16.9
2013,3,18,6,71,17.3
2013,3,18,7,280,18.1
2013,3,18,8,495,19
2013,3,18,9,679,19.4
2013,3,18,10,815,20.3
2013,3,18,11,884,20.8
2013,3,18,12,887,21.1
2013,3,18,13,823,21.2
2013,3,18,14,695,21.2
2013,3,18,15,515,20.9
2013,3,18,16,302,20.4
2013,3,18,17,90,19.7
2013,3,18,18,0,19.2
2013,3,18,19,0,19.1
2013,3,18,20,0,18.9
2013,3,18,21,0,18.8
2013,3,18,22,0,18.6
2013,3,18,23,0,18.5
2013,3,19,0,0,18.3
2013,3,19,1,0,18
2013,3,19,2,0,17.8
2013,3,19,3,0,17.7
2013,3,19,4,0,17.6
2013,3,19,5,0,17.7
2013,3,19,6,72,18.6
2013,3,19,7,282,19.6
2013,3,19,8,495,20.4
2013,3,19,9,679,20.8
2013,3,19,10,812,21.6
2013,3,19,11,882,22
2013,3,19,12,884,22.2
2013,3,19,13,815,22.2
2013,3,19,14,685,22
2013,3,19,15,506,21.7
2013,3,19,16,294,21.2
2013,3,19,17,85,20.4
2013,3,19,18,0,19.9
2013,3,19,19,0,19.7
2013,3,19,20,0,19.7
2013,3,19,21,0,19.6
2013,3,19,22,0,19.6
2013,3,19,23,0,19.5
2013,3,20,0,0,19.4
2013,3,20,1,0,19.3
2013,3,20,2,0,19.3
2013,3,20,3,0,19.3
2013,3,20,4,0,19.2
2013,3,20,5,0,19.2
2013,3,20,6,68,19.8
2013,3,20,7,273,20.8
2013,3,20,8,485,21.6
2013,3,20,9,667,21.9
2013,3,20,10,795,22.7
2013,3,20,11,865,23
2013,3,20,12,867,23.1
2013,3,20,13,799,23.1
2013,3,20,14,671,23
2013,3,20,15,493,22.8
2013,3,20,16,285,22.4
2013,3,20,17,80,21.7
2013,3,20,18,0,21.2
2013,3,20,19,0,21
2013,3,20,20,0,20.8
2013,3,20,21,0,20.6
2013,3,20,22,0,20.4
2013,3,20,23,0,20.2
2013,3,21,0,0,20
2013,3,21,1,0,19.7
2013,3,21,2,0,19.4
2013,3,21,3,0,19.2
2013,3,21,4,0,19
2013,3,21,5,0,19
2013,3,21,6,64,19.7
2013,3,21,7,266,20.8
2013,3,21,8,476,22
2013,3,21,9,655,22.6
2013,3,21,10,786,24
2013,3,21,11,702,24.6
2013,3,21,12,489,25
2013,3,21,13,656,24.9
2013,3,21,14,353,24.7
2013,3,21,15,129,24.4
2013,3,21,16,171,23.8
2013,3,21,17,44,23.1
2013,3,21,18,0,22.6
2013,3,21,19,0,22.4
2013,3,21,20,0,22.1
2013,3,21,21,0,21.8
2013,3,21,22,0,21.5
2013,3,21,23,0,21.3
2013,3,22,0,0,21.2
2013,3,22,1,0,21.2
2013,3,22,2,0,21.1
2013,3,22,3,0,21
2013,3,22,4,0,20.9
2013,3,22,5,0,21.1
2013,3,22,6,58,21.9
2013,3,22,7,194,23.2
2013,3,22,8,332,24.7
2013,3,22,9,399,25.4
2013,3,22,10,523,26.9
2013,3,22,11,471,27.3
2013,3,22,12,605,27.4
2013,3,22,13,475,27.4
2013,3,22,14,266,27.1
2013,3,22,15,85,26.5
2013,3,22,16,125,25.8
2013,3,22,17,32,25.5
2013,3,22,18,0,25.2
2013,3,22,19,0,24.8
2013,3,22,20,0,24.3
2013,3,22,21,0,23.9
2013,3,22,22,0,23.5
2013,3,22,23,0,23.2
2013,3,23,0,0,23
2013,3,23,1,0,22.9
2013,3,23,2,0,22.7
2013,3,23,3,0,22.6
2013,3,23,4,0,22.6
2013,3,23,5,0,22.6
2013,3,23,6,53,23
2013,3,23,7,247,23.8
2013,3,23,8,457,24.5
2013,3,23,9,639,24.9
2013,3,23,10,776,25.9
2013,3,23,11,843,26.7
2013,3,23,12,843,27.4
2013,3,23,13,781,27.3
2013,3,23,14,437,26.6
2013,3,23,15,160,25.6
2013,3,23,16,259,24.1
2013,3,23,17,62,22.5
2013,3,23,18,0,21.6
2013,3,23,19,0,21.3
2013,3,23,20,0,21.4
2013,3,23,21,0,21.4
2013,3,23,22,0,21.5
2013,3,23,23,0,21.6
2013,3,24,0,0,21.6
2013,3,24,1,0,21.5
2013,3,24,2,0,21.4
2013,3,24,3,0,21.3
2013,3,24,4,0,21.3
2013,3,24,5,0,21.4
2013,3,24,6,54,22.1
2013,3,24,7,251,23
2013,3,24,8,460,24
2013,3,24,9,640,24.5
2013,3,24,10,780,25.7
2013,3,24,11,850,26.4
2013,3,24,12,852,27
2013,3,24,13,788,27.6
2013,3,24,14,660,28
2013,3,24,15,482,27.8
2013,3,24,16,273,26.8
2013,3,24,17,67,25.2
2013,3,24,18,0,24.1
2013,3,24,19,0,23.7
2013,3,24,20,0,23.5
2013,3,24,21,0,22.9
2013,3,24,22,0,22.1
2013,3,24,23,0,21.4
2013,3,25,0,0,20.9
2013,3,25,1,0,20.4
2013,3,25,2,0,19.9
2013,3,25,3,0,19.4
2013,3,25,4,0,19.2
2013,3,25,5,0,19.3
2013,3,25,6,58,20.3
2013,3,25,7,260,21.8
2013,3,25,8,467,23.4
2013,3,25,9,646,24.1
2013,3,25,10,773,25.1
2013,3,25,11,838,25.4
2013,3,25,12,836,25.5
2013,3,25,13,776,25.4
2013,3,25,14,645,25.2
2013,3,25,15,466,24.8
2013,3,25,16,258,24.2
2013,3,25,17,59,23.4
2013,3,25,18,0,22.8
2013,3,25,19,0,22.6
2013,3,25,20,0,22.5
2013,3,25,21,0,22.3
2013,3,25,22,0,22.2
2013,3,25,23,0,22.2
2013,3,26,0,0,22.1
2013,3,26,1,0,22
2013,3,26,2,0,21.9
2013,3,26,3,0,21.8
2013,3,26,4,0,21.7
2013,3,26,5,0,21.7
2013,3,26,6,48,22.3
2013,3,26,7,216,23.3
2013,3,26,8,304,24.3
2013,3,26,9,389,24.7
2013,3,26,10,575,25.6
2013,3,26,11,799,25.9
2013,3,26,12,648,26
2013,3,26,13,396,25.9
2013,3,26,14,301,25.8
2013,3,26,15,264,25.5
2013,3,26,16,181,24.9
2013,3,26,17,39,23.9
2013,3,26,18,0,23.2
2013,3,26,19,0,22.8
2013,3,26,20,0,22.5
2013,3,26,21,0,22.3
2013,3,26,22,0,22.1
2013,3,26,23,0,21.8
2013,3,27,0,0,21.6
2013,3,27,1,0,21.5
2013,3,27,2,0,21.3
2013,3,27,3,0,21.2
2013,3,27,4,0,21.1
2013,3,27,5,0,21.2
2013,3,27,6,48,22
2013,3,27,7,238,23.2
2013,3,27,8,443,24.4
2013,3,27,9,621,24.9
2013,3,27,10,749,26.2
2013,3,27,11,816,26.9
2013,3,27,12,813,27.3
2013,3,27,13,751,27.5
2013,3,27,14,623,27.4
2013,3,27,15,446,26.9
2013,3,27,16,240,26
2013,3,27,17,49,24.8
2013,3,27,18,0,24
2013,3,27,19,0,23.6
2013,3,27,20,0,23.3
2013,3,27,21,0,23
2013,3,27,22,0,22.7
2013,3,27,23,0,22.3
2013,3,28,0,0,22
2013,3,28,1,0,21.8
2013,3,28,2,0,21.6
2013,3,28,3,0,21.5
2013,3,28,4,0,21.3
2013,3,28,5,0,21.4
2013,3,28,6,46,22.1
2013,3,28,7,234,23.3
2013,3,28,8,438,24.8
2013,3,28,9,614,25.5
2013,3,28,10,742,27.4
2013,3,28,11,807,28.3
2013,3,28,12,802,28.8
2013,3,28,13,337,29
2013,3,28,14,437,28.9
2013,3,28,15,358,28.5
2013,3,28,16,25,27.7
2013,3,28,17,8,26.5
2013,3,28,18,0,25.8
2013,3,28,19,0,25.1
2013,3,28,20,0,24.3
2013,3,28,21,0,23.5
2013,3,28,22,0,22.7
2013,3,28,23,0,21.4
2013,3,29,0,0,20
2013,3,29,1,0,18.8
2013,3,29,2,0,18.2
2013,3,29,3,0,17.8
2013,3,29,4,0,17.7
2013,3,29,5,0,17.8
2013,3,29,6,51,18.4
2013,3,29,7,253,19.3
2013,3,29,8,463,20.2
2013,3,29,9,290,20.5
2013,3,29,10,208,21
2013,3,29,11,351,21.2
2013,3,29,12,614,21.2
2013,3,29,13,365,21.1
2013,3,29,14,635,20.8
2013,3,29,15,452,20.2
2013,3,29,16,173,19.5
2013,3,29,17,29,18.7
2013,3,29,18,0,18.3
2013,3,29,19,0,18.2
2013,3,29,20,0,18.2
2013,3,29,21,0,18.2
2013,3,29,22,0,18.2
2013,3,29,23,0,18.3
2013,3,30,0,0,18.3
2013,3,30,1,0,18.2
2013,3,30,2,0,18.2
2013,3,30,3,0,18.1
2013,3,30,4,0,18.1
2013,3,30,5,0,18.1
2013,3,30,6,48,18.4
2013,3,30,7,245,19.3
2013,3,30,8,452,20.4
2013,3,30,9,630,20.9
2013,3,30,10,761,22.2
2013,3,30,11,825,22.9
2013,3,30,12,629,23.4
2013,3,30,13,559,23.5
2013,3,30,14,547,23.5
2013,3,30,15,446,23.3
2013,3,30,16,238,22.7
2013,3,30,17,35,21.6
2013,3,30,18,0,20.8
2013,3,30,19,0,20.5
2013,3,30,20,0,20.4
2013,3,30,21,0,20.2
2013,3,30,22,0,20.1
2013,3,30,23,0,20
2013,3,31,0,0,20.1
2013,3,31,1,0,20
2013,3,31,2,0,19.7
2013,3,31,3,0,19.5
2013,3,31,4,0,19.3
2013,3,31,5,0,19.2
2013,3,31,6,19,19.5
2013,3,31,7,92,20.4
2013,3,31,8,95,21.4
2013,3,31,9,381,22
2013,3,31,10,555,23.2
2013,3,31,11,436,23.1
2013,3,31,12,584,22.7
2013,3,31,13,543,22.5
2013,3,31,14,593,22.4
2013,3,31,15,333,22.3
2013,3,31,16,217,21.8
2013,3,31,17,36,21.1
2013,3,31,18,0,20.6
2013,3,31,19,0,20.4
2013,3,31,20,0,20.3
2013,3,31,21,0,20.1
2013,3,31,22,0,20
2013,3,31,23,0,19.8
2013,4,1,0,0,19.5
2013,4,1,1,0,19.2
2013,4,1,2,0,18.9
2013,4,1,3,0,18.6
2013,4,1,4,0,18.4
2013,4,1,5,0,18.3
2013,4,1,6,5,18.5
2013,4,1,7,28,18.9
2013,4,1,8,324,19.3
2013,4,1,9,440,19.6
2013,4,1,10,326,21
2013,4,1,11,513,21.9
2013,4,1,12,626,22.6
2013,4,1,13,732,22.9
2013,4,1,14,604,22.9
2013,4,1,15,427,22.5
2013,4,1,16,222,21.8
2013,4,1,17,35,21
2013,4,1,18,0,20.5
2013,4,1,19,0,20.4
2013,4,1,20,0,20.3
2013,4,1,21,0,20.1
2013,4,1,22,0,20
2013,4,1,23,0,19.8
2013,4,2,0,0,19.6
2013,4,2,1,0,19.3
2013,4,2,2,0,19.1
2013,4,2,3,0,18.8
2013,4,2,4,0,18.4
2013,4,2,5,0,18.2
2013,4,2,6,42,18.6
2013,4,2,7,239,19.7
2013,4,2,8,447,20.9
2013,4,2,9,624,21.4
2013,4,2,10,747,22.6
2013,4,2,11,810,23.2
2013,4,2,12,804,23.5
2013,4,2,13,733,23.6
2013,4,2,14,599,23.4
2013,4,2,15,420,22.8
2013,4,2,16,218,22
2013,4,2,17,33,21.2
2013,4,2,18,0,20.7
2013,4,2,19,0,20.6
2013,4,2,20,0,20.5
2013,4,2,21,0,20.4
2013,4,2,22,0,20.4
2013,4,2,23,0,20.4
2013,4,3,0,0,20.3
2013,4,3,1,0,20
2013,4,3,2,0,19.6
2013,4,3,3,0,19.4
2013,4,3,4,0,19.1
2013,4,3,5,0,19
2013,4,3,6,4,19.1
2013,4,3,7,11,19.2
2013,4,3,8,77,19.3
2013,4,3,9,118,19.4
2013,4,3,10,60,19.7
2013,4,3,11,53,19.8
2013,4,3,12,213,19.8
2013,4,3,13,187,19.8
2013,4,3,14,93,19.8
2013,4,3,15,84,19.8
2013,4,3,16,37,19.6
2013,4,3,17,5,19.3
2013,4,3,18,0,19
2013,4,3,19,0,18.8
2013,4,3,20,0,18.5
2013,4,3,21,0,18.4
2013,4,3,22,0,18.3
2013,4,3,23,0,18.4
2013,4,4,0,0,18.4
2013,4,4,1,0,18.4
2013,4,4,2,0,18.4
2013,4,4,3,0,18.3
2013,4,4,4,0,18.2
2013,4,4,5,0,18.3
2013,4,4,6,3,18.6
2013,4,4,7,15,19.1
2013,4,4,8,131,19.4
2013,4,4,9,357,19.6
2013,4,4,10,59,20.1
2013,4,4,11,107,20.5
2013,4,4,12,199,20.6
2013,4,4,13,221,20.6
2013,4,4,14,223,20.5
2013,4,4,15,97,20.2
2013,4,4,16,42,19.7
2013,4,4,17,6,19.1
2013,4,4,18,0,18.9
2013,4,4,19,0,19
2013,4,4,20,0,19
2013,4,4,21,0,19
2013,4,4,22,0,19
2013,4,4,23,0,18.9
2013,4,5,0,0,18.8
2013,4,5,1,0,18.7
2013,4,5,2,0,18.6
2013,4,5,3,0,18.5
2013,4,5,4,0,18.4
2013,4,5,5,0,18.4
2013,4,5,6,15,19
2013,4,5,7,114,19.8
2013,4,5,8,117,20.3
2013,4,5,9,384,20.6
2013,4,5,10,362,21.2
2013,4,5,11,780,21.6
2013,4,5,12,779,21.8
2013,4,5,13,713,21.8
2013,4,5,14,252,21.8
2013,4,5,15,411,21.7
2013,4,5,16,208,21.1
2013,4,5,17,26,20.4
2013,4,5,18,0,19.9
2013,4,5,19,0,19.8
2013,4,5,20,0,19.6
2013,4,5,21,0,19.6
2013,4,5,22,0,19.5
2013,4,5,23,0,19.5
2013,4,6,0,0,19.5
2013,4,6,1,0,19.4
2013,4,6,2,0,19.3
2013,4,6,3,0,19.3
2013,4,6,4,0,19.2
2013,4,6,5,0,19.2
2013,4,6,6,33,19.4
2013,4,6,7,127,19.9
2013,4,6,8,159,20.3
2013,4,6,9,196,20.4
2013,4,6,10,421,21
2013,4,6,11,482,21.2
2013,4,6,12,344,21.3
2013,4,6,13,338,21.3
2013,4,6,14,345,21.2
2013,4,6,15,293,20.9
2013,4,6,16,97,20.4
2013,4,6,17,12,19.7
2013,4,6,18,0,19.3
2013,4,6,19,0,19.2
2013,4,6,20,0,19.2
2013,4,6,21,0,19.1
2013,4,6,22,0,19.1
2013,4,6,23,0,19
2013,4,7,0,0,18.8
2013,4,7,1,0,18.5
2013,4,7,2,0,18.2
2013,4,7,3,0,18
2013,4,7,4,0,17.8
2013,4,7,5,0,17.7
2013,4,7,6,28,18
2013,4,7,7,203,18.6
2013,4,7,8,118,19.3
2013,4,7,9,98,19.7
2013,4,7,10,489,20.5
2013,4,7,11,465,20.9
2013,4,7,12,758,21.1
2013,4,7,13,695,21.3
2013,4,7,14,567,21.4
2013,4,7,15,392,21.2
2013,4,7,16,193,20.7
2013,4,7,17,9,20.1
2013,4,7,18,0,19.7
2013,4,7,19,0,19.5
2013,4,7,20,0,19.4
2013,4,7,21,0,19.4
2013,4,7,22,0,19.3
2013,4,7,23,0,19.1
2013,4,8,0,0,18.8
2013,4,8,1,0,18.4
2013,4,8,2,0,18
2013,4,8,3,0,17.8
2013,4,8,4,0,17.7
2013,4,8,5,0,17.7
2013,4,8,6,29,18.2
2013,4,8,7,204,19.3
2013,4,8,8,402,20.2
2013,4,8,9,574,20.6
2013,4,8,10,678,21.6
2013,4,8,11,242,22
2013,4,8,12,440,22.2
2013,4,8,13,670,22.2
2013,4,8,14,544,22.1
2013,4,8,15,372,21.8
2013,4,8,16,177,21.1
2013,4,8,17,16,20.3
2013,4,8,18,0,19.8
2013,4,8,19,0,19.6
2013,4,8,20,0,19.6
2013,4,8,21,0,19.7
2013,4,8,22,0,19.8
2013,4,8,23,0,19.8
2013,4,9,0,0,19.6
2013,4,9,1,0,19.1
2013,4,9,2,0,18.8
2013,4,9,3,0,18.5
2013,4,9,4,0,18.3
2013,4,9,5,0,18.3
2013,4,9,6,4,18.8
2013,4,9,7,137,19.7
2013,4,9,8,267,20.3
2013,4,9,9,196,20.6
2013,4,9,10,406,21.2
2013,4,9,11,531,21.4
2013,4,9,12,43,21.5
2013,4,9,13,127,21.5
2013,4,9,14,549,21.5
2013,4,9,15,377,21.2
2013,4,9,16,172,20.6
2013,4,9,17,13,19.9
2013,4,9,18,0,19.4
2013,4,9,19,0,19.2
2013,4,9,20,0,19.1
2013,4,9,21,0,19
2013,4,9,22,0,18.9
2013,4,9,23,0,18.8
2013,4,10,0,0,18.7
2013,4,10,1,0,18.6
2013,4,10,2,0,18.5
2013,4,10,3,0,18.4
2013,4,10,4,0,18.3
2013,4,10,5,0,18.3
2013,4,10,6,26,18.5
2013,4,10,7,204,19.2
2013,4,10,8,402,20.1
2013,4,10,9,572,20.6
2013,4,10,10,699,22
2013,4,10,11,762,22.6
2013,4,10,12,758,23.1
2013,4,10,13,690,23.3
2013,4,10,14,563,23.2
2013,4,10,15,387,22.9
2013,4,10,16,186,22.1
2013,4,10,17,14,21
2013,4,10,18,0,20.4
2013,4,10,19,0,20.1
2013,4,10,20,0,19.7
2013,4,10,21,0,19.3
2013,4,10,22,0,18.9
2013,4,10,23,0,18.5
2013,4,11,0,0,18.1
2013,4,11,1,0,17.7
2013,4,11,2,0,17.4
2013,4,11,3,0,17.1
2013,4,11,4,0,16.9
2013,4,11,5,0,16.8
2013,4,11,6,26,17.3
2013,4,11,7,204,18.4
2013,4,11,8,403,20.1
2013,4,11,9,574,21
2013,4,11,10,696,23
2013,4,11,11,758,23.8
2013,4,11,12,755,24.3
2013,4,11,13,686,24.5
2013,4,11,14,556,24.3
2013,4,11,15,380,23.9
2013,4,11,16,178,22.8
2013,4,11,17,12,21.6
2013,4,11,18,0,20.9
2013,4,11,19,0,20.7
2013,4,11,20,0,20.6
2013,4,11,21,0,20.6
2013,4,11,22,0,20.7
2013,4,11,23,0,20.7
2013,4,12,0,0,20.7
2013,4,12,1,0,20.6
2013,4,12,2,0,20.6
2013,4,12,3,0,20.4
2013,4,12,4,0,20.2
2013,4,12,5,0,20.1
2013,4,12,6,24,20.4
2013,4,12,7,197,21.3
2013,4,12,8,394,22.2
2013,4,12,9,564,22.6
2013,4,12,10,688,23.4
2013,4,12,11,748,23.9
2013,4,12,12,743,24.1
2013,4,12,13,675,24.2
2013,4,12,14,546,24
2013,4,12,15,371,23.7
2013,4,12,16,172,22.8
2013,4,12,17,0,21.8
2013,4,12,18,0,21.3
2013,4,12,19,0,20.9
2013,4,12,20,0,20.6
2013,4,12,21,0,20.3
2013,4,12,22,0,20
2013,4,12,23,0,19.6
2013,4,13,0,0,19.2
2013,4,13,1,0,18.8
2013,4,13,2,0,18.4
2013,4,13,3,0,18.1
2013,4,13,4,0,17.8
2013,4,13,5,0,17.7
2013,4,13,6,22,18.2
2013,4,13,7,193,19.5
2013,4,13,8,388,21
2013,4,13,9,558,21.8
2013,4,13,10,685,23
2013,4,13,11,746,23.6
2013,4,13,12,744,24
2013,4,13,13,675,24.2
2013,4,13,14,545,24.1
2013,4,13,15,370,23.7
2013,4,13,16,169,22.8
2013,4,13,17,0,21.8
2013,4,13,18,0,21.2
2013,4,13,19,0,20.9
2013,4,13,20,0,20.6
2013,4,13,21,0,20.3
2013,4,13,22,0,19.9
2013,4,13,23,0,19.5
2013,4,14,0,0,19.1
2013,4,14,1,0,18.8
2013,4,14,2,0,18.5
2013,4,14,3,0,18.3
2013,4,14,4,0,18
2013,4,14,5,0,17.8
2013,4,14,6,19,18.2
2013,4,14,7,187,19.3
2013,4,14,8,381,20.7
2013,4,14,9,548,21.6
2013,4,14,10,674,24.3
2013,4,14,11,734,25.7
2013,4,14,12,728,26.3
2013,4,14,13,661,26.5
2013,4,14,14,533,26.2
2013,4,14,15,358,25.7
2013,4,14,16,162,24.6
2013,4,14,17,0,23.3
2013,4,14,18,0,22.4
2013,4,14,19,0,21.8
2013,4,14,20,0,21.4
2013,4,14,21,0,21
2013,4,14,22,0,20.6
2013,4,14,23,0,20.2
2013,4,15,0,0,19.8
2013,4,15,1,0,19.4
2013,4,15,2,0,19
2013,4,15,3,0,18.6
2013,4,15,4,0,18.3
2013,4,15,5,0,18
2013,4,15,6,18,18.2
2013,4,15,7,61,19.2
2013,4,15,8,140,20.8
2013,4,15,9,121,21.9
2013,4,15,10,348,24.5
2013,4,15,11,716,25.7
2013,4,15,12,711,26.2
2013,4,15,13,646,26.1
2013,4,15,14,516,25.4
2013,4,15,15,339,24.2
2013,4,15,16,37,22.9
2013,4,15,17,0,21.9
2013,4,15,18,0,21.3
2013,4,15,19,0,21
2013,4,15,20,0,20.7
2013,4,15,21,0,20.5
2013,4,15,22,0,20.4
2013,4,15,23,0,20.2
2013,4,16,0,0,20
2013,4,16,1,0,19.7
2013,4,16,2,0,19.5
2013,4,16,3,0,19.3
2013,4,16,4,0,19.2
2013,4,16,5,0,19.1
2013,4,16,6,5,18.9
2013,4,16,7,40,18.7
2013,4,16,8,92,18.6
2013,4,16,9,255,18.6
2013,4,16,10,111,19.3
2013,4,16,11,249,19.9
2013,4,16,12,686,20.3
2013,4,16,13,625,20.5
2013,4,16,14,163,20.4
2013,4,16,15,153,20.2
2013,4,16,16,57,19.8
2013,4,16,17,0,19.5
2013,4,16,18,0,19.3
2013,4,16,19,0,19.2
2013,4,16,20,0,19.1
2013,4,16,21,0,19
2013,4,16,22,0,18.9
2013,4,16,23,0,18.7
2013,4,17,0,0,18.4
2013,4,17,1,0,18.1
2013,4,17,2,0,17.9
2013,4,17,3,0,17.8
2013,4,17,4,0,17.6
2013,4,17,5,0,17.6
2013,4,17,6,7,18
2013,4,17,7,187,18.8
2013,4,17,8,381,19.7
2013,4,17,9,548,20.1
2013,4,17,10,661,21
2013,4,17,11,721,21.3
2013,4,17,12,524,21.4
2013,4,17,13,487,21.4
2013,4,17,14,379,21.1
2013,4,17,15,272,20.8
2013,4,17,16,85,20.3
2013,4,17,17,0,19.8
2013,4,17,18,0,19.7
2013,4,17,19,0,19.6
2013,4,17,20,0,19.7
2013,4,17,21,0,19.7
2013,4,17,22,0,19.8
2013,4,17,23,0,19.9
2013,4,18,0,0,19.8
2013,4,18,1,0,19.6
2013,4,18,2,0,19.3
2013,4,18,3,0,19.1
2013,4,18,4,0,18.8
2013,4,18,5,0,18.6
2013,4,18,6,14,18.6
2013,4,18,7,172,18.9
2013,4,18,8,364,19.4
2013,4,18,9,531,19.7
2013,4,18,10,652,20.7
2013,4,18,11,711,21.4
2013,4,18,12,318,21.8
2013,4,18,13,53,21.9
2013,4,18,14,389,21.7
2013,4,18,15,328,21.2
2013,4,18,16,144,20.2
2013,4,18,17,0,19.2
2013,4,18,18,0,18.7
2013,4,18,19,0,18.4
2013,4,18,20,0,18.2
2013,4,18,21,0,18.1
2013,4,18,22,0,17.9
2013,4,18,23,0,17.7
2013,4,19,0,0,17.4
2013,4,19,1,0,17.2
2013,4,19,2,0,16.9
2013,4,19,3,0,16.6
2013,4,19,4,0,16.1
2013,4,19,5,0,15.5
2013,4,19,6,7,15.2
2013,4,19,7,173,15.6
2013,4,19,8,350,16.4
2013,4,19,9,502,16.9
2013,4,19,10,656,17.6
2013,4,19,11,569,17.8
2013,4,19,12,239,17.9
2013,4,19,13,467,17.9
2013,4,19,14,493,17.9
2013,4,19,15,319,17.7
2013,4,19,16,82,17.4
2013,4,19,17,0,17
2013,4,19,18,0,16.8
2013,4,19,19,0,16.6
2013,4,19,20,0,16.4
2013,4,19,21,0,16.3
2013,4,19,22,0,16.4
2013,4,19,23,0,16.9
2013,4,20,0,0,17.2
2013,4,20,1,0,17.2
2013,4,20,2,0,17.2
2013,4,20,3,0,17.2
2013,4,20,4,0,17.2
2013,4,20,5,0,17.3
2013,4,20,6,1,17.4
2013,4,20,7,6,17.8
2013,4,20,8,13,18.2
2013,4,20,9,36,18.4
2013,4,20,10,254,18.7
2013,4,20,11,273,18.7
2013,4,20,12,392,18.6
2013,4,20,13,313,18.3
2013,4,20,14,348,18
2013,4,20,15,217,17.6
2013,4,20,16,80,17.2
2013,4,20,17,0,16.8
2013,4,20,18,0,16.4
2013,4,20,19,0,16.2
2013,4,20,20,0,16
2013,4,20,21,0,15.7
2013,4,20,22,0,15.5
2013,4,20,23,0,15.3
2013,4,21,0,0,15.1
2013,4,21,1,0,14.9
2013,4,21,2,0,14.8
2013,4,21,3,0,14.7
2013,4,21,4,0,14.7
2013,4,21,5,0,14.6
2013,4,21,6,13,14.8
2013,4,21,7,175,15.4
2013,4,21,8,368,16.2
2013,4,21,9,534,16.7
2013,4,21,10,655,17.8
2013,4,21,11,714,18.3
2013,4,21,12,709,18.5
2013,4,21,13,640,18.6
2013,4,21,14,509,18.5
2013,4,21,15,286,18.3
2013,4,21,16,111,17.7
2013,4,21,17,0,17.2
2013,4,21,18,0,17
2013,4,21,19,0,16.8
2013,4,21,20,0,16.6
2013,4,21,21,0,16.5
2013,4,21,22,0,16.4
2013,4,21,23,0,16.2
2013,4,22,0,0,15.9
2013,4,22,1,0,15.7
2013,4,22,2,0,15.5
2013,4,22,3,0,15.3
2013,4,22,4,0,15.1
2013,4,22,5,0,15
2013,4,22,6,2,15
2013,4,22,7,141,15.4
2013,4,22,8,135,16.4
2013,4,22,9,517,17.2
2013,4,22,10,644,19.5
2013,4,22,11,701,20.3
2013,4,22,12,693,20.9
2013,4,22,13,622,21.5
2013,4,22,14,102,21.8
2013,4,22,15,320,21.8
2013,4,22,16,21,21.3
2013,4,22,17,0,20.5
2013,4,22,18,0,19.6
2013,4,22,19,0,18.9
2013,4,22,20,0,18.3
2013,4,22,21,0,17.8
2013,4,22,22,0,17.2
2013,4,22,23,0,16.6
2013,4,23,0,0,16.2
2013,4,23,1,0,15.7
2013,4,23,2,0,15.3
2013,4,23,3,0,14.9
2013,4,23,4,0,14.5
2013,4,23,5,0,14.3
2013,4,23,6,0,14.6
2013,4,23,7,169,15.7
2013,4,23,8,360,17.3
2013,4,23,9,527,18.1
2013,4,23,10,645,19.9
2013,4,23,11,703,20.8
2013,4,23,12,695,21.5
2013,4,23,13,626,22
2013,4,23,14,496,22.2
2013,4,23,15,178,22
2013,4,23,16,126,21.3
2013,4,23,17,0,20.5
2013,4,23,18,0,19.8
2013,4,23,19,0,19
2013,4,23,20,0,18.1
2013,4,23,21,0,17.5
2013,4,23,22,0,17
2013,4,23,23,0,16.4
2013,4,24,0,0,15.9
2013,4,24,1,0,15.4
2013,4,24,2,0,15.1
2013,4,24,3,0,14.8
2013,4,24,4,0,14.5
2013,4,24,5,0,14.3
2013,4,24,6,0,14.5
2013,4,24,7,172,15.7
2013,4,24,8,366,17.2
2013,4,24,9,534,17.9
2013,4,24,10,653,19.2
2013,4,24,11,710,19.8
2013,4,24,12,700,20.2
2013,4,24,13,628,20.4
2013,4,24,14,497,20.4
2013,4,24,15,320,20.1
2013,4,24,16,125,19.1
2013,4,24,17,0,18.2
2013,4,24,18,0,17.9
2013,4,24,19,0,17.9
2013,4,24,20,0,18
2013,4,24,21,0,17.8
2013,4,24,22,0,17.4
2013,4,24,23,0,16.7
2013,4,25,0,0,15.9
2013,4,25,1,0,15.4
2013,4,25,2,0,15
2013,4,25,3,0,14.6
2013,4,25,4,0,14.1
2013,4,25,5,0,13.7
2013,4,25,6,0,13.9
2013,4,25,7,159,14.8
2013,4,25,8,350,16.1
2013,4,25,9,515,16.9
2013,4,25,10,638,18.4
2013,4,25,11,695,19.1
2013,4,25,12,687,19.6
2013,4,25,13,616,19.8
2013,4,25,14,485,20
2013,4,25,15,313,19.9
2013,4,25,16,122,19.4
2013,4,25,17,0,18.8
2013,4,25,18,0,18.4
2013,4,25,19,0,18
2013,4,25,20,0,17.3
2013,4,25,21,0,16.5
2013,4,25,22,0,15.8
2013,4,25,23,0,15.2
2013,4,26,0,0,14.7
2013,4,26,1,0,14.5
2013,4,26,2,0,14.7
2013,4,26,3,0,14.8
2013,4,26,4,0,14.7
2013,4,26,5,0,14.5
2013,4,26,6,0,14.9
2013,4,26,7,162,16.1
2013,4,26,8,352,17.8
2013,4,26,9,516,18.7
2013,4,26,10,632,20.8
2013,4,26,11,689,21.8
2013,4,26,12,681,22.6
2013,4,26,13,610,23.1
2013,4,26,14,480,23.3
2013,4,26,15,307,23
2013,4,26,16,116,22.1
2013,4,26,17,0,21.1
2013,4,26,18,0,20.4
2013,4,26,19,0,19.6
2013,4,26,20,0,18.9
2013,4,26,21,0,18.2
2013,4,26,22,0,17.5
2013,4,26,23,0,16.8
2013,4,27,0,0,16.2
2013,4,27,1,0,15.7
2013,4,27,2,0,15.4
2013,4,27,3,0,15.2
2013,4,27,4,0,15
2013,4,27,5,0,14.8
2013,4,27,6,0,15.1
2013,4,27,7,152,16
2013,4,27,8,339,17.6
2013,4,27,9,500,18.6
2013,4,27,10,621,21.1
2013,4,27,11,676,22
2013,4,27,12,669,22.6
2013,4,27,13,598,22.8
2013,4,27,14,470,22.9
2013,4,27,15,298,22.5
2013,4,27,16,110,21.4
2013,4,27,17,0,20.4
2013,4,27,18,0,19.8
2013,4,27,19,0,19.3
2013,4,27,20,0,18.8
2013,4,27,21,0,18.2
2013,4,27,22,0,17.6
2013,4,27,23,0,17
2013,4,28,0,0,16.6
2013,4,28,1,0,16.3
2013,4,28,2,0,16
2013,4,28,3,0,15.7
2013,4,28,4,0,15.4
2013,4,28,5,0,15.2
2013,4,28,6,0,15.5
2013,4,28,7,157,16.6
2013,4,28,8,351,18.2
2013,4,28,9,516,19.2
2013,4,28,10,635,22.4
2013,4,28,11,689,23.6
2013,4,28,12,677,24.1
2013,4,28,13,603,24.5
2013,4,28,14,472,24.8
2013,4,28,15,298,24.5
2013,4,28,16,109,23.5
2013,4,28,17,0,22.3
2013,4,28,18,0,21.5
2013,4,28,19,0,21
2013,4,28,20,0,20.4
2013,4,28,21,0,19.7
2013,4,28,22,0,18.9
2013,4,28,23,0,18.3
2013,4,29,0,0,17.6
2013,4,29,1,0,17
2013,4,29,2,0,16.5
2013,4,29,3,0,16
2013,4,29,4,0,15.6
2013,4,29,5,0,15.3
2013,4,29,6,0,15.5
2013,4,29,7,148,16.3
2013,4,29,8,332,17.7
2013,4,29,9,492,18.6
2013,4,29,10,608,21.9
2013,4,29,11,663,23.4
2013,4,29,12,652,24.3
2013,4,29,13,581,24.4
2013,4,29,14,452,24.1
2013,4,29,15,282,23.1
2013,4,29,16,70,21.5
2013,4,29,17,0,20.1
2013,4,29,18,0,19.6
2013,4,29,19,0,19.4
2013,4,29,20,0,19.4
2013,4,29,21,0,19.5
2013,4,29,22,0,19.5
2013,4,29,23,0,19.5
2013,4,30,0,0,19.4
2013,4,30,1,0,19.2
2013,4,30,2,0,18.9
2013,4,30,3,0,18.8
2013,4,30,4,0,18.8
2013,4,30,5,0,18.8
2013,4,30,6,0,19
2013,4,30,7,35,19.6
2013,4,30,8,91,20.2
2013,4,30,9,360,20.4
2013,4,30,10,308,21.4
2013,4,30,11,459,21.9
2013,4,30,12,440,22.1
2013,4,30,13,462,22
2013,4,30,14,226,21.6
2013,4,30,15,168,21
2013,4,30,16,51,20
2013,4,30,17,0,19.1
2013,4,30,18,0,18.7
2013,4,30,19,0,18.6
2013,4,30,20,0,18.7
2013,4,30,21,0,18.7
2013,4,30,22,0,18.5
2013,4,30,23,0,18.3
2013,5,1,0,0,18.2
2013,5,1,1,0,18
2013,5,1,2,0,17.6
2013,5,1,3,0,17.3
2013,5,1,4,0,17
2013,5,1,5,0,16.8
2013,5,1,6,0,16.9
2013,5,1,7,134,17.7
2013,5,1,8,315,19.1
2013,5,1,9,474,19.9
2013,5,1,10,590,21.9
2013,5,1,11,642,22.7
2013,5,1,12,629,23
2013,5,1,13,561,22.8
2013,5,1,14,430,22.2
2013,5,1,15,114,21.3
2013,5,1,16,85,20.3
2013,5,1,17,0,19.5
2013,5,1,18,0,19.1
2013,5,1,19,0,18.9
2013,5,1,20,0,18.7
2013,5,1,21,0,18.5
2013,5,1,22,0,18.2
2013,5,1,23,0,17.9
2013,5,2,0,0,17.7
2013,5,2,1,0,17.5
2013,5,2,2,0,17.2
2013,5,2,3,0,16.8
2013,5,2,4,0,16.2
2013,5,2,5,0,15.7
2013,5,2,6,0,15.6
2013,5,2,7,146,16
2013,5,2,8,332,16.3
2013,5,2,9,111,16.5
2013,5,2,10,600,17.2
2013,5,2,11,651,17.6
2013,5,2,12,637,17.9
2013,5,2,13,572,18
2013,5,2,14,448,18.1
2013,5,2,15,135,17.9
2013,5,2,16,39,17.3
2013,5,2,17,0,16.9
2013,5,2,18,0,16.6
2013,5,2,19,0,16.4
2013,5,2,20,0,16.2
2013,5,2,21,0,16.1
2013,5,2,22,0,15.9
2013,5,2,23,0,15.8
2013,5,3,0,0,15.6
2013,5,3,1,0,15.6
2013,5,3,2,0,15.5
2013,5,3,3,0,15.6
2013,5,3,4,0,15.7
2013,5,3,5,0,15.8
2013,5,3,6,0,15.9
2013,5,3,7,146,16.3
2013,5,3,8,334,17.1
2013,5,3,9,496,17.6
2013,5,3,10,611,18.7
2013,5,3,11,666,19.3
2013,5,3,12,657,19.9
2013,5,3,13,585,20.4
2013,5,3,14,456,20.6
2013,5,3,15,283,20.3
2013,5,3,16,96,19.3
2013,5,3,17,0,18.3
2013,5,3,18,0,17.7
2013,5,3,19,0,17.3
2013,5,3,20,0,16.8
2013,5,3,21,0,16.2
2013,5,3,22,0,15.5
2013,5,3,23,0,14.8
2013,5,4,0,0,14.4
2013,5,4,1,0,14.3
2013,5,4,2,0,14.4
2013,5,4,3,0,14.5
2013,5,4,4,0,14.7
2013,5,4,5,0,15
2013,5,4,6,0,15.4
2013,5,4,7,24,16.3
2013,5,4,8,58,17.5
2013,5,4,9,473,18.2
2013,5,4,10,477,20.8
2013,5,4,11,652,21.9
2013,5,4,12,638,22.1
2013,5,4,13,562,21.5
2013,5,4,14,429,20.2
2013,5,4,15,126,18.7
2013,5,4,16,35,17.5
2013,5,4,17,0,16.9
2013,5,4,18,0,16.7
2013,5,4,19,0,16.5
2013,5,4,20,0,16.2
2013,5,4,21,0,15.9
2013,5,4,22,0,15.6
2013,5,4,23,0,15.4
2013,5,5,0,0,15.1
2013,5,5,1,0,14.9
2013,5,5,2,0,14.6
2013,5,5,3,0,14.4
2013,5,5,4,0,14.2
2013,5,5,5,0,13.9
2013,5,5,6,0,14.1
2013,5,5,7,79,14.8
2013,5,5,8,210,15.7
2013,5,5,9,476,16.1
2013,5,5,10,591,16.8
2013,5,5,11,647,17.2
2013,5,5,12,639,17.4
2013,5,5,13,570,17.5
2013,5,5,14,442,17.4
2013,5,5,15,273,17.1
2013,5,5,16,89,16.4
2013,5,5,17,0,15.9
2013,5,5,18,0,15.7
2013,5,5,19,0,15.6
2013,5,5,20,0,15.5
2013,5,5,21,0,15.4
2013,5,5,22,0,15.3
2013,5,5,23,0,15.1
2013,5,6,0,0,14.9
2013,5,6,1,0,14.6
2013,5,6,2,0,14.3
2013,5,6,3,0,14.2
2013,5,6,4,0,14.1
2013,5,6,5,0,14
2013,5,6,6,0,14.4
2013,5,6,7,130,15.5
2013,5,6,8,310,16.7
2013,5,6,9,466,17.2
2013,5,6,10,579,18.2
2013,5,6,11,631,18.5
2013,5,6,12,622,18.5
2013,5,6,13,552,18.5
2013,5,6,14,214,18.3
2013,5,6,15,127,18
2013,5,6,16,46,17.4
2013,5,6,17,0,16.8
2013,5,6,18,0,16.6
2013,5,6,19,0,16.5
2013,5,6,20,0,16.4
2013,5,6,21,0,16.2
2013,5,6,22,0,16
2013,5,6,23,0,15.8
2013,5,7,0,0,15.6
2013,5,7,1,0,15.5
2013,5,7,2,0,15.3
2013,5,7,3,0,15.3
2013,5,7,4,0,15.4
2013,5,7,5,0,15.4
2013,5,7,6,0,15.7
2013,5,7,7,134,16.7
2013,5,7,8,316,17.9
2013,5,7,9,474,18.4
2013,5,7,10,583,19.4
2013,5,7,11,636,19.7
2013,5,7,12,627,19.8
2013,5,7,13,552,19.8
2013,5,7,14,424,19.6
2013,5,7,15,257,19.1
2013,5,7,16,80,18.4
2013,5,7,17,0,17.7
2013,5,7,18,0,17.4
2013,5,7,19,0,17.3
2013,5,7,20,0,17.4
2013,5,7,21,0,17.6
2013,5,7,22,0,17.8
2013,5,7,23,0,18
2013,5,8,0,0,18
2013,5,8,1,0,17.6
2013,5,8,2,0,17
2013,5,8,3,0,16.4
2013,5,8,4,0,16
2013,5,8,5,0,15.7
2013,5,8,6,0,15.8
2013,5,8,7,89,16.6
2013,5,8,8,225,17.7
2013,5,8,9,196,18.2
2013,5,8,10,570,19.6
2013,5,8,11,624,20.2
2013,5,8,12,613,20.6
2013,5,8,13,546,20.7
2013,5,8,14,421,20.7
2013,5,8,15,256,20.2
2013,5,8,16,79,19.4
2013,5,8,17,0,18.6
2013,5,8,18,0,18.1
2013,5,8,19,0,17.7
2013,5,8,20,0,17.5
2013,5,8,21,0,17.2
2013,5,8,22,0,17
2013,5,8,23,0,16.9
2013,5,9,0,0,16.6
2013,5,9,1,0,16.3
2013,5,9,2,0,15.9
2013,5,9,3,0,15.5
2013,5,9,4,0,15.2
2013,5,9,5,0,15
2013,5,9,6,0,15.2
2013,5,9,7,126,16.1
2013,5,9,8,306,17.6
2013,5,9,9,462,18.4
2013,5,9,10,572,20.2
2013,5,9,11,625,21
2013,5,9,12,621,21.5
2013,5,9,13,553,21.8
2013,5,9,14,428,21.8
2013,5,9,15,260,21.4
2013,5,9,16,79,20.3
2013,5,9,17,0,19.2
2013,5,9,18,0,18.6
2013,5,9,19,0,18.2
2013,5,9,20,0,17.9
2013,5,9,21,0,17.5
2013,5,9,22,0,16.9
2013,5,9,23,0,16.3
2013,5,10,0,0,15.7
2013,5,10,1,0,15.4
2013,5,10,2,0,15.2
2013,5,10,3,0,15.1
2013,5,10,4,0,15
2013,5,10,5,0,14.8
2013,5,10,6,0,14.9
2013,5,10,7,120,15.8
2013,5,10,8,296,17.3
2013,5,10,9,449,18
2013,5,10,10,564,19.8
2013,5,10,11,614,20.5
2013,5,10,12,605,20.9
2013,5,10,13,537,21
2013,5,10,14,411,20.8
2013,5,10,15,247,20.3
2013,5,10,16,73,19.4
2013,5,10,17,0,18.5
2013,5,10,18,0,18.1
2013,5,10,19,0,18
2013,5,10,20,0,18
2013,5,10,21,0,18
2013,5,10,22,0,17.9
2013,5,10,23,0,17.8
2013,5,11,0,0,17.6
2013,5,11,1,0,17.3
2013,5,11,2,0,17.1
2013,5,11,3,0,17
2013,5,11,4,0,17
2013,5,11,5,0,17
2013,5,11,6,0,17.3
2013,5,11,7,52,18
2013,5,11,8,289,18.9
2013,5,11,9,444,19.3
2013,5,11,10,543,20.5
2013,5,11,11,373,21
2013,5,11,12,115,21.3
2013,5,11,13,358,21.3
2013,5,11,14,256,21.1
2013,5,11,15,235,20.7
2013,5,11,16,67,19.9
2013,5,11,17,0,19.2
2013,5,11,18,0,18.8
2013,5,11,19,0,18.5
2013,5,11,20,0,18.3
2013,5,11,21,0,18.2
2013,5,11,22,0,18
2013,5,11,23,0,17.9
2013,5,12,0,0,17.7
2013,5,12,1,0,17.4
2013,5,12,2,0,17.1
2013,5,12,3,0,16.8
2013,5,12,4,0,16.5
2013,5,12,5,0,16.3
2013,5,12,6,0,16.4
2013,5,12,7,118,17.1
2013,5,12,8,295,18.1
2013,5,12,9,450,18.6
2013,5,12,10,553,19.9
2013,5,12,11,605,20.6
2013,5,12,12,597,21.2
2013,5,12,13,532,21.5
2013,5,12,14,408,21.6
2013,5,12,15,244,21.1
2013,5,12,16,69,20.2
2013,5,12,17,0,19.4
2013,5,12,18,0,19
2013,5,12,19,0,18.8
2013,5,12,20,0,18.5
2013,5,12,21,0,18.2
2013,5,12,22,0,17.7
2013,5,12,23,0,17.2
2013,5,13,0,0,16.7
2013,5,13,1,0,16.3
2013,5,13,2,0,16
2013,5,13,3,0,15.7
2013,5,13,4,0,15.6
2013,5,13,5,0,15.6
2013,5,13,6,0,15.8
2013,5,13,7,97,16.3
2013,5,13,8,250,16.9
2013,5,13,9,111,17.1
2013,5,13,10,356,19.3
2013,5,13,11,444,20.6
2013,5,13,12,388,21.4
2013,5,13,13,175,21.7
2013,5,13,14,74,21.6
2013,5,13,15,182,21.1
2013,5,13,16,49,20.4
2013,5,13,17,0,19.7
2013,5,13,18,0,19.2
2013,5,13,19,0,18.8
2013,5,13,20,0,18.4
2013,5,13,21,0,17.9
2013,5,13,22,0,17.3
2013,5,13,23,0,16.9
2013,5,14,0,0,16.7
2013,5,14,1,0,16.5
2013,5,14,2,0,16.2
2013,5,14,3,0,15.8
2013,5,14,4,0,15.5
2013,5,14,5,0,15.2
2013,5,14,6,0,14.9
2013,5,14,7,16,14.7
2013,5,14,8,39,14.8
2013,5,14,9,201,14.9
2013,5,14,10,400,16.3
2013,5,14,11,605,17.4
2013,5,14,12,603,18.3
2013,5,14,13,539,18.8
2013,5,14,14,412,18.9
2013,5,14,15,245,18.5
2013,5,14,16,67,17.6
2013,5,14,17,0,16.8
2013,5,14,18,0,16.5
2013,5,14,19,0,16.2
2013,5,14,20,0,15.5
2013,5,14,21,0,14.6
2013,5,14,22,0,14.1
2013,5,14,23,0,13.6
2013,5,15,0,0,13.3
2013,5,15,1,0,13
2013,5,15,2,0,12.8
2013,5,15,3,0,12.6
2013,5,15,4,0,12.3
2013,5,15,5,0,12
2013,5,15,6,0,12.1
2013,5,15,7,113,12.8
2013,5,15,8,288,14.2
2013,5,15,9,441,15
2013,5,15,10,551,17.4
2013,5,15,11,604,18.6
2013,5,15,12,594,19.4
2013,5,15,13,523,20
2013,5,15,14,399,20.1
2013,5,15,15,235,19.6
2013,5,15,16,63,18.7
2013,5,15,17,0,17.7
2013,5,15,18,0,17
2013,5,15,19,0,16.5
2013,5,15,20,0,16.2
2013,5,15,21,0,15.9
2013,5,15,22,0,15.8
2013,5,15,23,0,15.7
2013,5,16,0,0,15.6
2013,5,16,1,0,15.5
2013,5,16,2,0,15.5
2013,5,16,3,0,15.5
2013,5,16,4,0,15.4
2013,5,16,5,0,15.3
2013,5,16,6,0,15.5
2013,5,16,7,108,16.4
2013,5,16,8,281,17.5
2013,5,16,9,434,18
2013,5,16,10,540,19.2
2013,5,16,11,590,19.8
2013,5,16,12,582,20.1
2013,5,16,13,42,20.2
2013,5,16,14,284,20.1
2013,5,16,15,236,19.5
2013,5,16,16,63,18.4
2013,5,16,17,0,17.3
2013,5,16,18,0,16.5
2013,5,16,19,0,15.9
2013,5,16,20,0,15.4
2013,5,16,21,0,15.1
2013,5,16,22,0,14.8
2013,5,16,23,0,14.6
2013,5,17,0,0,14.4
2013,5,17,1,0,14.2
2013,5,17,2,0,14
2013,5,17,3,0,13.9
2013,5,17,4,0,13.7
2013,5,17,5,0,13.5
2013,5,17,6,0,13.7
2013,5,17,7,109,14.5
2013,5,17,8,285,15.5
2013,5,17,9,439,15.9
2013,5,17,10,548,17.2
2013,5,17,11,601,17.9
2013,5,17,12,592,18.5
2013,5,17,13,521,18.7
2013,5,17,14,396,18.6
2013,5,17,15,233,18.1
2013,5,17,16,61,17.2
2013,5,17,17,0,16.4
2013,5,17,18,0,15.9
2013,5,17,19,0,15.5
2013,5,17,20,0,15.1
2013,5,17,21,0,14.8
2013,5,17,22,0,14.5
2013,5,17,23,0,14.2
2013,5,18,0,0,14
2013,5,18,1,0,13.9
2013,5,18,2,0,13.8
2013,5,18,3,0,13.8
2013,5,18,4,0,13.7
2013,5,18,5,0,13.6
2013,5,18,6,0,13.7
2013,5,18,7,106,14.5
2013,5,18,8,281,15.4
2013,5,18,9,436,15.9
2013,5,18,10,548,17
2013,5,18,11,601,17.6
2013,5,18,12,594,18
2013,5,18,13,524,18.2
2013,5,18,14,397,18.3
2013,5,18,15,233,18
2013,5,18,16,59,17.2
2013,5,18,17,0,16.5
2013,5,18,18,0,16.1
2013,5,18,19,0,15.4
2013,5,18,20,0,14.6
2013,5,18,21,0,13.9
2013,5,18,22,0,13.3
2013,5,18,23,0,12.9
2013,5,19,0,0,12.7
2013,5,19,1,0,12.5
2013,5,19,2,0,12.4
2013,5,19,3,0,12.3
2013,5,19,4,0,12.1
2013,5,19,5,0,12
2013,5,19,6,0,12.2
2013,5,19,7,34,13
2013,5,19,8,276,14.2
2013,5,19,9,430,14.7
2013,5,19,10,542,16.3
2013,5,19,11,595,17.2
2013,5,19,12,586,17.7
2013,5,19,13,517,18.1
2013,5,19,14,393,18.3
2013,5,19,15,229,18
2013,5,19,16,18,17.2
2013,5,19,17,0,16.5
2013,5,19,18,0,16
2013,5,19,19,0,15.4
2013,5,19,20,0,14.7
2013,5,19,21,0,14.1
2013,5,19,22,0,13.8
2013,5,19,23,0,13.5
2013,5,20,0,0,13.3
2013,5,20,1,0,13.1
2013,5,20,2,0,12.9
2013,5,20,3,0,12.7
2013,5,20,4,0,12.5
2013,5,20,5,0,12.3
2013,5,20,6,0,12.4
2013,5,20,7,29,13.2
2013,5,20,8,107,14.6
2013,5,20,9,429,15.2
2013,5,20,10,536,16.8
2013,5,20,11,587,17.6
2013,5,20,12,576,18.1
2013,5,20,13,505,18.5
2013,5,20,14,382,18.8
2013,5,20,15,221,18.5
2013,5,20,16,55,17.7
2013,5,20,17,0,17
2013,5,20,18,0,16.5
2013,5,20,19,0,16
2013,5,20,20,0,15.4
2013,5,20,21,0,15
2013,5,20,22,0,14.7
2013,5,20,23,0,14.5
2013,5,21,0,0,14.3
2013,5,21,1,0,14.1
2013,5,21,2,0,13.9
2013,5,21,3,0,13.7
2013,5,21,4,0,13.6
2013,5,21,5,0,13.5
2013,5,21,6,0,13.7
2013,5,21,7,95,14.8
2013,5,21,8,264,16.4
2013,5,21,9,415,17.2
2013,5,21,10,524,19.6
2013,5,21,11,576,20.4
2013,5,21,12,566,20.7
2013,5,21,13,178,20.8
2013,5,21,14,51,20.5
2013,5,21,15,63,19.8
2013,5,21,16,53,18.8
2013,5,21,17,0,18.2
2013,5,21,18,0,17.8
2013,5,21,19,0,17.5
2013,5,21,20,0,17.1
2013,5,21,21,0,16.6
2013,5,21,22,0,16.2
2013,5,21,23,0,15.8
2013,5,22,0,0,15.6
2013,5,22,1,0,15.3
2013,5,22,2,0,15.1
2013,5,22,3,0,14.9
2013,5,22,4,0,14.8
2013,5,22,5,0,14.8
2013,5,22,6,0,14.8
2013,5,22,7,66,15.5
2013,5,22,8,259,16.3
2013,5,22,9,313,16.7
2013,5,22,10,144,17.1
2013,5,22,11,220,17
2013,5,22,12,182,16.8
2013,5,22,13,22,16.4
2013,5,22,14,130,15.9
2013,5,22,15,67,15.3
2013,5,22,16,17,14.8
2013,5,22,17,0,14.5
2013,5,22,18,0,14.6
2013,5,22,19,0,14.6
2013,5,22,20,0,14.6
2013,5,22,21,0,14.6
2013,5,22,22,0,14.7
2013,5,22,23,0,14.8
2013,5,23,0,0,14.9
2013,5,23,1,0,15.1
2013,5,23,2,0,15.4
2013,5,23,3,0,15.7
2013,5,23,4,0,16
2013,5,23,5,0,16.3
2013,5,23,6,0,16.5
2013,5,23,7,46,16.7
2013,5,23,8,53,17
2013,5,23,9,159,17.1
2013,5,23,10,176,17.3
2013,5,23,11,28,17.3
2013,5,23,12,179,17.4
2013,5,23,13,321,17.5
2013,5,23,14,230,17.7
2013,5,23,15,52,17.7
2013,5,23,16,45,17.6
2013,5,23,17,0,17.6
2013,5,23,18,0,17.5
2013,5,23,19,0,17.4
2013,5,23,20,0,17.3
2013,5,23,21,0,17.2
2013,5,23,22,0,17
2013,5,23,23,0,16.9
2013,5,24,0,0,16.9
2013,5,24,1,0,16.8
2013,5,24,2,0,16.6
2013,5,24,3,0,16.4
2013,5,24,4,0,16.3
2013,5,24,5,0,16.3
2013,5,24,6,0,16.5
2013,5,24,7,21,17.1
2013,5,24,8,71,17.7
2013,5,24,9,397,17.9
2013,5,24,10,353,18.3
2013,5,24,11,562,18.4
2013,5,24,12,249,18.5
2013,5,24,13,337,18.5
2013,5,24,14,150,18.2
2013,5,24,15,208,17.9
2013,5,24,16,46,17.5
2013,5,24,17,0,17.2
2013,5,24,18,0,17.2
2013,5,24,19,0,17.1
2013,5,24,20,0,17
2013,5,24,21,0,16.8
2013,5,24,22,0,16.5
2013,5,24,23,0,16.2
2013,5,25,0,0,16.1
2013,5,25,1,0,16
2013,5,25,2,0,15.9
2013,5,25,3,0,15.8
2013,5,25,4,0,15.6
2013,5,25,5,0,15.2
2013,5,25,6,0,14.9
2013,5,25,7,88,15.1
2013,5,25,8,259,15.7
2013,5,25,9,411,15.9
2013,5,25,10,517,16.9
2013,5,25,11,569,17.4
2013,5,25,12,562,17.9
2013,5,25,13,498,18.1
2013,5,25,14,378,18.1
2013,5,25,15,217,17.7
2013,5,25,16,50,17.3
2013,5,25,17,0,17.2
2013,5,25,18,0,17.2
2013,5,25,19,0,17
2013,5,25,20,0,16.5
2013,5,25,21,0,15.7
2013,5,25,22,0,14.8
2013,5,25,23,0,14
2013,5,26,0,0,13.4
2013,5,26,1,0,12.8
2013,5,26,2,0,12.5
2013,5,26,3,0,12.4
2013,5,26,4,0,12.2
2013,5,26,5,0,12.1
2013,5,26,6,0,12.3
2013,5,26,7,89,13.1
2013,5,26,8,259,14.5
2013,5,26,9,410,15.3
2013,5,26,10,516,17.4
2013,5,26,11,568,18.3
2013,5,26,12,559,18.9
2013,5,26,13,491,19.2
2013,5,26,14,370,19.1
2013,5,26,15,211,18.6
2013,5,26,16,47,17.9
2013,5,26,17,0,17.4
2013,5,26,18,0,17.3
2013,5,26,19,0,17.5
2013,5,26,20,0,17.4
2013,5,26,21,0,16.9
2013,5,26,22,0,16.2
2013,5,26,23,0,15.5
2013,5,27,0,0,14.9
2013,5,27,1,0,14.4
2013,5,27,2,0,14.1
2013,5,27,3,0,14
2013,5,27,4,0,13.9
2013,5,27,5,0,13.9
2013,5,27,6,0,14.2
2013,5,27,7,54,15.3
2013,5,27,8,178,16.4
2013,5,27,9,390,16.9
2013,5,27,10,494,17.8
2013,5,27,11,544,18.2
2013,5,27,12,532,18.4
2013,5,27,13,465,18.2
2013,5,27,14,343,17.9
2013,5,27,15,187,17.5
2013,5,27,16,38,17.1
2013,5,27,17,0,16.9
2013,5,27,18,0,16.7
2013,5,27,19,0,16.5
2013,5,27,20,0,16.2
2013,5,27,21,0,16.1
2013,5,27,22,0,16
2013,5,27,23,0,15.9
2013,5,28,0,0,15.9
2013,5,28,1,0,15.8
2013,5,28,2,0,15.7
2013,5,28,3,0,15.7
2013,5,28,4,0,15.6
2013,5,28,5,0,15.6
2013,5,28,6,0,15.7
2013,5,28,7,76,16.2
2013,5,28,8,197,16.7
2013,5,28,9,200,16.9
2013,5,28,10,338,17.4
2013,5,28,11,388,17.7
2013,5,28,12,528,18
2013,5,28,13,465,18.3
2013,5,28,14,130,18.2
2013,5,28,15,64,17.9
2013,5,28,16,12,17.3
2013,5,28,17,0,17
2013,5,28,18,0,16.8
2013,5,28,19,0,16.6
2013,5,28,20,0,16.4
2013,5,28,21,0,16.2
2013,5,28,22,0,15.9
2013,5,28,23,0,15.7
2013,5,29,0,0,15.4
2013,5,29,1,0,15.2
2013,5,29,2,0,15
2013,5,29,3,0,14.8
2013,5,29,4,0,14.6
2013,5,29,5,0,14.3
2013,5,29,6,0,14.3
2013,5,29,7,75,14.8
2013,5,29,8,235,15.7
2013,5,29,9,382,16.1
2013,5,29,10,487,17.7
2013,5,29,11,538,18.7
2013,5,29,12,530,19.5
2013,5,29,13,465,20.1
2013,5,29,14,348,20.2
2013,5,29,15,193,19.7
2013,5,29,16,39,18.8
2013,5,29,17,0,18.2
2013,5,29,18,0,17.8
2013,5,29,19,0,17.5
2013,5,29,20,0,17.1
2013,5,29,21,0,16.8
2013,5,29,22,0,16.4
2013,5,29,23,0,16
2013,5,30,0,0,15.6
2013,5,30,1,0,15.2
2013,5,30,2,0,15
2013,5,30,3,0,15
2013,5,30,4,0,14.9
2013,5,30,5,0,14.7
2013,5,30,6,0,14.7
2013,5,30,7,76,15.2
2013,5,30,8,112,16.3
2013,5,30,9,385,16.9
2013,5,30,10,489,18.7
2013,5,30,11,540,19.8
2013,5,30,12,532,20.5
2013,5,30,13,468,20.9
2013,5,30,14,352,20.9
2013,5,30,15,90,20.2
2013,5,30,16,16,19.3
2013,5,30,17,0,18.7
2013,5,30,18,0,18.3
2013,5,30,19,0,18
2013,5,30,20,0,17.7
2013,5,30,21,0,17.4
2013,5,30,22,0,17.1
2013,5,30,23,0,16.8
2013,5,31,0,0,16.4
2013,5,31,1,0,15.9
2013,5,31,2,0,15.4
2013,5,31,3,0,15
2013,5,31,4,0,14.6
2013,5,31,5,0,14.2
2013,5,31,6,0,14.1
2013,5,31,7,75,14.6
2013,5,31,8,236,15.6
2013,5,31,9,382,16.2
2013,5,31,10,488,18.8
2013,5,31,11,539,20.2
2013,5,31,12,532,21.2
2013,5,31,13,467,21.8
2013,5,31,14,350,21.8
2013,5,31,15,196,21.1
2013,5,31,16,41,20
2013,5,31,17,0,19.2
2013,5,31,18,0,18.7
2013,5,31,19,0,18.2
2013,5,31,20,0,17.9
2013,5,31,21,0,17.5
2013,5,31,22,0,17.1
2013,5,31,23,0,16.7
2013,6,1,0,0,16.3
2013,6,1,1,0,16
2013,6,1,2,0,15.7
2013,6,1,3,0,15.4
2013,6,1,4,0,15.2
2013,6,1,5,0,15
2013,6,1,6,0,15.1
2013,6,1,7,44,15.7
2013,6,1,8,148,16.8
2013,6,1,9,168,17.4
2013,6,1,10,377,19.3
2013,6,1,11,392,19.9
2013,6,1,12,264,19.9
2013,6,1,13,137,19.6
2013,6,1,14,105,19.1
2013,6,1,15,53,18.4
2013,6,1,16,13,17.9
2013,6,1,17,0,17.5
2013,6,1,18,0,17.3
2013,6,1,19,0,17
2013,6,1,20,0,16.8
2013,6,1,21,0,16.5
2013,6,1,22,0,16.3
2013,6,1,23,0,16.2
2013,6,2,0,0,16
2013,6,2,1,0,15.8
2013,6,2,2,0,15.6
2013,6,2,3,0,15.5
2013,6,2,4,0,15.3
2013,6,2,5,0,15.2
2013,6,2,6,0,15.2
2013,6,2,7,4,15.4
2013,6,2,8,8,15.7
2013,6,2,9,17,15.8
2013,6,2,10,17,16
2013,6,2,11,24,15.9
2013,6,2,12,30,15.8
2013,6,2,13,130,15.9
2013,6,2,14,315,15.9
2013,6,2,15,87,16
2013,6,2,16,15,15.9
2013,6,2,17,0,15.8
2013,6,2,18,0,15.8
2013,6,2,19,0,15.7
2013,6,2,20,0,15.6
2013,6,2,21,0,15.4
2013,6,2,22,0,15.3
2013,6,2,23,0,15.1
2013,6,3,0,0,15
2013,6,3,1,0,14.9
2013,6,3,2,0,14.7
2013,6,3,3,0,14.5
2013,6,3,4,0,14.2
2013,6,3,5,0,13.7
2013,6,3,6,0,13.4
2013,6,3,7,69,13.4
2013,6,3,8,232,13.9
2013,6,3,9,381,14.2
2013,6,3,10,488,15.3
2013,6,3,11,542,15.9
2013,6,3,12,536,16.3
2013,6,3,13,476,16.6
2013,6,3,14,358,16.7
2013,6,3,15,202,16.4
2013,6,3,16,35,15.8
2013,6,3,17,0,15.4
2013,6,3,18,0,15.2
2013,6,3,19,0,14.8
2013,6,3,20,0,14.3
2013,6,3,21,0,13.8
2013,6,3,22,0,13.4
2013,6,3,23,0,13.3
2013,6,4,0,0,13.2
2013,6,4,1,0,13
2013,6,4,2,0,13
2013,6,4,3,0,13.1
2013,6,4,4,0,13.2
2013,6,4,5,0,13.3
2013,6,4,6,0,13.3
2013,6,4,7,25,13.7
2013,6,4,8,224,14.5
2013,6,4,9,371,14.9
2013,6,4,10,481,16.4
2013,6,4,11,535,17.1
2013,6,4,12,530,17.6
2013,6,4,13,467,17.9
2013,6,4,14,351,17.9
2013,6,4,15,197,17.6
2013,6,4,16,41,17
2013,6,4,17,0,16.8
2013,6,4,18,0,16.8
2013,6,4,19,0,16.8
2013,6,4,20,0,16.8
2013,6,4,21,0,16.7
2013,6,4,22,0,16.5
2013,6,4,23,0,16.3
2013,6,5,0,0,15.9
2013,6,5,1,0,15.5
2013,6,5,2,0,14.9
2013,6,5,3,0,14.4
2013,6,5,4,0,14.1
2013,6,5,5,0,13.9
2013,6,5,6,0,13.7
2013,6,5,7,15,14
2013,6,5,8,43,14.7
2013,6,5,9,286,15.1
2013,6,5,10,467,16.2
2013,6,5,11,520,16.9
2013,6,5,12,383,17.5
2013,6,5,13,370,17.8
2013,6,5,14,332,17.9
2013,6,5,15,147,17.6
2013,6,5,16,28,17.1
2013,6,5,17,0,16.7
2013,6,5,18,0,16.5
2013,6,5,19,0,16.1
2013,6,5,20,0,15.6
2013,6,5,21,0,15.2
2013,6,5,22,0,14.7
2013,6,5,23,0,14
2013,6,6,0,0,13.5
2013,6,6,1,0,13.2
2013,6,6,2,0,13.1
2013,6,6,3,0,13.1
2013,6,6,4,0,13.3
2013,6,6,5,0,13.4
2013,6,6,6,0,13.5
2013,6,6,7,40,14.1
2013,6,6,8,96,15.1
2013,6,6,9,254,15.7
2013,6,6,10,252,17.6
2013,6,6,11,307,18.7
2013,6,6,12,326,19.5
2013,6,6,13,227,19.8
2013,6,6,14,29,19.7
2013,6,6,15,15,19.1
2013,6,6,16,6,18.4
2013,6,6,17,0,17.8
2013,6,6,18,0,17.4
2013,6,6,19,0,17.1
2013,6,6,20,0,16.8
2013,6,6,21,0,16.6
2013,6,6,22,0,16.5
2013,6,6,23,0,16.3
2013,6,7,0,0,16.1
2013,6,7,1,0,16
2013,6,7,2,0,16
2013,6,7,3,0,16
2013,6,7,4,0,16.1
2013,6,7,5,0,16.2
2013,6,7,6,0,16.3
2013,6,7,7,4,16.5
2013,6,7,8,8,16.9
2013,6,7,9,30,17.2
2013,6,7,10,215,18
2013,6,7,11,397,18.8
2013,6,7,12,231,19.8
2013,6,7,13,334,20.4
2013,6,7,14,104,20.4
2013,6,7,15,191,19.9
2013,6,7,16,37,19
2013,6,7,17,0,18.2
2013,6,7,18,0,17.7
2013,6,7,19,0,17.2
2013,6,7,20,0,16.8
2013,6,7,21,0,16.4
2013,6,7,22,0,16
2013,6,7,23,0,15.8
2013,6,8,0,0,15.7
2013,6,8,1,0,15.7
2013,6,8,2,0,15.6
2013,6,8,3,0,15.5
2013,6,8,4,0,15.4
2013,6,8,5,0,15.3
2013,6,8,6,0,15.3
2013,6,8,7,21,15.7
2013,6,8,8,86,16.4
2013,6,8,9,131,16.6
2013,6,8,10,296,17.1
2013,6,8,11,528,17.3
2013,6,8,12,273,17.4
2013,6,8,13,99,17.3
2013,6,8,14,82,17.1
2013,6,8,15,40,16.6
2013,6,8,16,8,16.1
2013,6,8,17,0,15.7
2013,6,8,18,0,15.5
2013,6,8,19,0,15.4
2013,6,8,20,0,15.4
2013,6,8,21,0,15.3
2013,6,8,22,0,15.3
2013,6,8,23,0,15.2
2013,6,9,0,0,15.2
2013,6,9,1,0,15
2013,6,9,2,0,14.8
2013,6,9,3,0,14.5
2013,6,9,4,0,14.2
2013,6,9,5,0,13.8
2013,6,9,6,0,13.5
2013,6,9,7,31,14
2013,6,9,8,220,15
2013,6,9,9,366,15.6
2013,6,9,10,471,17.2
2013,6,9,11,523,17.9
2013,6,9,12,354,18.2
2013,6,9,13,348,18.4
2013,6,9,14,254,18.3
2013,6,9,15,108,17.9
2013,6,9,16,25,17.1
2013,6,9,17,0,16.5
2013,6,9,18,0,16.2
2013,6,9,19,0,16.1
2013,6,9,20,0,15.8
2013,6,9,21,0,15.5
2013,6,9,22,0,15.1
2013,6,9,23,0,14.6
2013,6,10,0,0,14.2
2013,6,10,1,0,13.9
2013,6,10,2,0,13.5
2013,6,10,3,0,13.2
2013,6,10,4,0,12.9
2013,6,10,5,0,12.7
2013,6,10,6,0,12.7
2013,6,10,7,58,13.3
2013,6,10,8,211,14.2
2013,6,10,9,229,14.6
2013,6,10,10,459,16
2013,6,10,11,438,16.8
2013,6,10,12,318,17.4
2013,6,10,13,180,17.7
2013,6,10,14,79,17.8
2013,6,10,15,40,17.3
2013,6,10,16,10,16.6
2013,6,10,17,0,16.2
2013,6,10,18,0,15.9
2013,6,10,19,0,15.7
2013,6,10,20,0,15.4
2013,6,10,21,0,15.2
2013,6,10,22,0,15
2013,6,10,23,0,14.8
2013,6,11,0,0,14.7
2013,6,11,1,0,14.4
2013,6,11,2,0,14.1
2013,6,11,3,0,13.8
2013,6,11,4,0,13.5
2013,6,11,5,0,13.3
2013,6,11,6,0,13.3
2013,6,11,7,59,13.7
2013,6,11,8,216,14.4
2013,6,11,9,364,14.7
2013,6,11,10,474,16.2
2013,6,11,11,529,16.9
2013,6,11,12,524,17.5
2013,6,11,13,416,17.8
2013,6,11,14,344,17.8
2013,6,11,15,164,17.4
2013,6,11,16,13,16.6
2013,6,11,17,0,16.2
2013,6,11,18,0,16.2
2013,6,11,19,0,16.3
2013,6,11,20,0,16.5
2013,6,11,21,0,16.5
2013,6,11,22,0,16.3
2013,6,11,23,0,15.8
2013,6,12,0,0,15.4
2013,6,12,1,0,15.1
2013,6,12,2,0,15
2013,6,12,3,0,14.9
2013,6,12,4,0,14.9
2013,6,12,5,0,14.8
2013,6,12,6,0,15
2013,6,12,7,20,15.4
2013,6,12,8,78,16.3
2013,6,12,9,66,16.7
2013,6,12,10,19,17.2
2013,6,12,11,139,17.2
2013,6,12,12,61,17.1
2013,6,12,13,129,17
2013,6,12,14,182,16.8
2013,6,12,15,92,16.4
2013,6,12,16,18,15.7
2013,6,12,17,0,15.4
2013,6,12,18,0,15.3
2013,6,12,19,0,15.2
2013,6,12,20,0,15
2013,6,12,21,0,14.9
2013,6,12,22,0,14.7
2013,6,12,23,0,14.4
2013,6,13,0,0,14.2
2013,6,13,1,0,13.9
2013,6,13,2,0,13.5
2013,6,13,3,0,13.2
2013,6,13,4,0,12.8
2013,6,13,5,0,12.5
2013,6,13,6,0,12.4
2013,6,13,7,57,12.9
2013,6,13,8,212,13.8
2013,6,13,9,357,14.2
2013,6,13,10,464,15.9
2013,6,13,11,517,16.9
2013,6,13,12,263,17.6
2013,6,13,13,276,18
2013,6,13,14,336,18.2
2013,6,13,15,187,17.8
2013,6,13,16,36,17
2013,6,13,17,0,16.4
2013,6,13,18,0,15.8
2013,6,13,19,0,15.2
2013,6,13,20,0,14.6
2013,6,13,21,0,14.1
2013,6,13,22,0,13.8
2013,6,13,23,0,13.5
2013,6,14,0,0,13.2
2013,6,14,1,0,13
2013,6,14,2,0,12.8
2013,6,14,3,0,12.7
2013,6,14,4,0,12.6
2013,6,14,5,0,12.4
2013,6,14,6,0,12.5
2013,6,14,7,33,13.1
2013,6,14,8,214,14.2
2013,6,14,9,360,14.8
2013,6,14,10,464,16.3
2013,6,14,11,517,16.9
2013,6,14,12,512,17.4
2013,6,14,13,333,17.7
2013,6,14,14,186,17.7
2013,6,14,15,92,17.2
2013,6,14,16,15,16.3
2013,6,14,17,0,15.7
2013,6,14,18,0,15.4
2013,6,14,19,0,15.2
2013,6,14,20,0,15
2013,6,14,21,0,14.7
2013,6,14,22,0,14.4
2013,6,14,23,0,14.2
2013,6,15,0,0,13.9
2013,6,15,1,0,13.8
2013,6,15,2,0,13.6
2013,6,15,3,0,13.7
2013,6,15,4,0,13.8
2013,6,15,5,0,14.1
2013,6,15,6,0,14.3
2013,6,15,7,14,14.5
2013,6,15,8,192,14.8
2013,6,15,9,339,15
2013,6,15,10,451,15.6
2013,6,15,11,178,16.1
2013,6,15,12,109,16.5
2013,6,15,13,206,16.7
2013,6,15,14,78,16.8
2013,6,15,15,38,16.5
2013,6,15,16,7,16.1
2013,6,15,17,0,15.8
2013,6,15,18,0,15.6
2013,6,15,19,0,15.3
2013,6,15,20,0,14.9
2013,6,15,21,0,14.6
2013,6,15,22,0,14.2
2013,6,15,23,0,13.9
2013,6,16,0,0,13.8
2013,6,16,1,0,13.7
2013,6,16,2,0,13.4
2013,6,16,3,0,13.1
2013,6,16,4,0,12.7
2013,6,16,5,0,12.3
2013,6,16,6,0,12.2
2013,6,16,7,56,12.5
2013,6,16,8,214,13.4
2013,6,16,9,363,13.8
2013,6,16,10,472,15
2013,6,16,11,526,15.6
2013,6,16,12,522,16
2013,6,16,13,461,16.3
2013,6,16,14,346,16.4
2013,6,16,15,195,16
2013,6,16,16,39,15.5
2013,6,16,17,0,15.1
2013,6,16,18,0,14.8
2013,6,16,19,0,14.2
2013,6,16,20,0,13.6
2013,6,16,21,0,13
2013,6,16,22,0,12.6
2013,6,16,23,0,12.1
2013,6,17,0,0,11.8
2013,6,17,1,0,11.5
2013,6,17,2,0,11.3
2013,6,17,3,0,11.3
2013,6,17,4,0,11.2
2013,6,17,5,0,11.2
2013,6,17,6,0,11.4
2013,6,17,7,13,11.9
2013,6,17,8,55,12.8
2013,6,17,9,221,13.3
2013,6,17,10,182,14.8
2013,6,17,11,241,15.4
2013,6,17,12,490,15.8
2013,6,17,13,136,15.9
2013,6,17,14,324,15.8
2013,6,17,15,177,15.5
2013,6,17,16,8,14.9
2013,6,17,17,0,14.4
2013,6,17,18,0,14.2
2013,6,17,19,0,14
2013,6,17,20,0,13.8
2013,6,17,21,0,13.5
2013,6,17,22,0,13.2
2013,6,17,23,0,12.9
2013,6,18,0,0,12.7
2013,6,18,1,0,12.4
2013,6,18,2,0,12.2
2013,6,18,3,0,12
2013,6,18,4,0,12
2013,6,18,5,0,11.9
2013,6,18,6,0,11.9
2013,6,18,7,54,12.4
2013,6,18,8,210,13.3
2013,6,18,9,357,13.7
2013,6,18,10,466,14.8
2013,6,18,11,520,15.3
2013,6,18,12,516,15.6
2013,6,18,13,456,15.6
2013,6,18,14,342,15.5
2013,6,18,15,191,15
2013,6,18,16,10,14.4
2013,6,18,17,0,14.1
2013,6,18,18,0,14
2013,6,18,19,0,13.8
2013,6,18,20,0,13.5
2013,6,18,21,0,13.3
2013,6,18,22,0,13
2013,6,18,23,0,12.7
2013,6,19,0,0,12.5
2013,6,19,1,0,12.4
2013,6,19,2,0,12.5
2013,6,19,3,0,12.6
2013,6,19,4,0,12.7
2013,6,19,5,0,12.7
2013,6,19,6,0,12.8
2013,6,19,7,14,13.2
2013,6,19,8,147,13.8
2013,6,19,9,120,14.1
2013,6,19,10,204,15.2
2013,6,19,11,512,15.8
2013,6,19,12,272,16.1
2013,6,19,13,308,16.1
2013,6,19,14,181,15.8
2013,6,19,15,90,15.1
2013,6,19,16,15,14.4
2013,6,19,17,0,14
2013,6,19,18,0,13.7
2013,6,19,19,0,13.5
2013,6,19,20,0,13.3
2013,6,19,21,0,13.1
2013,6,19,22,0,12.8
2013,6,19,23,0,12.6
2013,6,20,0,0,12.6
2013,6,20,1,0,12.6
2013,6,20,2,0,12.5
2013,6,20,3,0,12.4
2013,6,20,4,0,12.4
2013,6,20,5,0,12.4
2013,6,20,6,0,12.4
2013,6,20,7,29,12.7
2013,6,20,8,202,13.3
2013,6,20,9,244,13.6
2013,6,20,10,459,14.5
2013,6,20,11,515,14.9
2013,6,20,12,317,15.1
2013,6,20,13,339,15
2013,6,20,14,265,14.9
2013,6,20,15,190,14.5
2013,6,20,16,26,14
2013,6,20,17,0,13.6
2013,6,20,18,0,13.4
2013,6,20,19,0,13.2
2013,6,20,20,0,13
2013,6,20,21,0,12.9
2013,6,20,22,0,12.7
2013,6,20,23,0,12.6
2013,6,21,0,0,12.5
2013,6,21,1,0,12.4
2013,6,21,2,0,12.4
2013,6,21,3,0,12.3
2013,6,21,4,0,12.2
2013,6,21,5,0,12.1
2013,6,21,6,0,12.2
2013,6,21,7,35,12.6
2013,6,21,8,162,13.4
2013,6,21,9,281,13.7
2013,6,21,10,325,14.5
2013,6,21,11,506,14.8
2013,6,21,12,399,14.9
2013,6,21,13,450,14.7
2013,6,21,14,339,14.4
2013,6,21,15,190,14
2013,6,21,16,38,13.5
2013,6,21,17,0,13.1
2013,6,21,18,0,12.9
2013,6,21,19,0,12.8
2013,6,21,20,0,12.7
2013,6,21,21,0,12.5
2013,6,21,22,0,12.4
2013,6,21,23,0,12.2
2013,6,22,0,0,12.1
2013,6,22,1,0,11.9
2013,6,22,2,0,11.9
2013,6,22,3,0,11.9
2013,6,22,4,0,11.9
2013,6,22,5,0,12.1
2013,6,22,6,0,12.2
2013,6,22,7,4,12.4
2013,6,22,8,8,12.8
2013,6,22,9,13,13
2013,6,22,10,21,13.4
2013,6,22,11,42,13.5
2013,6,22,12,25,13.6
2013,6,22,13,34,13.6
2013,6,22,14,12,13.5
2013,6,22,15,7,13.3
2013,6,22,16,4,13.2
2013,6,22,17,0,13.2
2013,6,22,18,0,13.3
2013,6,22,19,0,13.4
2013,6,22,20,0,13.4
2013,6,22,21,0,13.5
2013,6,22,22,0,13.5
2013,6,22,23,0,13.4
2013,6,23,0,0,13.4
2013,6,23,1,0,13.3
2013,6,23,2,0,13.3
2013,6,23,3,0,13.3
2013,6,23,4,0,13.3
2013,6,23,5,0,13.4
2013,6,23,6,0,13.5
2013,6,23,7,4,13.6
2013,6,23,8,7,13.8
2013,6,23,9,12,13.9
2013,6,23,10,195,13.9
2013,6,23,11,339,13.9
2013,6,23,12,195,14
2013,6,23,13,60,14
2013,6,23,14,87,13.9
2013,6,23,15,45,13.6
2013,6,23,16,11,13.4
2013,6,23,17,0,13.3
2013,6,23,18,0,13.3
2013,6,23,19,0,13.5
2013,6,23,20,0,13.7
2013,6,23,21,0,13.9
2013,6,23,22,0,13.9
2013,6,23,23,0,13.8
2013,6,24,0,0,13.9
2013,6,24,1,0,14
2013,6,24,2,0,13.8
2013,6,24,3,0,13.8
2013,6,24,4,0,13.8
2013,6,24,5,0,13.7
2013,6,24,6,0,13.8
2013,6,24,7,10,13.9
2013,6,24,8,30,14.1
2013,6,24,9,55,14.2
2013,6,24,10,263,14.3
2013,6,24,11,191,14.2
2013,6,24,12,304,14.1
2013,6,24,13,245,14.1
2013,6,24,14,126,14.1
2013,6,24,15,64,14
2013,6,24,16,15,13.9
2013,6,24,17,0,13.7
2013,6,24,18,0,13.4
2013,6,24,19,0,13.2
2013,6,24,20,0,13.1
2013,6,24,21,0,13.1
2013,6,24,22,0,13.1
2013,6,24,23,0,13.2
2013,6,25,0,0,13.2
2013,6,25,1,0,13.1
2013,6,25,2,0,13
2013,6,25,3,0,12.9
2013,6,25,4,0,12.6
2013,6,25,5,0,12.4
2013,6,25,6,0,12.4
2013,6,25,7,4,13.1
2013,6,25,8,8,13.9
2013,6,25,9,14,14.3
2013,6,25,10,27,14.2
2013,6,25,11,102,14.2
2013,6,25,12,193,14.4
2013,6,25,13,40,14.7
2013,6,25,14,131,14.9
2013,6,25,15,67,15.1
2013,6,25,16,10,15.3
2013,6,25,17,0,15.5
2013,6,25,18,0,15.6
2013,6,25,19,0,15.7
2013,6,25,20,0,15.9
2013,6,25,21,0,16
2013,6,25,22,0,16.1
2013,6,25,23,0,16
2013,6,26,0,0,15.8
2013,6,26,1,0,15.9
2013,6,26,2,0,16.1
2013,6,26,3,0,16.3
2013,6,26,4,0,16.4
2013,6,26,5,0,16.4
2013,6,26,6,0,16.6
2013,6,26,7,19,16.9
2013,6,26,8,72,17.2
2013,6,26,9,325,17.3
2013,6,26,10,430,17.5
2013,6,26,11,483,17.5
2013,6,26,12,482,17.5
2013,6,26,13,433,17.4
2013,6,26,14,99,17.2
2013,6,26,15,183,16.7
2013,6,26,16,38,16.2
2013,6,26,17,0,15.9
2013,6,26,18,0,15.8
2013,6,26,19,0,15.8
2013,6,26,20,0,15.7
2013,6,26,21,0,15.7
2013,6,26,22,0,15.6
2013,6,26,23,0,15.5
2013,6,27,0,0,15.5
2013,6,27,1,0,15.5
2013,6,27,2,0,15.5
2013,6,27,3,0,15.5
2013,6,27,4,0,15.5
2013,6,27,5,0,15.5
2013,6,27,6,0,15.6
2013,6,27,7,12,15.9
2013,6,27,8,53,16.4
2013,6,27,9,234,16.6
2013,6,27,10,203,16.9
2013,6,27,11,501,17.1
2013,6,27,12,349,17
2013,6,27,13,265,17
2013,6,27,14,235,16.8
2013,6,27,15,125,16.3
2013,6,27,16,26,16
2013,6,27,17,0,15.8
2013,6,27,18,0,15.8
2013,6,27,19,0,15.7
2013,6,27,20,0,15.6
2013,6,27,21,0,15.6
2013,6,27,22,0,15.6
2013,6,27,23,0,15.6
2013,6,28,0,0,15.5
2013,6,28,1,0,15.3
2013,6,28,2,0,15.2
2013,6,28,3,0,15
2013,6,28,4,0,15
2013,6,28,5,0,14.9
2013,6,28,6,0,15
2013,6,28,7,4,15.2
2013,6,28,8,8,15.7
2013,6,28,9,14,16
2013,6,28,10,21,16.2
2013,6,28,11,23,16.3
2013,6,28,12,148,16.3
2013,6,28,13,332,16.3
2013,6,28,14,217,16.1
2013,6,28,15,115,15.8
2013,6,28,16,24,15.6
2013,6,28,17,0,15.4
2013,6,28,18,0,15.2
2013,6,28,19,0,15
2013,6,28,20,0,14.8
2013,6,28,21,0,14.7
2013,6,28,22,0,14.6
2013,6,28,23,0,14.5
2013,6,29,0,0,14.4
2013,6,29,1,0,14.3
2013,6,29,2,0,14.3
2013,6,29,3,0,14.2
2013,6,29,4,0,14.1
2013,6,29,5,0,14.1
2013,6,29,6,0,14.1
2013,6,29,7,15,14.3
2013,6,29,8,56,14.4
2013,6,29,9,107,14.4
2013,6,29,10,84,14.1
2013,6,29,11,58,14
2013,6,29,12,503,14
2013,6,29,13,19,13.9
2013,6,29,14,11,13.8
2013,6,29,15,6,13.6
2013,6,29,16,3,13.5
2013,6,29,17,0,13.5
2013,6,29,18,0,13.6
2013,6,29,19,0,13.8
2013,6,29,20,0,13.9
2013,6,29,21,0,14
2013,6,29,22,0,14
2013,6,29,23,0,14.1
2013,6,30,0,0,14.1
2013,6,30,1,0,14
2013,6,30,2,0,13.8
2013,6,30,3,0,13.8
2013,6,30,4,0,13.7
2013,6,30,5,0,13.7
2013,6,30,6,0,13.8
2013,6,30,7,4,14.1
2013,6,30,8,9,14.5
2013,6,30,9,16,14.7
2013,6,30,10,23,15.2
2013,6,30,11,262,15.6
2013,6,30,12,513,15.8
2013,6,30,13,55,16
2013,6,30,14,348,16
2013,6,30,15,51,15.6
2013,6,30,16,10,15.1
2013,6,30,17,0,14.8
2013,6,30,18,0,14.7
2013,6,30,19,0,14.7
2013,6,30,20,0,14.6
2013,6,30,21,0,14.5
2013,6,30,22,0,14.4
2013,6,30,23,0,14.1
2013,7,1,0,0,13.8
2013,7,1,1,0,13.6
2013,7,1,2,0,13.4
2013,7,1,3,0,13.3
2013,7,1,4,0,13.1
2013,7,1,5,0,13
2013,7,1,6,0,12.9
2013,7,1,7,51,13.3
2013,7,1,8,209,14.1
2013,7,1,9,358,14.5
2013,7,1,10,467,15.7
2013,7,1,11,525,16.4
2013,7,1,12,526,16.8
2013,7,1,13,468,17.1
2013,7,1,14,356,17.1
2013,7,1,15,205,16.8
2013,7,1,16,47,16.3
2013,7,1,17,0,16
2013,7,1,18,0,16
2013,7,1,19,0,16
2013,7,1,20,0,15.6
2013,7,1,21,0,15
2013,7,1,22,0,14.1
2013,7,1,23,0,13.3
2013,7,2,0,0,12.7
2013,7,2,1,0,12.3
2013,7,2,2,0,12
2013,7,2,3,0,11.9
2013,7,2,4,0,11.7
2013,7,2,5,0,11.5
2013,7,2,6,0,11.5
2013,7,2,7,52,12
2013,7,2,8,211,13
2013,7,2,9,362,13.4
2013,7,2,10,474,15
2013,7,2,11,531,15.8
2013,7,2,12,530,16.4
2013,7,2,13,471,16.7
2013,7,2,14,359,16.8
2013,7,2,15,208,16.6
2013,7,2,16,48,16.4
2013,7,2,17,0,16.3
2013,7,2,18,0,16.1
2013,7,2,19,0,15.7
2013,7,2,20,0,14.8
2013,7,2,21,0,13.6
2013,7,2,22,0,12.6
2013,7,2,23,0,12.1
2013,7,3,0,0,12
2013,7,3,1,0,11.8
2013,7,3,2,0,11.7
2013,7,3,3,0,11.5
2013,7,3,4,0,11.3
2013,7,3,5,0,11
2013,7,3,6,0,10.9
2013,7,3,7,53,11.3
2013,7,3,8,215,12.3
2013,7,3,9,368,12.8
2013,7,3,10,481,14.4
2013,7,3,11,542,15.2
2013,7,3,12,541,15.8
2013,7,3,13,482,16.2
2013,7,3,14,368,16.3
2013,7,3,15,214,15.8
2013,7,3,16,51,15.1
2013,7,3,17,0,14.6
2013,7,3,18,0,14.4
2013,7,3,19,0,14.1
2013,7,3,20,0,13.7
2013,7,3,21,0,13.3
2013,7,3,22,0,12.8
2013,7,3,23,0,12.2
2013,7,4,0,0,11.8
2013,7,4,1,0,11.4
2013,7,4,2,0,11
2013,7,4,3,0,10.7
2013,7,4,4,0,10.4
2013,7,4,5,0,10.3
2013,7,4,6,0,10.5
2013,7,4,7,54,11.3
2013,7,4,8,217,12.6
2013,7,4,9,371,13.3
2013,7,4,10,484,15.8
2013,7,4,11,539,17.2
2013,7,4,12,535,18.3
2013,7,4,13,476,19
2013,7,4,14,362,19.2
2013,7,4,15,210,18.7
2013,7,4,16,50,17.8
2013,7,4,17,0,17.2
2013,7,4,18,0,16.7
2013,7,4,19,0,16.2
2013,7,4,20,0,15.8
2013,7,4,21,0,15.5
2013,7,4,22,0,15.2
2013,7,4,23,0,15
2013,7,5,0,0,14.9
2013,7,5,1,0,14.8
2013,7,5,2,0,14.8
2013,7,5,3,0,14.8
2013,7,5,4,0,14.8
2013,7,5,5,0,14.7
2013,7,5,6,0,14.7
2013,7,5,7,22,15.2
2013,7,5,8,211,16.1
2013,7,5,9,357,16.5
2013,7,5,10,465,17.2
2013,7,5,11,526,17
2013,7,5,12,326,16.8
2013,7,5,13,479,16.7
2013,7,5,14,368,16.5
2013,7,5,15,216,15.9
2013,7,5,16,22,15
2013,7,5,17,0,14.2
2013,7,5,18,0,13.5
2013,7,5,19,0,12.7
2013,7,5,20,0,12
2013,7,5,21,0,11.4
2013,7,5,22,0,11
2013,7,5,23,0,10.6
2013,7,6,0,0,10.3
2013,7,6,1,0,10
2013,7,6,2,0,9.8
2013,7,6,3,0,9.7
2013,7,6,4,0,9.5
2013,7,6,5,0,9.4
2013,7,6,6,0,9.4
2013,7,6,7,23,10.1
2013,7,6,8,222,11.3
2013,7,6,9,377,11.8
2013,7,6,10,492,13.3
2013,7,6,11,552,14.1
2013,7,6,12,551,14.7
2013,7,6,13,489,15.2
2013,7,6,14,375,15.3
2013,7,6,15,221,14.9
2013,7,6,16,56,14
2013,7,6,17,0,13.3
2013,7,6,18,0,12.9
2013,7,6,19,0,12.5
2013,7,6,20,0,12
2013,7,6,21,0,11.6
2013,7,6,22,0,11.2
2013,7,6,23,0,11
2013,7,7,0,0,10.8
2013,7,7,1,0,10.6
2013,7,7,2,0,10.5
2013,7,7,3,0,10.3
2013,7,7,4,0,10.3
2013,7,7,5,0,10.3
2013,7,7,6,0,10.5
2013,7,7,7,55,11.2
2013,7,7,8,107,12.3
2013,7,7,9,371,12.9
2013,7,7,10,484,14.6
2013,7,7,11,541,15.4
2013,7,7,12,541,15.9
2013,7,7,13,482,16.3
2013,7,7,14,370,16.4
2013,7,7,15,217,16.1
2013,7,7,16,56,15.6
2013,7,7,17,0,15.2
2013,7,7,18,0,14.8
2013,7,7,19,0,14.2
2013,7,7,20,0,13.5
2013,7,7,21,0,12.6
2013,7,7,22,0,11.8
2013,7,7,23,0,11.1
2013,7,8,0,0,10.6
2013,7,8,1,0,10.2
2013,7,8,2,0,10.1
2013,7,8,3,0,10.1
2013,7,8,4,0,10.1
2013,7,8,5,0,10
2013,7,8,6,0,10
2013,7,8,7,56,10.7
2013,7,8,8,218,12
2013,7,8,9,371,12.7
2013,7,8,10,483,14.7
2013,7,8,11,542,15.5
2013,7,8,12,540,15.9
2013,7,8,13,482,16.2
2013,7,8,14,369,16.2
2013,7,8,15,216,15.6
2013,7,8,16,55,14.9
2013,7,8,17,0,14.5
2013,7,8,18,0,14.3
2013,7,8,19,0,14
2013,7,8,20,0,13.7
2013,7,8,21,0,13.4
2013,7,8,22,0,13
2013,7,8,23,0,12.7
2013,7,9,0,0,12.4
2013,7,9,1,0,12.3
2013,7,9,2,0,12.2
2013,7,9,3,0,12.2
2013,7,9,4,0,12.2
2013,7,9,5,0,12.1
2013,7,9,6,0,12
2013,7,9,7,23,12.4
2013,7,9,8,110,13
2013,7,9,9,209,13.2
2013,7,9,10,329,13.7
2013,7,9,11,118,13.9
2013,7,9,12,106,13.8
2013,7,9,13,116,13.8
2013,7,9,14,39,13.6
2013,7,9,15,37,13.4
2013,7,9,16,6,13.2
2013,7,9,17,0,13.1
2013,7,9,18,0,13.1
2013,7,9,19,0,13.1
2013,7,9,20,0,13.1
2013,7,9,21,0,13
2013,7,9,22,0,12.9
2013,7,9,23,0,12.8
2013,7,10,0,0,12.7
2013,7,10,1,0,12.7
2013,7,10,2,0,12.7
2013,7,10,3,0,12.8
2013,7,10,4,0,12.9
2013,7,10,5,0,13
2013,7,10,6,0,13.2
2013,7,10,7,32,13.5
2013,7,10,8,130,14
2013,7,10,9,238,14.2
2013,7,10,10,352,14.3
2013,7,10,11,401,14.2
2013,7,10,12,361,14.2
2013,7,10,13,348,14.3
2013,7,10,14,121,14.3
2013,7,10,15,64,14.1
2013,7,10,16,18,13.9
2013,7,10,17,0,13.9
2013,7,10,18,0,13.9
2013,7,10,19,0,13.9
2013,7,10,20,0,13.9
2013,7,10,21,0,13.9
2013,7,10,22,0,14
2013,7,10,23,0,14
2013,7,11,0,0,14
2013,7,11,1,0,13.7
2013,7,11,2,0,13.5
2013,7,11,3,0,13.3
2013,7,11,4,0,13.2
2013,7,11,5,0,13.1
2013,7,11,6,0,13.1
2013,7,11,7,52,13.4
2013,7,11,8,127,13.9
2013,7,11,9,361,14.3
2013,7,11,10,471,15
2013,7,11,11,531,15.4
2013,7,11,12,533,15.8
2013,7,11,13,476,16
2013,7,11,14,365,16
2013,7,11,15,215,15.6
2013,7,11,16,29,15
2013,7,11,17,0,14.7
2013,7,11,18,0,14.7
2013,7,11,19,0,14.7
2013,7,11,20,0,14.8
2013,7,11,21,0,14.8
2013,7,11,22,0,14.6
2013,7,11,23,0,14.4
2013,7,12,0,0,14.1
2013,7,12,1,0,13.7
2013,7,12,2,0,13
2013,7,12,3,0,12.3
2013,7,12,4,0,11.8
2013,7,12,5,0,11.4
2013,7,12,6,0,11.2
2013,7,12,7,54,11.8
2013,7,12,8,213,12.8
2013,7,12,9,364,13.3
2013,7,12,10,478,14.7
2013,7,12,11,536,15.6
2013,7,12,12,536,16.3
2013,7,12,13,483,16.8
2013,7,12,14,372,16.9
2013,7,12,15,221,16.6
2013,7,12,16,60,16.1
2013,7,12,17,0,15.6
2013,7,12,18,0,15.4
2013,7,12,19,0,15.2
2013,7,12,20,0,15.3
2013,7,12,21,0,15.3
2013,7,12,22,0,15.1
2013,7,12,23,0,14.6
2013,7,13,0,0,14
2013,7,13,1,0,13.3
2013,7,13,2,0,12.8
2013,7,13,3,0,12.5
2013,7,13,4,0,12.3
2013,7,13,5,0,12.3
2013,7,13,6,0,12.5
2013,7,13,7,28,13.2
2013,7,13,8,126,14.2
2013,7,13,9,363,14.7
2013,7,13,10,471,15.7
2013,7,13,11,292,16.3
2013,7,13,12,277,16.6
2013,7,13,13,366,16.6
2013,7,13,14,263,16.5
2013,7,13,15,214,16
2013,7,13,16,57,15.4
2013,7,13,17,0,15.1
2013,7,13,18,0,15.1
2013,7,13,19,0,15.3
2013,7,13,20,0,15.4
2013,7,13,21,0,15.5
2013,7,13,22,0,15.5
2013,7,13,23,0,15.4
2013,7,14,0,0,15.3
2013,7,14,1,0,15.2
2013,7,14,2,0,15
2013,7,14,3,0,14.9
2013,7,14,4,0,14.7
2013,7,14,5,0,14.5
2013,7,14,6,0,14.4
2013,7,14,7,54,14.7
2013,7,14,8,210,15.5
2013,7,14,9,360,15.9
2013,7,14,10,459,16.7
2013,7,14,11,518,17
2013,7,14,12,390,17.2
2013,7,14,13,338,17.3
2013,7,14,14,250,17.2
2013,7,14,15,206,16.7
2013,7,14,16,33,15.8
2013,7,14,17,0,15.3
2013,7,14,18,0,15.1
2013,7,14,19,0,15
2013,7,14,20,0,14.9
2013,7,14,21,0,14.7
2013,7,14,22,0,14.4
2013,7,14,23,0,14.2
2013,7,15,0,0,14
2013,7,15,1,0,13.9
2013,7,15,2,0,13.8
2013,7,15,3,0,13.8
2013,7,15,4,0,13.8
2013,7,15,5,0,13.8
2013,7,15,6,0,13.9
2013,7,15,7,13,14.3
2013,7,15,8,39,14.8
2013,7,15,9,26,15.1
2013,7,15,10,239,16.4
2013,7,15,11,346,17.3
2013,7,15,12,366,18
2013,7,15,13,346,18.4
2013,7,15,14,243,18.4
2013,7,15,15,129,18
2013,7,15,16,36,17.5
2013,7,15,17,0,17
2013,7,15,18,0,16.7
2013,7,15,19,0,16.4
2013,7,15,20,0,16.1
2013,7,15,21,0,15.8
2013,7,15,22,0,15.6
2013,7,15,23,0,15.4
2013,7,16,0,0,15.2
2013,7,16,1,0,15
2013,7,16,2,0,14.8
2013,7,16,3,0,14.8
2013,7,16,4,0,14.8
2013,7,16,5,0,14.7
2013,7,16,6,0,14.7
2013,7,16,7,15,15
2013,7,16,8,49,15.6
2013,7,16,9,62,15.9
2013,7,16,10,301,17.3
2013,7,16,11,531,18.2
2013,7,16,12,532,18.7
2013,7,16,13,335,18.9
2013,7,16,14,150,18.9
2013,7,16,15,110,18.5
2013,7,16,16,30,17.9
2013,7,16,17,0,17.4
2013,7,16,18,0,17.1
2013,7,16,19,0,16.8
2013,7,16,20,0,16.5
2013,7,16,21,0,16.1
2013,7,16,22,0,15.7
2013,7,16,23,0,15.3
2013,7,17,0,0,15
2013,7,17,1,0,14.6
2013,7,17,2,0,14.3
2013,7,17,3,0,14
2013,7,17,4,0,13.8
2013,7,17,5,0,13.5
2013,7,17,6,0,13.5
2013,7,17,7,25,13.9
2013,7,17,8,215,14.7
2013,7,17,9,365,15.2
2013,7,17,10,480,17.5
2013,7,17,11,330,18.7
2013,7,17,12,541,19.5
2013,7,17,13,485,19.9
2013,7,17,14,376,19.9
2013,7,17,15,226,19.4
2013,7,17,16,65,18.6
2013,7,17,17,0,18
2013,7,17,18,0,17.6
2013,7,17,19,0,17.3
2013,7,17,20,0,16.9
2013,7,17,21,0,16.5
2013,7,17,22,0,16.2
2013,7,17,23,0,16
2013,7,18,0,0,15.8
2013,7,18,1,0,15.5
2013,7,18,2,0,15.3
2013,7,18,3,0,15.1
2013,7,18,4,0,14.9
2013,7,18,5,0,14.7
2013,7,18,6,0,14.5
2013,7,18,7,5,14.9
2013,7,18,8,9,15.9
2013,7,18,9,170,16.5
2013,7,18,10,483,18.4
2013,7,18,11,542,19.2
2013,7,18,12,432,19.7
2013,7,18,13,285,19.8
2013,7,18,14,176,19.4
2013,7,18,15,176,18.8
2013,7,18,16,50,18.2
2013,7,18,17,0,17.8
2013,7,18,18,0,17.6
2013,7,18,19,0,17.3
2013,7,18,20,0,17.1
2013,7,18,21,0,16.9
2013,7,18,22,0,16.7
2013,7,18,23,0,16.6
2013,7,19,0,0,16.4
2013,7,19,1,0,16.3
2013,7,19,2,0,16.1
2013,7,19,3,0,16.1
2013,7,19,4,0,15.9
2013,7,19,5,0,15.7
2013,7,19,6,0,15.6
2013,7,19,7,35,15.9
2013,7,19,8,218,16.7
2013,7,19,9,241,17.2
2013,7,19,10,384,18.8
2013,7,19,11,77,19.7
2013,7,19,12,25,20
2013,7,19,13,215,19.6
2013,7,19,14,179,19.1
2013,7,19,15,110,18.6
2013,7,19,16,32,18
2013,7,19,17,0,17.4
2013,7,19,18,0,17
2013,7,19,19,0,16.7
2013,7,19,20,0,16.5
2013,7,19,21,0,16.3
2013,7,19,22,0,15.9
2013,7,19,23,0,15.6
2013,7,20,0,0,15.3
2013,7,20,1,0,15.2
2013,7,20,2,0,15.2
2013,7,20,3,0,15.2
2013,7,20,4,0,15
2013,7,20,5,0,14.8
2013,7,20,6,0,14.8
2013,7,20,7,50,15.1
2013,7,20,8,228,15.7
2013,7,20,9,384,15.9
2013,7,20,10,502,16.7
2013,7,20,11,564,17.3
2013,7,20,12,443,17.6
2013,7,20,13,510,17.7
2013,7,20,14,359,17.6
2013,7,20,15,172,17
2013,7,20,16,74,16.2
2013,7,20,17,0,15.4
2013,7,20,18,0,14.8
2013,7,20,19,0,14.1
2013,7,20,20,0,13.4
2013,7,20,21,0,12.6
2013,7,20,22,0,12
2013,7,20,23,0,11.4
2013,7,21,0,0,10.9
2013,7,21,1,0,10.6
2013,7,21,2,0,10.3
2013,7,21,3,0,10
2013,7,21,4,0,9.8
2013,7,21,5,0,9.6
2013,7,21,6,0,9.6
2013,7,21,7,44,10.1
2013,7,21,8,246,11
2013,7,21,9,406,11.4
2013,7,21,10,524,12.9
2013,7,21,11,587,13.7
2013,7,21,12,585,14.4
2013,7,21,13,526,14.9
2013,7,21,14,411,15
2013,7,21,15,253,14.5
2013,7,21,16,80,13.6
2013,7,21,17,0,12.9
2013,7,21,18,0,12.3
2013,7,21,19,0,11.7
2013,7,21,20,0,11.3
2013,7,21,21,0,10.9
2013,7,21,22,0,10.6
2013,7,21,23,0,10.3
2013,7,22,0,0,10.1
2013,7,22,1,0,9.9
2013,7,22,2,0,9.7
2013,7,22,3,0,9.5
2013,7,22,4,0,9.4
2013,7,22,5,0,9.3
2013,7,22,6,0,9.4
2013,7,22,7,35,10.2
2013,7,22,8,142,11.4
2013,7,22,9,407,12
2013,7,22,10,525,13.5
2013,7,22,11,584,14.2
2013,7,22,12,585,14.8
2013,7,22,13,526,15.3
2013,7,22,14,411,15.5
2013,7,22,15,253,15.1
2013,7,22,16,81,14.2
2013,7,22,17,0,13.3
2013,7,22,18,0,12.7
2013,7,22,19,0,12.1
2013,7,22,20,0,11.6
2013,7,22,21,0,11.2
2013,7,22,22,0,10.8
2013,7,22,23,0,10.5
2013,7,23,0,0,10.3
2013,7,23,1,0,10
2013,7,23,2,0,9.8
2013,7,23,3,0,9.7
2013,7,23,4,0,9.6
2013,7,23,5,0,9.5
2013,7,23,6,0,9.6
2013,7,23,7,27,10.4
2013,7,23,8,244,11.6
2013,7,23,9,404,12.3
2013,7,23,10,518,13.8
2013,7,23,11,577,14.6
2013,7,23,12,453,15.1
2013,7,23,13,284,15.3
2013,7,23,14,29,15.3
2013,7,23,15,152,14.8
2013,7,23,16,42,14.2
2013,7,23,17,0,13.8
2013,7,23,18,0,13.6
2013,7,23,19,0,13.3
2013,7,23,20,0,13
2013,7,23,21,0,12.8
2013,7,23,22,0,12.7
2013,7,23,23,0,12.5
2013,7,24,0,0,12.4
2013,7,24,1,0,12.3
2013,7,24,2,0,12.2
2013,7,24,3,0,12.3
2013,7,24,4,0,12.4
2013,7,24,5,0,12.6
2013,7,24,6,0,13
2013,7,24,7,60,13.4
2013,7,24,8,219,13.9
2013,7,24,9,375,14.1
2013,7,24,10,167,14.8
2013,7,24,11,287,15
2013,7,24,12,351,15.1
2013,7,24,13,297,15.1
2013,7,24,14,276,15.1
2013,7,24,15,185,14.9
2013,7,24,16,54,14.6
2013,7,24,17,0,14.4
2013,7,24,18,0,14.3
2013,7,24,19,0,14.2
2013,7,24,20,0,14.1
2013,7,24,21,0,14
2013,7,24,22,0,13.8
2013,7,24,23,0,13.5
2013,7,25,0,0,13.2
2013,7,25,1,0,12.7
2013,7,25,2,0,12.4
2013,7,25,3,0,12.2
2013,7,25,4,0,12.1
2013,7,25,5,0,12
2013,7,25,6,0,11.9
2013,7,25,7,50,12.4
2013,7,25,8,245,13.3
2013,7,25,9,406,13.8
2013,7,25,10,524,15
2013,7,25,11,587,15.5
2013,7,25,12,592,15.8
2013,7,25,13,534,16.1
2013,7,25,14,418,16.1
2013,7,25,15,260,15.7
2013,7,25,16,63,14.8
2013,7,25,17,0,14.1
2013,7,25,18,0,13.8
2013,7,25,19,0,13.5
2013,7,25,20,0,13.1
2013,7,25,21,0,12.8
2013,7,25,22,0,12.5
2013,7,25,23,0,12.2
2013,7,26,0,0,11.8
2013,7,26,1,0,11.4
2013,7,26,2,0,11.2
2013,7,26,3,0,10.9
2013,7,26,4,0,10.5
2013,7,26,5,0,10.1
2013,7,26,6,0,10.1
2013,7,26,7,59,10.6
2013,7,26,8,258,11.5
2013,7,26,9,340,12.1
2013,7,26,10,543,13.9
2013,7,26,11,608,14.9
2013,7,26,12,606,15.7
2013,7,26,13,547,16.3
2013,7,26,14,430,16.7
2013,7,26,15,269,16.4
2013,7,26,16,90,15.7
2013,7,26,17,0,15.1
2013,7,26,18,0,14.8
2013,7,26,19,0,14.4
2013,7,26,20,0,13.9
2013,7,26,21,0,13.2
2013,7,26,22,0,12.4
2013,7,26,23,0,11.7
2013,7,27,0,0,11.1
2013,7,27,1,0,10.8
2013,7,27,2,0,10.7
2013,7,27,3,0,10.8
2013,7,27,4,0,10.8
2013,7,27,5,0,10.8
2013,7,27,6,0,11.2
2013,7,27,7,78,12.2
2013,7,27,8,251,13.3
2013,7,27,9,412,13.9
2013,7,27,10,530,15.5
2013,7,27,11,594,16.2
2013,7,27,12,596,16.7
2013,7,27,13,541,16.9
2013,7,27,14,426,16.8
2013,7,27,15,267,16.3
2013,7,27,16,91,15.4
2013,7,27,17,0,14.6
2013,7,27,18,0,14.3
2013,7,27,19,0,14.1
2013,7,27,20,0,13.8
2013,7,27,21,0,13.5
2013,7,27,22,0,12.9
2013,7,27,23,0,12.4
2013,7,28,0,0,11.9
2013,7,28,1,0,11.5
2013,7,28,2,0,11.1
2013,7,28,3,0,10.7
2013,7,28,4,0,10.5
2013,7,28,5,0,10.3
2013,7,28,6,0,10.5
2013,7,28,7,81,11.4
2013,7,28,8,230,12.7
2013,7,28,9,277,13.2
2013,7,28,10,378,15
2013,7,28,11,466,15.9
2013,7,28,12,396,16.5
2013,7,28,13,394,16.9
2013,7,28,14,350,16.9
2013,7,28,15,189,16.5
2013,7,28,16,60,15.9
2013,7,28,17,0,15.5
2013,7,28,18,0,15.3
2013,7,28,19,0,15.2
2013,7,28,20,0,14.9
2013,7,28,21,0,14.6
2013,7,28,22,0,14.2
2013,7,28,23,0,13.7
2013,7,29,0,0,13.3
2013,7,29,1,0,13
2013,7,29,2,0,12.7
2013,7,29,3,0,12.5
2013,7,29,4,0,12.4
2013,7,29,5,0,12.3
2013,7,29,6,0,12.4
2013,7,29,7,61,13.2
2013,7,29,8,255,14.4
2013,7,29,9,414,15.1
2013,7,29,10,533,17.3
2013,7,29,11,596,18.3
2013,7,29,12,595,18.9
2013,7,29,13,538,19.2
2013,7,29,14,423,19.1
2013,7,29,15,266,18.6
2013,7,29,16,92,17.6
2013,7,29,17,0,16.8
2013,7,29,18,0,16.4
2013,7,29,19,0,16
2013,7,29,20,0,15.6
2013,7,29,21,0,15.2
2013,7,29,22,0,14.8
2013,7,29,23,0,14.3
2013,7,30,0,0,13.8
2013,7,30,1,0,13.3
2013,7,30,2,0,12.9
2013,7,30,3,0,12.7
2013,7,30,4,0,12.7
2013,7,30,5,0,12.8
2013,7,30,6,0,13.1
2013,7,30,7,31,13.7
2013,7,30,8,113,14.6
2013,7,30,9,153,15.1
2013,7,30,10,323,17.6
2013,7,30,11,74,18.5
2013,7,30,12,209,18.9
2013,7,30,13,368,18.9
2013,7,30,14,291,18.7
2013,7,30,15,113,18
2013,7,30,16,56,17.1
2013,7,30,17,0,16.4
2013,7,30,18,0,16.1
2013,7,30,19,0,15.8
2013,7,30,20,0,15.6
2013,7,30,21,0,15.4
2013,7,30,22,0,15.2
2013,7,30,23,0,15
2013,7,31,0,0,14.8
2013,7,31,1,0,14.6
2013,7,31,2,0,14.4
2013,7,31,3,0,14.3
2013,7,31,4,0,14.2
2013,7,31,5,0,14.2
2013,7,31,6,0,14.3
2013,7,31,7,19,14.8
2013,7,31,8,66,15.4
2013,7,31,9,242,15.6
2013,7,31,10,397,16.4
2013,7,31,11,435,16.6
2013,7,31,12,597,16.6
2013,7,31,13,534,16.5
2013,7,31,14,419,16.2
2013,7,31,15,202,15.8
2013,7,31,16,65,15.2
2013,7,31,17,0,14.8
2013,7,31,18,0,14.6
2013,7,31,19,0,14.4
2013,7,31,20,0,14.2
2013,7,31,21,0,14
2013,7,31,22,0,13.8
2013,7,31,23,0,13.7
2013,8,1,0,0,13.7
2013,8,1,1,0,13.6
2013,8,1,2,0,13.5
2013,8,1,3,0,13.4
2013,8,1,4,0,13.3
2013,8,1,5,0,13.1
2013,8,1,6,0,13.1
2013,8,1,7,91,13.5
2013,8,1,8,269,14.1
2013,8,1,9,430,14.5
2013,8,1,10,547,15.6
2013,8,1,11,610,16.1
2013,8,1,12,611,16.4
2013,8,1,13,555,16.6
2013,8,1,14,438,16.6
2013,8,1,15,279,16.2
2013,8,1,16,101,15.6
2013,8,1,17,0,15.1
2013,8,1,18,0,15
2013,8,1,19,0,15
2013,8,1,20,0,14.9
2013,8,1,21,0,14.8
2013,8,1,22,0,14.3
2013,8,1,23,0,13.6
2013,8,2,0,0,12.9
2013,8,2,1,0,12.3
2013,8,2,2,0,11.9
2013,8,2,3,0,11.5
2013,8,2,4,0,11.3
2013,8,2,5,0,10.9
2013,8,2,6,0,10.9
2013,8,2,7,20,11.7
2013,8,2,8,67,12.8
2013,8,2,9,57,13.3
2013,8,2,10,325,15.4
2013,8,2,11,606,16.6
2013,8,2,12,601,17.5
2013,8,2,13,554,18
2013,8,2,14,436,18.1
2013,8,2,15,278,17.8
2013,8,2,16,100,17.1
2013,8,2,17,0,16.3
2013,8,2,18,0,15.6
2013,8,2,19,0,15
2013,8,2,20,0,14.5
2013,8,2,21,0,14
2013,8,2,22,0,13.6
2013,8,2,23,0,13.2
2013,8,3,0,0,12.9
2013,8,3,1,0,12.6
2013,8,3,2,0,12.4
2013,8,3,3,0,12.3
2013,8,3,4,0,12
2013,8,3,5,0,11.6
2013,8,3,6,0,11.5
2013,8,3,7,41,12
2013,8,3,8,204,12.8
2013,8,3,9,315,13.1
2013,8,3,10,558,14.1
2013,8,3,11,622,14.7
2013,8,3,12,623,15.3
2013,8,3,13,564,15.8
2013,8,3,14,447,16.1
2013,8,3,15,286,15.9
2013,8,3,16,24,15.3
2013,8,3,17,0,14.6
2013,8,3,18,0,13.9
2013,8,3,19,0,13.1
2013,8,3,20,0,12.3
2013,8,3,21,0,11.6
2013,8,3,22,0,11.1
2013,8,3,23,0,10.8
2013,8,4,0,0,10.9
2013,8,4,1,0,11.1
2013,8,4,2,0,11.4
2013,8,4,3,0,11.5
2013,8,4,4,0,11.5
2013,8,4,5,0,11.5
2013,8,4,6,0,11.7
2013,8,4,7,23,12.6
2013,8,4,8,75,13.9
2013,8,4,9,443,14.5
2013,8,4,10,565,15.9
2013,8,4,11,629,16.4
2013,8,4,12,629,16.7
2013,8,4,13,457,16.8
2013,8,4,14,450,16.7
2013,8,4,15,288,16.1
2013,8,4,16,107,15.2
2013,8,4,17,0,14.4
2013,8,4,18,0,13.9
2013,8,4,19,0,13.4
2013,8,4,20,0,12.9
2013,8,4,21,0,12.4
2013,8,4,22,0,11.9
2013,8,4,23,0,11.6
2013,8,5,0,0,11.3
2013,8,5,1,0,11.1
2013,8,5,2,0,10.9
2013,8,5,3,0,10.8
2013,8,5,4,0,10.7
2013,8,5,5,0,10.7
2013,8,5,6,0,10.9
2013,8,5,7,101,11.9
2013,8,5,8,281,13.1
2013,8,5,9,444,13.6
2013,8,5,10,564,15.1
2013,8,5,11,628,16
2013,8,5,12,629,16.8
2013,8,5,13,569,17.4
2013,8,5,14,452,17.6
2013,8,5,15,290,17.3
2013,8,5,16,109,16.3
2013,8,5,17,0,15.3
2013,8,5,18,0,14.6
2013,8,5,19,0,14
2013,8,5,20,0,13.5
2013,8,5,21,0,13
2013,8,5,22,0,12.7
2013,8,5,23,0,12.5
2013,8,6,0,0,12.1
2013,8,6,1,0,11.8
2013,8,6,2,0,11.5
2013,8,6,3,0,11.3
2013,8,6,4,0,11.2
2013,8,6,5,0,11.1
2013,8,6,6,0,11.6
2013,8,6,7,103,12.8
2013,8,6,8,140,14.3
2013,8,6,9,446,15.1
2013,8,6,10,562,17.5
2013,8,6,11,622,18.8
2013,8,6,12,565,19.6
2013,8,6,13,445,19.9
2013,8,6,14,443,19.7
2013,8,6,15,283,19.1
2013,8,6,16,77,18.2
2013,8,6,17,0,17.4
2013,8,6,18,0,16.8
2013,8,6,19,0,16.3
2013,8,6,20,0,15.7
2013,8,6,21,0,15.1
2013,8,6,22,0,14.5
2013,8,6,23,0,13.9
2013,8,7,0,0,13.4
2013,8,7,1,0,13
2013,8,7,2,0,12.6
2013,8,7,3,0,12.4
2013,8,7,4,0,12.2
2013,8,7,5,0,11.8
2013,8,7,6,0,11.8
2013,8,7,7,109,12.2
2013,8,7,8,294,12.9
2013,8,7,9,459,13.3
2013,8,7,10,582,14.4
2013,8,7,11,643,15.1
2013,8,7,12,644,15.5
2013,8,7,13,427,15.6
2013,8,7,14,453,15.5
2013,8,7,15,72,14.9
2013,8,7,16,27,14.2
2013,8,7,17,0,13.7
2013,8,7,18,0,13.4
2013,8,7,19,0,12.8
2013,8,7,20,0,12.1
2013,8,7,21,0,11.4
2013,8,7,22,0,11.2
2013,8,7,23,0,11.1
2013,8,8,0,0,11.1
2013,8,8,1,0,11.1
2013,8,8,2,0,10.9
2013,8,8,3,0,10.8
2013,8,8,4,0,10.9
2013,8,8,5,0,11.1
2013,8,8,6,0,11.2
2013,8,8,7,31,10.9
2013,8,8,8,87,10.9
2013,8,8,9,23,11.1
2013,8,8,10,140,12.3
2013,8,8,11,31,13.1
2013,8,8,12,96,13.5
2013,8,8,13,273,13.7
2013,8,8,14,109,13.8
2013,8,8,15,123,13.7
2013,8,8,16,44,13.5
2013,8,8,17,0,13.2
2013,8,8,18,0,12.9
2013,8,8,19,0,12.6
2013,8,8,20,0,12.4
2013,8,8,21,0,12.3
2013,8,8,22,0,12.1
2013,8,8,23,0,11.9
2013,8,9,0,0,11.7
2013,8,9,1,0,11.5
2013,8,9,2,0,11.3
2013,8,9,3,0,11.2
2013,8,9,4,0,11.1
2013,8,9,5,0,11
2013,8,9,6,0,11.1
2013,8,9,7,118,11.8
2013,8,9,8,304,12.7
2013,8,9,9,211,13.2
2013,8,9,10,512,14.6
2013,8,9,11,648,15.3
2013,8,9,12,646,15.9
2013,8,9,13,384,16.3
2013,8,9,14,273,16.6
2013,8,9,15,178,16.6
2013,8,9,16,60,16.1
2013,8,9,17,0,15.6
2013,8,9,18,0,15.1
2013,8,9,19,0,14.6
2013,8,9,20,0,13.9
2013,8,9,21,0,13.3
2013,8,9,22,0,13
2013,8,9,23,0,12.9
2013,8,10,0,0,12.9
2013,8,10,1,0,12.9
2013,8,10,2,0,12.8
2013,8,10,3,0,12.7
2013,8,10,4,0,12.4
2013,8,10,5,0,12.2
2013,8,10,6,0,12.3
2013,8,10,7,118,13.1
2013,8,10,8,304,14.3
2013,8,10,9,470,15
2013,8,10,10,593,17
2013,8,10,11,657,18
2013,8,10,12,658,18.8
2013,8,10,13,596,19.3
2013,8,10,14,476,19.5
2013,8,10,15,309,19.3
2013,8,10,16,123,18.9
2013,8,10,17,0,18.5
2013,8,10,18,0,18
2013,8,10,19,0,17.2
2013,8,10,20,0,16.1
2013,8,10,21,0,14.8
2013,8,10,22,0,13.6
2013,8,10,23,0,12.7
2013,8,11,0,0,12
2013,8,11,1,0,11.5
2013,8,11,2,0,11.2
2013,8,11,3,0,11
2013,8,11,4,0,10.7
2013,8,11,5,0,10.5
2013,8,11,6,0,10.6
2013,8,11,7,126,11.6
2013,8,11,8,316,13.1
2013,8,11,9,484,13.9
2013,8,11,10,609,15.9
2013,8,11,11,670,16.9
2013,8,11,12,670,17.7
2013,8,11,13,603,18.4
2013,8,11,14,480,18.7
2013,8,11,15,310,18.5
2013,8,11,16,123,17.8
2013,8,11,17,0,17.1
2013,8,11,18,0,16.8
2013,8,11,19,0,16.3
2013,8,11,20,0,15.7
2013,8,11,21,0,15
2013,8,11,22,0,14.4
2013,8,11,23,0,13.9
2013,8,12,0,0,13.5
2013,8,12,1,0,13.3
2013,8,12,2,0,13.2
2013,8,12,3,0,13.3
2013,8,12,4,0,13.3
2013,8,12,5,0,13.3
2013,8,12,6,0,13.6
2013,8,12,7,116,14.6
2013,8,12,8,229,16
2013,8,12,9,435,16.7
2013,8,12,10,584,19.2
2013,8,12,11,544,20.5
2013,8,12,12,207,21.3
2013,8,12,13,102,21.5
2013,8,12,14,47,20.6
2013,8,12,15,113,18.9
2013,8,12,16,42,17.3
2013,8,12,17,0,16.2
2013,8,12,18,0,15.4
2013,8,12,19,0,14.6
2013,8,12,20,0,14
2013,8,12,21,0,13.4
2013,8,12,22,0,13
2013,8,12,23,0,12.5
2013,8,13,0,0,12
2013,8,13,1,0,11.6
2013,8,13,2,0,11.2
2013,8,13,3,0,10.9
2013,8,13,4,0,10.6
2013,8,13,5,0,10.5
2013,8,13,6,0,11
2013,8,13,7,67,12.3
2013,8,13,8,325,13.9
2013,8,13,9,493,14.7
2013,8,13,10,614,16.5
2013,8,13,11,674,17.3
2013,8,13,12,674,17.9
2013,8,13,13,614,18.3
2013,8,13,14,492,18.4
2013,8,13,15,324,18.2
2013,8,13,16,135,17.5
2013,8,13,17,0,16.5
2013,8,13,18,0,15.6
2013,8,13,19,0,14.8
2013,8,13,20,0,14
2013,8,13,21,0,13.4
2013,8,13,22,0,12.8
2013,8,13,23,0,12.3
2013,8,14,0,0,12
2013,8,14,1,0,11.8
2013,8,14,2,0,11.7
2013,8,14,3,0,11.6
2013,8,14,4,0,11.4
2013,8,14,5,0,11.2
2013,8,14,6,0,11.5
2013,8,14,7,133,12.6
2013,8,14,8,322,14.2
2013,8,14,9,489,15.1
2013,8,14,10,609,17.5
2013,8,14,11,672,18.5
2013,8,14,12,671,19.2
2013,8,14,13,608,19.7
2013,8,14,14,485,19.8
2013,8,14,15,319,19.4
2013,8,14,16,130,18.5
2013,8,14,17,0,17.7
2013,8,14,18,0,17.1
2013,8,14,19,0,16.6
2013,8,14,20,0,16.3
2013,8,14,21,0,16.1
2013,8,14,22,0,15.9
2013,8,14,23,0,15.3
2013,8,15,0,0,14.3
2013,8,15,1,0,13.2
2013,8,15,2,0,12.4
2013,8,15,3,0,11.9
2013,8,15,4,0,11.7
2013,8,15,5,0,11.5
2013,8,15,6,0,11.7
2013,8,15,7,143,12.4
2013,8,15,8,338,13.2
2013,8,15,9,509,13.6
2013,8,15,10,630,14.7
2013,8,15,11,692,15.2
2013,8,15,12,691,15.5
2013,8,15,13,626,15.7
2013,8,15,14,500,15.8
2013,8,15,15,329,15.6
2013,8,15,16,139,14.9
2013,8,15,17,0,14.4
2013,8,15,18,0,14.2
2013,8,15,19,0,14.3
2013,8,15,20,0,14.3
2013,8,15,21,0,13.7
2013,8,15,22,0,12.9
2013,8,15,23,0,12.1
2013,8,16,0,0,11.4
2013,8,16,1,0,10.9
2013,8,16,2,0,10.3
2013,8,16,3,0,9.9
2013,8,16,4,0,9.5
2013,8,16,5,0,9.1
2013,8,16,6,0,9.3
2013,8,16,7,143,10.3
2013,8,16,8,337,11.8
2013,8,16,9,506,12.7
2013,8,16,10,631,15.4
2013,8,16,11,692,16.6
2013,8,16,12,690,17.5
2013,8,16,13,627,17.9
2013,8,16,14,503,18
2013,8,16,15,333,17.5
2013,8,16,16,139,16.5
2013,8,16,17,0,15.7
2013,8,16,18,0,15.4
2013,8,16,19,0,15.3
2013,8,16,20,0,15.2
2013,8,16,21,0,15.1
2013,8,16,22,0,14.9
2013,8,16,23,0,14.7
2013,8,17,0,0,14.6
2013,8,17,1,0,14.4
2013,8,17,2,0,14.1
2013,8,17,3,0,13.9
2013,8,17,4,0,13.8
2013,8,17,5,0,13.8
2013,8,17,6,0,14.1
2013,8,17,7,128,15
2013,8,17,8,306,16.2
2013,8,17,9,460,16.9
2013,8,17,10,601,18.9
2013,8,17,11,660,20
2013,8,17,12,659,20.5
2013,8,17,13,600,20.7
2013,8,17,14,480,20.5
2013,8,17,15,321,19.8
2013,8,17,16,138,18.5
2013,8,17,17,0,17.2
2013,8,17,18,0,16.3
2013,8,17,19,0,15.5
2013,8,17,20,0,14.7
2013,8,17,21,0,13.9
2013,8,17,22,0,13.3
2013,8,17,23,0,12.9
2013,8,18,0,0,12.6
2013,8,18,1,0,12.4
2013,8,18,2,0,12.3
2013,8,18,3,0,12.2
2013,8,18,4,0,12
2013,8,18,5,0,11.8
2013,8,18,6,0,12.1
2013,8,18,7,150,13.2
2013,8,18,8,346,14.5
2013,8,18,9,516,15.3
2013,8,18,10,637,17.3
2013,8,18,11,701,18.4
2013,8,18,12,696,19.2
2013,8,18,13,632,19.7
2013,8,18,14,508,19.8
2013,8,18,15,337,19.5
2013,8,18,16,144,18.5
2013,8,18,17,0,17.6
2013,8,18,18,0,16.9
2013,8,18,19,0,16.2
2013,8,18,20,0,15.6
2013,8,18,21,0,15.1
2013,8,18,22,0,14.6
2013,8,18,23,0,14.3
2013,8,19,0,0,14
2013,8,19,1,0,13.7
2013,8,19,2,0,13.4
2013,8,19,3,0,13.3
2013,8,19,4,0,13.2
2013,8,19,5,0,13.2
2013,8,19,6,0,13.5
2013,8,19,7,148,14.6
2013,8,19,8,338,15.9
2013,8,19,9,507,16.4
2013,8,19,10,630,17.3
2013,8,19,11,344,17.7
2013,8,19,12,688,18
2013,8,19,13,627,17.9
2013,8,19,14,327,17.5
2013,8,19,15,208,16.6
2013,8,19,16,74,15.3
2013,8,19,17,0,14.1
2013,8,19,18,0,13.3
2013,8,19,19,0,12.5
2013,8,19,20,0,11.7
2013,8,19,21,0,11.1
2013,8,19,22,0,10.6
2013,8,19,23,0,10.2
2013,8,20,0,0,9.9
2013,8,20,1,0,9.6
2013,8,20,2,0,9.3
2013,8,20,3,0,9.2
2013,8,20,4,0,9.1
2013,8,20,5,0,8.9
2013,8,20,6,0,9.3
2013,8,20,7,161,10.1
2013,8,20,8,361,11.1
2013,8,20,9,533,11.6
2013,8,20,10,656,13
2013,8,20,11,720,13.7
2013,8,20,12,718,14.2
2013,8,20,13,652,14.5
2013,8,20,14,526,14.5
2013,8,20,15,350,14
2013,8,20,16,153,13.1
2013,8,20,17,0,12
2013,8,20,18,0,11.4
2013,8,20,19,0,10.8
2013,8,20,20,0,10.2
2013,8,20,21,0,9.8
2013,8,20,22,0,9.5
2013,8,20,23,0,9.2
2013,8,21,0,0,9.1
2013,8,21,1,0,9.1
2013,8,21,2,0,9.2
2013,8,21,3,0,9.2
2013,8,21,4,0,9.3
2013,8,21,5,0,9.4
2013,8,21,6,0,10
2013,8,21,7,163,11
2013,8,21,8,356,12.2
2013,8,21,9,525,12.8
2013,8,21,10,647,14
2013,8,21,11,711,14.6
2013,8,21,12,709,15
2013,8,21,13,66,15.3
2013,8,21,14,516,15.4
2013,8,21,15,275,15.2
2013,8,21,16,148,14.5
2013,8,21,17,0,13.7
2013,8,21,18,0,13.1
2013,8,21,19,0,12.5
2013,8,21,20,0,11.8
2013,8,21,21,0,11.1
2013,8,21,22,0,10.6
2013,8,21,23,0,10.2
2013,8,22,0,0,10
2013,8,22,1,0,9.9
2013,8,22,2,0,9.9
2013,8,22,3,0,9.9
2013,8,22,4,0,9.8
2013,8,22,5,0,9.7
2013,8,22,6,0,10.1
2013,8,22,7,84,11.2
2013,8,22,8,206,12.4
2013,8,22,9,397,13
2013,8,22,10,635,14.6
2013,8,22,11,699,15.2
2013,8,22,12,408,15.6
2013,8,22,13,416,15.6
2013,8,22,14,307,15.5
2013,8,22,15,217,15.5
2013,8,22,16,87,15.1
2013,8,22,17,0,14.5
2013,8,22,18,0,14.1
2013,8,22,19,0,13.5
2013,8,22,20,0,12.9
2013,8,22,21,0,12.4
2013,8,22,22,0,12.1
2013,8,22,23,0,11.8
2013,8,23,0,0,11.6
2013,8,23,1,0,11.6
2013,8,23,2,0,11.8
2013,8,23,3,0,12.1
2013,8,23,4,0,12.3
2013,8,23,5,0,12.5
2013,8,23,6,0,12.8
2013,8,23,7,122,13.3
2013,8,23,8,274,14.1
2013,8,23,9,318,14.7
2013,8,23,10,346,16.2
2013,8,23,11,317,16.6
2013,8,23,12,111,16.7
2013,8,23,13,146,16.8
2013,8,23,14,170,17
2013,8,23,15,59,16.9
2013,8,23,16,24,16.4
2013,8,23,17,0,15.9
2013,8,23,18,0,15.5
2013,8,23,19,0,15.1
2013,8,23,20,0,14.7
2013,8,23,21,0,14.4
2013,8,23,22,0,14.3
2013,8,23,23,0,14.2
2013,8,24,0,0,14.1
2013,8,24,1,0,14.1
2013,8,24,2,0,14
2013,8,24,3,0,13.9
2013,8,24,4,0,13.8
2013,8,24,5,0,13.6
2013,8,24,6,0,14
2013,8,24,7,172,14.9
2013,8,24,8,365,15.9
2013,8,24,9,532,16.3
2013,8,24,10,653,17.7
2013,8,24,11,714,18.3
2013,8,24,12,707,18.8
2013,8,24,13,639,18.9
2013,8,24,14,512,18.9
2013,8,24,15,341,18.4
2013,8,24,16,158,17.4
2013,8,24,17,0,16.4
2013,8,24,18,0,15.9
2013,8,24,19,0,15.8
2013,8,24,20,0,15.6
2013,8,24,21,0,15.3
2013,8,24,22,0,14.8
2013,8,24,23,0,14.3
2013,8,25,0,0,13.7
2013,8,25,1,0,13
2013,8,25,2,0,12.5
2013,8,25,3,0,12.1
2013,8,25,4,0,11.8
2013,8,25,5,0,11.4
2013,8,25,6,12,11.6
2013,8,25,7,175,12.7
2013,8,25,8,371,14.4
2013,8,25,9,542,15.2
2013,8,25,10,668,17.4
2013,8,25,11,728,18.6
2013,8,25,12,722,19.5
2013,8,25,13,663,20.2
2013,8,25,14,533,20.4
2013,8,25,15,357,20
2013,8,25,16,158,18.8
2013,8,25,17,0,17.5
2013,8,25,18,0,16.8
2013,8,25,19,0,16.3
2013,8,25,20,0,15.8
2013,8,25,21,0,15.3
2013,8,25,22,0,14.7
2013,8,25,23,0,14
2013,8,26,0,0,13.3
2013,8,26,1,0,12.7
2013,8,26,2,0,12.3
2013,8,26,3,0,12.1
2013,8,26,4,0,11.9
2013,8,26,5,0,11.9
2013,8,26,6,14,12.4
2013,8,26,7,181,13.6
2013,8,26,8,379,14.9
2013,8,26,9,549,15.6
2013,8,26,10,674,17.1
2013,8,26,11,735,17.7
2013,8,26,12,730,18.2
2013,8,26,13,509,18.4
2013,8,26,14,529,18.4
2013,8,26,15,260,17.9
2013,8,26,16,109,17.1
2013,8,26,17,0,16.4
2013,8,26,18,0,15.8
2013,8,26,19,0,15.4
2013,8,26,20,0,15.1
2013,8,26,21,0,14.8
2013,8,26,22,0,14.3
2013,8,26,23,0,13.9
2013,8,27,0,0,13.6
2013,8,27,1,0,13.5
2013,8,27,2,0,13.5
2013,8,27,3,0,13.6
2013,8,27,4,0,13.6
2013,8,27,5,0,13.5
2013,8,27,6,4,13.7
2013,8,27,7,124,14.3
2013,8,27,8,370,15.5
2013,8,27,9,538,16.3
2013,8,27,10,662,18
2013,8,27,11,724,18.5
2013,8,27,12,720,18.7
2013,8,27,13,655,18.7
2013,8,27,14,528,18.6
2013,8,27,15,356,18.1
2013,8,27,16,161,17.2
2013,8,27,17,0,16.2
2013,8,27,18,0,15.8
2013,8,27,19,0,15.8
2013,8,27,20,0,15.9
2013,8,27,21,0,15.8
2013,8,27,22,0,15.5
2013,8,27,23,0,15.1
2013,8,28,0,0,14.7
2013,8,28,1,0,14.2
2013,8,28,2,0,13.7
2013,8,28,3,0,13.3
2013,8,28,4,0,12.9
2013,8,28,5,0,12.5
2013,8,28,6,17,12.9
2013,8,28,7,186,14
2013,8,28,8,381,15.7
2013,8,28,9,552,16.8
2013,8,28,10,675,18.8
2013,8,28,11,736,19.2
2013,8,28,12,729,19.4
2013,8,28,13,662,19.3
2013,8,28,14,532,19
2013,8,28,15,359,18.5
2013,8,28,16,164,17.6
2013,8,28,17,0,16.6
2013,8,28,18,0,16
2013,8,28,19,0,15.9
2013,8,28,20,0,15.9
2013,8,28,21,0,16
2013,8,28,22,0,16.1
2013,8,28,23,0,16
2013,8,29,0,0,15.7
2013,8,29,1,0,15.5
2013,8,29,2,0,15.2
2013,8,29,3,0,15
2013,8,29,4,0,14.8
2013,8,29,5,0,14.6
2013,8,29,6,18,14.9
2013,8,29,7,183,15.8
2013,8,29,8,167,17
2013,8,29,9,536,17.6
2013,8,29,10,450,18.7
2013,8,29,11,534,19.2
2013,8,29,12,702,19.5
2013,8,29,13,548,19.7
2013,8,29,14,353,19.6
2013,8,29,15,284,19.3
2013,8,29,16,153,18.6
2013,8,29,17,0,18
2013,8,29,18,0,17.7
2013,8,29,19,0,17.7
2013,8,29,20,0,17.7
2013,8,29,21,0,17.7
2013,8,29,22,0,17.6
2013,8,29,23,0,17.5
2013,8,30,0,0,17.2
2013,8,30,1,0,16.9
2013,8,30,2,0,16.7
2013,8,30,3,0,16.5
2013,8,30,4,0,16.4
2013,8,30,5,0,16.3
2013,8,30,6,16,16.6
2013,8,30,7,113,17.5
2013,8,30,8,373,18.7
2013,8,30,9,547,19.4
2013,8,30,10,680,21.2
2013,8,30,11,745,22.2
2013,8,30,12,736,23.1
2013,8,30,13,669,23.9
2013,8,30,14,540,24.4
2013,8,30,15,364,24
2013,8,30,16,166,22.5
2013,8,30,17,0,20.4
2013,8,30,18,0,19.1
2013,8,30,19,0,18.5
2013,8,30,20,0,18.1
2013,8,30,21,0,17.5
2013,8,30,22,0,17.1
2013,8,30,23,0,16.6
2013,8,31,0,0,16.2
2013,8,31,1,0,15.9
2013,8,31,2,0,15.5
2013,8,31,3,0,15
2013,8,31,4,0,14.7
2013,8,31,5,0,14.6
2013,8,31,6,13,14.8
2013,8,31,7,112,15.4
2013,8,31,8,245,16.3
2013,8,31,9,450,16.8
2013,8,31,10,684,19.2
2013,8,31,11,547,20.2
2013,8,31,12,570,20.7
2013,8,31,13,585,20.8
2013,8,31,14,547,20.7
2013,8,31,15,374,20.2
2013,8,31,16,174,19
2013,8,31,17,0,17.8
2013,8,31,18,0,17.2
2013,8,31,19,0,17
2013,8,31,20,0,17.1
2013,8,31,21,0,17.3
2013,8,31,22,0,17.4
2013,8,31,23,0,17.3
2013,9,1,0,0,17.1
2013,9,1,1,0,16.7
2013,9,1,2,0,16.2
2013,9,1,3,0,15.6
2013,9,1,4,0,15.1
2013,9,1,5,0,14.7
2013,9,1,6,28,14.9
2013,9,1,7,209,16.2
2013,9,1,8,409,17.8
2013,9,1,9,579,18.6
2013,9,1,10,699,20
2013,9,1,11,761,20.6
2013,9,1,12,755,20.9
2013,9,1,13,686,21
2013,9,1,14,555,20.9
2013,9,1,15,379,20.4
2013,9,1,16,178,19.4
2013,9,1,17,0,18.3
2013,9,1,18,0,17.6
2013,9,1,19,0,17.3
2013,9,1,20,0,17
2013,9,1,21,0,16.7
2013,9,1,22,0,16.4
2013,9,1,23,0,16.1
2013,9,2,0,0,15.7
2013,9,2,1,0,15.3
2013,9,2,2,0,14.8
2013,9,2,3,0,14.3
2013,9,2,4,0,13.8
2013,9,2,5,0,13.4
2013,9,2,6,28,13.7
2013,9,2,7,207,15
2013,9,2,8,254,16.8
2013,9,2,9,576,17.9
2013,9,2,10,696,19.7
2013,9,2,11,756,20.6
2013,9,2,12,750,21.1
2013,9,2,13,688,21.3
2013,9,2,14,555,21.2
2013,9,2,15,378,20.7
2013,9,2,16,176,19.7
2013,9,2,17,12,18.5
2013,9,2,18,0,17.7
2013,9,2,19,0,17.2
2013,9,2,20,0,16.9
2013,9,2,21,0,16.7
2013,9,2,22,0,16.6
2013,9,2,23,0,16.5
2013,9,3,0,0,16.3
2013,9,3,1,0,16
2013,9,3,2,0,15.7
2013,9,3,3,0,15.4
2013,9,3,4,0,15.2
2013,9,3,5,0,15
2013,9,3,6,29,15.2
2013,9,3,7,204,16.2
2013,9,3,8,399,17.6
2013,9,3,9,567,18.3
2013,9,3,10,686,19.7
2013,9,3,11,747,20.3
2013,9,3,12,741,20.6
2013,9,3,13,678,20.8
2013,9,3,14,550,20.7
2013,9,3,15,374,20.3
2013,9,3,16,175,19.5
2013,9,3,17,12,18.4
2013,9,3,18,0,17.7
2013,9,3,19,0,17.2
2013,9,3,20,0,16.9
2013,9,3,21,0,16.5
2013,9,3,22,0,16.2
2013,9,3,23,0,15.8
2013,9,4,0,0,15.4
2013,9,4,1,0,15.1
2013,9,4,2,0,14.8
2013,9,4,3,0,14.5
2013,9,4,4,0,14.3
2013,9,4,5,0,14.2
2013,9,4,6,35,14.8
2013,9,4,7,220,16.1
2013,9,4,8,421,17.7
2013,9,4,9,592,18.4
2013,9,4,10,716,19.9
2013,9,4,11,777,20.6
2013,9,4,12,772,21
2013,9,4,13,700,21.2
2013,9,4,14,568,21.1
2013,9,4,15,389,20.7
2013,9,4,16,184,19.6
2013,9,4,17,14,18.4
2013,9,4,18,0,17.6
2013,9,4,19,0,17.2
2013,9,4,20,0,16.9
2013,9,4,21,0,16.6
2013,9,4,22,0,16.2
2013,9,4,23,0,15.8
2013,9,5,0,0,15.4
2013,9,5,1,0,15
2013,9,5,2,0,14.7
2013,9,5,3,0,14.4
2013,9,5,4,0,13.9
2013,9,5,5,0,13.6
2013,9,5,6,38,13.9
2013,9,5,7,224,15.2
2013,9,5,8,423,17.1
2013,9,5,9,592,18.3
2013,9,5,10,708,21.3
2013,9,5,11,765,22.8
2013,9,5,12,756,23.9
2013,9,5,13,682,24.5
2013,9,5,14,550,24.6
2013,9,5,15,372,24.4
2013,9,5,16,175,23.7
2013,9,5,17,14,22.6
2013,9,5,18,0,21.5
2013,9,5,19,0,20.5
2013,9,5,20,0,19.6
2013,9,5,21,0,19
2013,9,5,22,0,18.7
2013,9,5,23,0,18.4
2013,9,6,0,0,18.1
2013,9,6,1,0,17.7
2013,9,6,2,0,17.2
2013,9,6,3,0,16.7
2013,9,6,4,0,16.2
2013,9,6,5,0,15.9
2013,9,6,6,37,15.9
2013,9,6,7,212,16.4
2013,9,6,8,402,17.2
2013,9,6,9,460,17.7
2013,9,6,10,536,19.6
2013,9,6,11,738,20.5
2013,9,6,12,731,20.8
2013,9,6,13,664,20.9
2013,9,6,14,535,20.7
2013,9,6,15,363,20.3
2013,9,6,16,127,19.6
2013,9,6,17,9,19
2013,9,6,18,0,18.5
2013,9,6,19,0,18.1
2013,9,6,20,0,17.9
2013,9,6,21,0,17.8
2013,9,6,22,0,17.6
2013,9,6,23,0,17.4
2013,9,7,0,0,17.2
2013,9,7,1,0,17.1
2013,9,7,2,0,17.1
2013,9,7,3,0,17.1
2013,9,7,4,0,17
2013,9,7,5,0,16.9
2013,9,7,6,25,17.1
2013,9,7,7,185,18
2013,9,7,8,421,19.5
2013,9,7,9,589,20.5
2013,9,7,10,711,23.1
2013,9,7,11,764,24.2
2013,9,7,12,753,24.6
2013,9,7,13,682,24.6
2013,9,7,14,547,24.2
2013,9,7,15,368,23.4
2013,9,7,16,179,22.1
2013,9,7,17,15,21
2013,9,7,18,0,20.2
2013,9,7,19,0,19.7
2013,9,7,20,0,19.2
2013,9,7,21,0,18.7
2013,9,7,22,0,18.2
2013,9,7,23,0,17.8
2013,9,8,0,0,17.4
2013,9,8,1,0,17.2
2013,9,8,2,0,17.1
2013,9,8,3,0,17
2013,9,8,4,0,16.9
2013,9,8,5,0,17
2013,9,8,6,42,17.3
2013,9,8,7,16,17.9
2013,9,8,8,32,18.3
2013,9,8,9,588,18.5
2013,9,8,10,256,19.2
2013,9,8,11,64,19.5
2013,9,8,12,753,19.7
2013,9,8,13,692,19.8
2013,9,8,14,560,19.7
2013,9,8,15,382,19.2
2013,9,8,16,181,18.4
2013,9,8,17,2,17.6
2013,9,8,18,0,17.3
2013,9,8,19,0,17.2
2013,9,8,20,0,17.3
2013,9,8,21,0,17.3
2013,9,8,22,0,17.3
2013,9,8,23,0,17.3
2013,9,9,0,0,17.3
2013,9,9,1,0,17.2
2013,9,9,2,0,17.1
2013,9,9,3,0,17.1
2013,9,9,4,0,17
2013,9,9,5,0,17.1
2013,9,9,6,43,17.6
2013,9,9,7,222,18.7
2013,9,9,8,416,19.8
2013,9,9,9,580,20.3
2013,9,9,10,597,21.5
2013,9,9,11,400,22.1
2013,9,9,12,343,22.5
2013,9,9,13,230,22.6
2013,9,9,14,555,22.5
2013,9,9,15,264,22
2013,9,9,16,118,21.2
2013,9,9,17,11,20.5
2013,9,9,18,0,20.2
2013,9,9,19,0,20.1
2013,9,9,20,0,20.1
2013,9,9,21,0,19.9
2013,9,9,22,0,19.7
2013,9,9,23,0,19.5
2013,9,10,0,0,19.3
2013,9,10,1,0,19.3
2013,9,10,2,0,19.3
2013,9,10,3,0,19.4
2013,9,10,4,0,19.4
2013,9,10,5,0,19.4
2013,9,10,6,52,19.9
2013,9,10,7,243,20.9
2013,9,10,8,441,22.2
2013,9,10,9,609,22.9
2013,9,10,10,731,24.6
2013,9,10,11,776,25.1
2013,9,10,12,754,25.3
2013,9,10,13,708,25.2
2013,9,10,14,559,25.1
2013,9,10,15,376,24.7
2013,9,10,16,179,23.8
2013,9,10,17,16,22.7
2013,9,10,18,0,21.8
2013,9,10,19,0,20.9
2013,9,10,20,0,19.9
2013,9,10,21,0,19
2013,9,10,22,0,18.2
2013,9,10,23,0,17.4
2013,9,11,0,0,16.5
2013,9,11,1,0,15.8
2013,9,11,2,0,15.2
2013,9,11,3,0,14.7
2013,9,11,4,0,14.4
2013,9,11,5,0,14.3
2013,9,11,6,40,14.9
2013,9,11,7,270,15.8
2013,9,11,8,343,16.6
2013,9,11,9,397,17.1
2013,9,11,10,337,18.9
2013,9,11,11,252,20.2
2013,9,11,12,395,21.2
2013,9,11,13,732,21.7
2013,9,11,14,588,21.9
2013,9,11,15,405,21.6
2013,9,11,16,200,20.6
2013,9,11,17,22,19.4
2013,9,11,18,0,18.5
2013,9,11,19,0,17.7
2013,9,11,20,0,16.9
2013,9,11,21,0,16.2
2013,9,11,22,0,15.4
2013,9,11,23,0,14.8
2013,9,12,0,0,14.3
2013,9,12,1,0,14
2013,9,12,2,0,13.9
2013,9,12,3,0,13.7
2013,9,12,4,0,13.6
2013,9,12,5,0,13.6
2013,9,12,6,67,14.3
2013,9,12,7,270,15.6
2013,9,12,8,475,16.9
2013,9,12,9,647,17.4
2013,9,12,10,765,18.5
2013,9,12,11,821,19.2
2013,9,12,12,808,20.1
2013,9,12,13,734,20.8
2013,9,12,14,597,21.2
2013,9,12,15,412,21.2
2013,9,12,16,205,20.4
2013,9,12,17,7,18.9
2013,9,12,18,0,16.9
2013,9,12,19,0,15
2013,9,12,20,0,13.9
2013,9,12,21,0,13.6
2013,9,12,22,0,13.3
2013,9,12,23,0,12.9
2013,9,13,0,0,12.6
2013,9,13,1,0,12.5
2013,9,13,2,0,12.5
2013,9,13,3,0,12.4
2013,9,13,4,0,12.3
2013,9,13,5,0,12.4
2013,9,13,6,41,13.1
2013,9,13,7,172,14
2013,9,13,8,477,15
2013,9,13,9,280,15.4
2013,9,13,10,496,16.1
2013,9,13,11,822,16.6
2013,9,13,12,333,17
2013,9,13,13,513,17.2
2013,9,13,14,585,17.2
2013,9,13,15,400,16.9
2013,9,13,16,191,16.6
2013,9,13,17,13,16.1
2013,9,13,18,0,15.7
2013,9,13,19,0,15.5
2013,9,13,20,0,15.4
2013,9,13,21,0,15.5
2013,9,13,22,0,15.6
2013,9,13,23,0,15.7
2013,9,14,0,0,15.8
2013,9,14,1,0,15.6
2013,9,14,2,0,15.5
2013,9,14,3,0,15.5
2013,9,14,4,0,15.5
2013,9,14,5,0,15.7
2013,9,14,6,55,16.1
2013,9,14,7,237,16.6
2013,9,14,8,429,17
2013,9,14,9,597,17.3
2013,9,14,10,732,18.4
2013,9,14,11,792,19.3
2013,9,14,12,789,20
2013,9,14,13,717,20.4
2013,9,14,14,585,20.2
2013,9,14,15,405,19.5
2013,9,14,16,200,18.3
2013,9,14,17,23,17
2013,9,14,18,0,16.2
2013,9,14,19,0,15.9
2013,9,14,20,0,15.7
2013,9,14,21,0,15.6
2013,9,14,22,0,15.5
2013,9,14,23,0,15.5
2013,9,15,0,0,15.4
2013,9,15,1,0,15.2
2013,9,15,2,0,15.1
2013,9,15,3,0,15
2013,9,15,4,0,14.9
2013,9,15,5,0,15
2013,9,15,6,73,15.4
2013,9,15,7,276,16.2
2013,9,15,8,478,16.8
2013,9,15,9,325,17
2013,9,15,10,559,17.7
2013,9,15,11,296,18
2013,9,15,12,812,18.2
2013,9,15,13,732,18.3
2013,9,15,14,596,18
2013,9,15,15,284,17.6
2013,9,15,16,53,17.1
2013,9,15,17,7,16.5
2013,9,15,18,0,16.1
2013,9,15,19,0,16
2013,9,15,20,0,16
2013,9,15,21,0,15.9
2013,9,15,22,0,16
2013,9,15,23,0,16.1
2013,9,16,0,0,16.1
2013,9,16,1,0,16.1
2013,9,16,2,0,16.1
2013,9,16,3,0,16.1
2013,9,16,4,0,16
2013,9,16,5,0,16.1
2013,9,16,6,5,16.6
2013,9,16,7,11,17.1
2013,9,16,8,23,17.5
2013,9,16,9,75,17.7
2013,9,16,10,137,17.9
2013,9,16,11,88,17.9
2013,9,16,12,124,17.9
2013,9,16,13,168,17.8
2013,9,16,14,118,17.7
2013,9,16,15,113,17.4
2013,9,16,16,50,17.1
2013,9,16,17,9,16.8
2013,9,16,18,0,16.7
2013,9,16,19,0,16.8
2013,9,16,20,0,16.9
2013,9,16,21,0,17.1
2013,9,16,22,0,17.2
2013,9,16,23,0,17.4
2013,9,17,0,0,17.5
2013,9,17,1,0,17.5
2013,9,17,2,0,17.2
2013,9,17,3,0,16.8
2013,9,17,4,0,16.5
2013,9,17,5,0,16.3
2013,9,17,6,5,16.5
2013,9,17,7,11,17.2
2013,9,17,8,207,18.1
2013,9,17,9,497,18.6
2013,9,17,10,593,19.9
2013,9,17,11,565,20.5
2013,9,17,12,194,20.7
2013,9,17,13,724,20.7
2013,9,17,14,589,20.6
2013,9,17,15,412,20.3
2013,9,17,16,32,19.8
2013,9,17,17,7,19.1
2013,9,17,18,0,18.5
2013,9,17,19,0,18
2013,9,17,20,0,17.4
2013,9,17,21,0,17.1
2013,9,17,22,0,17
2013,9,17,23,0,16.8
2013,9,18,0,0,16.6
2013,9,18,1,0,16.5
2013,9,18,2,0,16.3
2013,9,18,3,0,16.3
2013,9,18,4,0,16.2
2013,9,18,5,0,16.3
2013,9,18,6,65,17
2013,9,18,7,224,18
2013,9,18,8,315,18.8
2013,9,18,9,666,19.3
2013,9,18,10,783,20.5
2013,9,18,11,839,21.2
2013,9,18,12,823,21.7
2013,9,18,13,742,22
2013,9,18,14,606,22
2013,9,18,15,425,21.9
2013,9,18,16,218,21.2
2013,9,18,17,32,20.4
2013,9,18,18,0,19.8
2013,9,18,19,0,19.4
2013,9,18,20,0,19
2013,9,18,21,0,18.6
2013,9,18,22,0,18.1
2013,9,18,23,0,17.6
2013,9,19,0,0,17.2
2013,9,19,1,0,16.8
2013,9,19,2,0,16.3
2013,9,19,3,0,15.7
2013,9,19,4,0,15.1
2013,9,19,5,0,14.6
2013,9,19,6,102,14.8
2013,9,19,7,319,15.4
2013,9,19,8,528,16.2
2013,9,19,9,702,16.6
2013,9,19,10,818,18.1
2013,9,19,11,874,19.2
2013,9,19,12,860,20.1
2013,9,19,13,779,20.7
2013,9,19,14,639,21
2013,9,19,15,451,20.9
2013,9,19,16,235,20.1
2013,9,19,17,37,18.8
2013,9,19,18,0,17.7
2013,9,19,19,0,16.8
2013,9,19,20,0,15.9
2013,9,19,21,0,15
2013,9,19,22,0,14.3
2013,9,19,23,0,13.7
2013,9,20,0,0,13.3
2013,9,20,1,0,13
2013,9,20,2,0,12.8
2013,9,20,3,0,12.7
2013,9,20,4,0,12.6
2013,9,20,5,0,12.7
2013,9,20,6,102,13.6
2013,9,20,7,313,15.1
2013,9,20,8,518,16.6
2013,9,20,9,605,17.3
2013,9,20,10,807,18.8
2013,9,20,11,864,19.2
2013,9,20,12,853,19
2013,9,20,13,518,18.5
2013,9,20,14,474,18.1
2013,9,20,15,284,17.7
2013,9,20,16,231,17.2
2013,9,20,17,36,16.4
2013,9,20,18,0,15.7
2013,9,20,19,0,15.3
2013,9,20,20,0,14.9
2013,9,20,21,0,14.6
2013,9,20,22,0,14.3
2013,9,20,23,0,14
2013,9,21,0,0,13.8
2013,9,21,1,0,13.6
2013,9,21,2,0,13.4
2013,9,21,3,0,13.3
2013,9,21,4,0,13.1
2013,9,21,5,0,13.1
2013,9,21,6,107,14
2013,9,21,7,322,15.2
2013,9,21,8,531,16.4
2013,9,21,9,706,16.9
2013,9,21,10,825,18
2013,9,21,11,880,18.5
2013,9,21,12,869,18.9
2013,9,21,13,783,19
2013,9,21,14,639,18.9
2013,9,21,15,449,18.6
2013,9,21,16,230,17.8
2013,9,21,17,36,16.9
2013,9,21,18,0,16.2
2013,9,21,19,0,16
2013,9,21,20,0,16.1
2013,9,21,21,0,16.2
2013,9,21,22,0,16.3
2013,9,21,23,0,16.1
2013,9,22,0,0,15.8
2013,9,22,1,0,15.6
2013,9,22,2,0,15.2
2013,9,22,3,0,14.8
2013,9,22,4,0,14.4
2013,9,22,5,0,14.1
2013,9,22,6,102,14.8
2013,9,22,7,311,16.1
2013,9,22,8,517,17.5
2013,9,22,9,689,18.2
2013,9,22,10,813,19.9
2013,9,22,11,867,20.9
2013,9,22,12,848,21.5
2013,9,22,13,772,21.6
2013,9,22,14,631,21.4
2013,9,22,15,441,21.1
2013,9,22,16,148,20.3
2013,9,22,17,37,19.3
2013,9,22,18,0,18.4
2013,9,22,19,0,17.8
2013,9,22,20,0,17.5
2013,9,22,21,0,17.3
2013,9,22,22,0,17.3
2013,9,22,23,0,17.2
2013,9,23,0,0,17
2013,9,23,1,0,16.7
2013,9,23,2,0,16.3
2013,9,23,3,0,15.9
2013,9,23,4,0,15.4
2013,9,23,5,0,15.1
2013,9,23,6,113,15.6
2013,9,23,7,329,16.7
2013,9,23,8,540,18.3
2013,9,23,9,712,19.2
2013,9,23,10,836,21.8
2013,9,23,11,887,23.3
2013,9,23,12,867,24
2013,9,23,13,781,24.1
2013,9,23,14,635,23.9
2013,9,23,15,443,23.2
2013,9,23,16,232,22
2013,9,23,17,38,20.5
2013,9,23,18,0,19.6
2013,9,23,19,0,19.3
2013,9,23,20,0,19.3
2013,9,23,21,0,19.5
2013,9,23,22,0,19.4
2013,9,23,23,0,19.2
2013,9,24,0,0,19.2
2013,9,24,1,0,19.5
2013,9,24,2,0,19.8
2013,9,24,3,0,19.7
2013,9,24,4,0,19
2013,9,24,5,0,18.8
2013,9,24,6,41,19
2013,9,24,7,128,19.5
2013,9,24,8,209,20.1
2013,9,24,9,381,20.5
2013,9,24,10,488,22.3
2013,9,24,11,660,23.4
2013,9,24,12,826,24.7
2013,9,24,13,762,25.8
2013,9,24,14,465,26.2
2013,9,24,15,445,25.8
2013,9,24,16,238,24.7
2013,9,24,17,42,23.2
2013,9,24,18,0,22.3
2013,9,24,19,0,21.7
2013,9,24,20,0,21
2013,9,24,21,0,20.3
2013,9,24,22,0,19.6
2013,9,24,23,0,18.9
2013,9,25,0,0,18.4
2013,9,25,1,0,17.9
2013,9,25,2,0,17.4
2013,9,25,3,0,16.9
2013,9,25,4,0,16.3
2013,9,25,5,0,16
2013,9,25,6,121,16.6
2013,9,25,7,335,18.1
2013,9,25,8,540,20.3
2013,9,25,9,709,21.7
2013,9,25,10,827,24.6
2013,9,25,11,881,25.8
2013,9,25,12,865,26.7
2013,9,25,13,782,27.2
2013,9,25,14,638,27.5
2013,9,25,15,451,27.3
2013,9,25,16,241,26.3
2013,9,25,17,44,24.6
2013,9,25,18,0,23.4
2013,9,25,19,0,23.3
2013,9,25,20,0,23.2
2013,9,25,21,0,22.8
2013,9,25,22,0,22.1
2013,9,25,23,0,21.3
2013,9,26,0,0,20.4
2013,9,26,1,0,19.8
2013,9,26,2,0,19.2
2013,9,26,3,0,18.5
2013,9,26,4,0,17.9
2013,9,26,5,0,18
2013,9,26,6,120,19.2
2013,9,26,7,328,21.1
2013,9,26,8,528,23.1
2013,9,26,9,696,24.1
2013,9,26,10,823,26.1
2013,9,26,11,875,26.3
2013,9,26,12,866,25.6
2013,9,26,13,802,24.2
2013,9,26,14,671,23.2
2013,9,26,15,484,22.3
2013,9,26,16,263,21.3
2013,9,26,17,52,20.1
2013,9,26,18,0,19.1
2013,9,26,19,0,18.2
2013,9,26,20,0,17.4
2013,9,26,21,0,16.7
2013,9,26,22,0,16.1
2013,9,26,23,0,15.6
2013,9,27,0,0,15.1
2013,9,27,1,0,14.6
2013,9,27,2,0,14.2
2013,9,27,3,0,13.7
2013,9,27,4,0,13.4
2013,9,27,5,0,13.4
2013,9,27,6,143,14.2
2013,9,27,7,368,15.5
2013,9,27,8,582,16.7
2013,9,27,9,758,17.3
2013,9,27,10,877,18.9
2013,9,27,11,930,19.8
2013,9,27,12,914,20.4
2013,9,27,13,829,20.7
2013,9,27,14,678,20.7
2013,9,27,15,483,20.4
2013,9,27,16,258,19.5
2013,9,27,17,50,18.3
2013,9,27,18,0,17.4
2013,9,27,19,0,17.1
2013,9,27,20,0,17
2013,9,27,21,0,16.8
2013,9,27,22,0,16.5
2013,9,27,23,0,16.1
2013,9,28,0,0,15.7
2013,9,28,1,0,15.2
2013,9,28,2,0,14.8
2013,9,28,3,0,14.3
2013,9,28,4,0,13.9
2013,9,28,5,0,13.8
2013,9,28,6,137,14.4
2013,9,28,7,360,15.9
2013,9,28,8,570,18.6
2013,9,28,9,744,20.2
2013,9,28,10,863,23.7
2013,9,28,11,916,24.8
2013,9,28,12,897,25.1
2013,9,28,13,814,25
2013,9,28,14,669,24.6
2013,9,28,15,477,23.8
2013,9,28,16,254,22.8
2013,9,28,17,50,21.4
2013,9,28,18,0,20.2
2013,9,28,19,0,19.5
2013,9,28,20,0,18.8
2013,9,28,21,0,18.1
2013,9,28,22,0,17.5
2013,9,28,23,0,17
2013,9,29,0,0,16.4
2013,9,29,1,0,16
2013,9,29,2,0,15.6
2013,9,29,3,0,15.3
2013,9,29,4,0,15
2013,9,29,5,0,15.1
2013,9,29,6,142,16
2013,9,29,7,361,17.2
2013,9,29,8,568,18.2
2013,9,29,9,737,18.7
2013,9,29,10,856,19.9
2013,9,29,11,911,20.6
2013,9,29,12,891,21.1
2013,9,29,13,807,21.4
2013,9,29,14,661,21.4
2013,9,29,15,470,21
2013,9,29,16,254,20.1
2013,9,29,17,51,18.7
2013,9,29,18,0,17.7
2013,9,29,19,0,17.4
2013,9,29,20,0,17.2
2013,9,29,21,0,17
2013,9,29,22,0,16.8
2013,9,29,23,0,16.6
2013,9,30,0,0,16.3
2013,9,30,1,0,16.1
2013,9,30,2,0,15.8
2013,9,30,3,0,15.4
2013,9,30,4,0,15
2013,9,30,5,0,14.9
2013,9,30,6,144,15.6
2013,9,30,7,368,17.2
2013,9,30,8,582,19.4
2013,9,30,9,756,20.7
2013,9,30,10,877,23.5
2013,9,30,11,686,24.7
2013,9,30,12,669,25.5
2013,9,30,13,826,26
2013,9,30,14,675,26.3
2013,9,30,15,475,25.8
2013,9,30,16,254,24.5
2013,9,30,17,31,23
2013,9,30,18,0,21.9
2013,9,30,19,0,21.4
2013,9,30,20,0,21.1
2013,9,30,21,0,20.7
2013,9,30,22,0,20.3
2013,9,30,23,0,19.7
2013,10,1,0,0,19.2
2013,10,1,1,0,18.8
2013,10,1,2,0,18.7
2013,10,1,3,0,18.9
2013,10,1,4,0,19.2
2013,10,1,5,0,19.4
2013,10,1,6,18,19.9
2013,10,1,7,44,20.9
2013,10,1,8,108,22.4
2013,10,1,9,387,23.3
2013,10,1,10,621,26.3
2013,10,1,11,871,27.6
2013,10,1,12,844,27.9
2013,10,1,13,563,27.5
2013,10,1,14,301,26.6
2013,10,1,15,275,25.6
2013,10,1,16,172,24.4
2013,10,1,17,36,22.6
2013,10,1,18,0,20.6
2013,10,1,19,0,19
2013,10,1,20,0,17.9
2013,10,1,21,0,17.2
2013,10,1,22,0,16.6
2013,10,1,23,0,16.1
2013,10,2,0,0,15.6
2013,10,2,1,0,15.2
2013,10,2,2,0,14.8
2013,10,2,3,0,14.5
2013,10,2,4,0,14.2
2013,10,2,5,0,14.4
2013,10,2,6,163,15.4
2013,10,2,7,385,16.7
2013,10,2,8,595,18
2013,10,2,9,766,18.6
2013,10,2,10,878,20.6
2013,10,2,11,922,21.9
2013,10,2,12,901,23
2013,10,2,13,814,23.7
2013,10,2,14,551,24.1
2013,10,2,15,480,24.1
2013,10,2,16,263,23.5
2013,10,2,17,57,22.4
2013,10,2,18,0,21.5
2013,10,2,19,0,20.8
2013,10,2,20,0,20.3
2013,10,2,21,0,20
2013,10,2,22,0,19.6
2013,10,2,23,0,19.3
2013,10,3,0,0,18.8
2013,10,3,1,0,18.2
2013,10,3,2,0,17.6
2013,10,3,3,0,16.9
2013,10,3,4,0,16
2013,10,3,5,0,15.5
2013,10,3,6,7,15.6
2013,10,3,7,384,16
2013,10,3,8,591,16.4
2013,10,3,9,183,16.7
2013,10,3,10,54,16.9
2013,10,3,11,62,16.7
2013,10,3,12,60,16.6
2013,10,3,13,405,16.5
2013,10,3,14,561,16.4
2013,10,3,15,370,16.3
2013,10,3,16,244,16.3
2013,10,3,17,55,16
2013,10,3,18,0,15.7
2013,10,3,19,0,15.4
2013,10,3,20,0,15.3
2013,10,3,21,0,15.1
2013,10,3,22,0,14.9
2013,10,3,23,0,14.7
2013,10,4,0,0,14.3
2013,10,4,1,0,13.8
2013,10,4,2,0,13.4
2013,10,4,3,0,13.1
2013,10,4,4,0,12.8
2013,10,4,5,0,13
2013,10,4,6,169,13.7
2013,10,4,7,391,14.7
2013,10,4,8,599,15.6
2013,10,4,9,766,16
2013,10,4,10,881,17
2013,10,4,11,932,17.6
2013,10,4,12,915,18
2013,10,4,13,830,18.2
2013,10,4,14,684,18.2
2013,10,4,15,489,18
2013,10,4,16,268,17.5
2013,10,4,17,61,16.6
2013,10,4,18,0,15.9
2013,10,4,19,0,15.6
2013,10,4,20,0,15.5
2013,10,4,21,0,15.4
2013,10,4,22,0,15.2
2013,10,4,23,0,14.9
2013,10,5,0,0,14.6
2013,10,5,1,0,14.2
2013,10,5,2,0,13.9
2013,10,5,3,0,13.5
2013,10,5,4,0,13.1
2013,10,5,5,0,13.1
2013,10,5,6,120,14
2013,10,5,7,392,15.5
2013,10,5,8,599,17.5
2013,10,5,9,769,18.5
2013,10,5,10,884,21.4
2013,10,5,11,934,23.2
2013,10,5,12,911,24.7
2013,10,5,13,825,25.6
2013,10,5,14,541,25.8
2013,10,5,15,336,25.4
2013,10,5,16,151,24.1
2013,10,5,17,34,22.5
2013,10,5,18,0,21.5
2013,10,5,19,0,21.1
2013,10,5,20,0,20.8
2013,10,5,21,0,20.1
2013,10,5,22,0,18.9
2013,10,5,23,0,17.8
2013,10,6,0,0,17
2013,10,6,1,0,16.4
2013,10,6,2,0,15.9
2013,10,6,3,0,15.3
2013,10,6,4,0,14.9
2013,10,6,5,0,15
2013,10,6,6,97,16.1
2013,10,6,7,399,18
2013,10,6,8,608,20.7
2013,10,6,9,779,22.2
2013,10,6,10,895,25.9
2013,10,6,11,944,27.2
2013,10,6,12,924,28.1
2013,10,6,13,839,28.6
2013,10,6,14,691,28.6
2013,10,6,15,496,28.1
2013,10,6,16,271,27
2013,10,6,17,35,25.3
2013,10,6,18,0,24
2013,10,6,19,0,23.2
2013,10,6,20,0,22.7
2013,10,6,21,0,22.4
2013,10,6,22,0,21.9
2013,10,6,23,0,21.2
2013,10,7,0,0,20.4
2013,10,7,1,0,19.7
2013,10,7,2,0,18.8
2013,10,7,3,0,17.9
2013,10,7,4,0,17.1
2013,10,7,5,0,16.7
2013,10,7,6,177,16.9
2013,10,7,7,396,17.3
2013,10,7,8,604,17.7
2013,10,7,9,560,17.9
2013,10,7,10,894,18.4
2013,10,7,11,944,18.6
2013,10,7,12,922,18.7
2013,10,7,13,834,18.6
2013,10,7,14,685,18.4
2013,10,7,15,489,18.1
2013,10,7,16,271,17.6
2013,10,7,17,65,17.1
2013,10,7,18,0,16.6
2013,10,7,19,0,16.5
2013,10,7,20,0,16.4
2013,10,7,21,0,16.3
2013,10,7,22,0,16.4
2013,10,7,23,0,16.5
2013,10,8,0,0,16.5
2013,10,8,1,0,16.4
2013,10,8,2,0,16.1
2013,10,8,3,0,15.7
2013,10,8,4,0,15.3
2013,10,8,5,0,15.3
2013,10,8,6,174,15.8
2013,10,8,7,394,16.7
2013,10,8,8,603,17.5
2013,10,8,9,771,17.9
2013,10,8,10,887,18.3
2013,10,8,11,672,18.3
2013,10,8,12,910,18.3
2013,10,8,13,825,18.2
2013,10,8,14,682,18.1
2013,10,8,15,494,17.8
2013,10,8,16,278,17.3
2013,10,8,17,71,16.5
2013,10,8,18,0,15.9
2013,10,8,19,0,15.6
2013,10,8,20,0,15.6
2013,10,8,21,0,15.7
2013,10,8,22,0,15.6
2013,10,8,23,0,15.2
2013,10,9,0,0,14.8
2013,10,9,1,0,14.6
2013,10,9,2,0,14.4
2013,10,9,3,0,14.1
2013,10,9,4,0,13.8
2013,10,9,5,13,14
2013,10,9,6,191,15
2013,10,9,7,416,16.8
2013,10,9,8,628,19
2013,10,9,9,799,20.2
2013,10,9,10,917,23
2013,10,9,11,966,24.3
2013,10,9,12,949,25.3
2013,10,9,13,862,26
2013,10,9,14,714,26.4
2013,10,9,15,516,26.5
2013,10,9,16,292,25.9
2013,10,9,17,76,24.3
2013,10,9,18,0,22.8
2013,10,9,19,0,21.9
2013,10,9,20,0,21
2013,10,9,21,0,20.3
2013,10,9,22,0,19.8
2013,10,9,23,0,19.3
2013,10,10,0,0,18.8
2013,10,10,1,0,18.5
2013,10,10,2,0,18.3
2013,10,10,3,0,18.1
2013,10,10,4,0,18
2013,10,10,5,6,18.5
2013,10,10,6,99,19.8
2013,10,10,7,245,21.7
2013,10,10,8,342,23.9
2013,10,10,9,468,25
2013,10,10,10,562,27.8
2013,10,10,11,951,29
2013,10,10,12,929,29.6
2013,10,10,13,845,30
2013,10,10,14,694,30
2013,10,10,15,494,29.8
2013,10,10,16,272,28.9
2013,10,10,17,67,27.4
2013,10,10,18,0,26.2
2013,10,10,19,0,25.4
2013,10,10,20,0,24.7
2013,10,10,21,0,23.9
2013,10,10,22,0,23.1
2013,10,10,23,0,21.7
2013,10,11,0,0,20
2013,10,11,1,0,19
2013,10,11,2,0,18.6
2013,10,11,3,0,18.4
2013,10,11,4,0,18.3
2013,10,11,5,8,18.3
2013,10,11,6,113,18.7
2013,10,11,7,273,19.1
2013,10,11,8,305,19.4
2013,10,11,9,801,19.6
2013,10,11,10,913,20.2
2013,10,11,11,958,20.6
2013,10,11,12,937,21.1
2013,10,11,13,850,21.5
2013,10,11,14,702,21.5
2013,10,11,15,507,21.2
2013,10,11,16,290,20.2
2013,10,11,17,78,18.8
2013,10,11,18,0,17.8
2013,10,11,19,0,17.4
2013,10,11,20,0,17.2
2013,10,11,21,0,17
2013,10,11,22,0,16.9
2013,10,11,23,0,16.8
2013,10,12,0,0,16.6
2013,10,12,1,0,16.5
2013,10,12,2,0,16.3
2013,10,12,3,0,16.2
2013,10,12,4,0,16.1
2013,10,12,5,18,16.3
2013,10,12,6,197,17.3
2013,10,12,7,416,18.9
2013,10,12,8,624,20.5
2013,10,12,9,792,21.3
2013,10,12,10,912,23.3
2013,10,12,11,961,24.4
2013,10,12,12,942,25.3
2013,10,12,13,857,25.8
2013,10,12,14,711,25.9
2013,10,12,15,515,25.4
2013,10,12,16,291,24.3
2013,10,12,17,78,22.5
2013,10,12,18,0,21
2013,10,12,19,0,20.4
2013,10,12,20,0,20.1
2013,10,12,21,0,19.8
2013,10,12,22,0,19.5
2013,10,12,23,0,19.2
2013,10,13,0,0,18.9
2013,10,13,1,0,18.6
2013,10,13,2,0,18.4
2013,10,13,3,0,18.2
2013,10,13,4,0,18.1
2013,10,13,5,18,18.5
2013,10,13,6,192,19.8
2013,10,13,7,259,21.8
2013,10,13,8,635,24.3
2013,10,13,9,802,25.6
2013,10,13,10,913,28.4
2013,10,13,11,956,29.2
2013,10,13,12,931,29.6
2013,10,13,13,849,29.7
2013,10,13,14,700,29.6
2013,10,13,15,505,29.2
2013,10,13,16,276,28.6
2013,10,13,17,35,27.5
2013,10,13,18,0,25.6
2013,10,13,19,0,23
2013,10,13,20,0,20.6
2013,10,13,21,0,18.1
2013,10,13,22,0,16.1
2013,10,13,23,0,14.8
2013,10,14,0,0,14.5
2013,10,14,1,0,14.5
2013,10,14,2,0,14.5
2013,10,14,3,0,14.4
2013,10,14,4,0,14.3
2013,10,14,5,8,14.3
2013,10,14,6,75,14.8
2013,10,14,7,185,15.3
2013,10,14,8,470,15.9
2013,10,14,9,366,16.2
2013,10,14,10,336,17.1
2013,10,14,11,762,17.7
2013,10,14,12,968,18.3
2013,10,14,13,880,18.5
2013,10,14,14,726,18.5
2013,10,14,15,529,18
2013,10,14,16,302,17.3
2013,10,14,17,45,16.4
2013,10,14,18,0,15.8
2013,10,14,19,0,15.6
2013,10,14,20,0,15.5
2013,10,14,21,0,15.2
2013,10,14,22,0,14.6
2013,10,14,23,0,14.1
2013,10,15,0,0,13.8
2013,10,15,1,0,13.5
2013,10,15,2,0,13.2
2013,10,15,3,0,13
2013,10,15,4,0,12.8
2013,10,15,5,28,13.1
2013,10,15,6,224,14.1
2013,10,15,7,455,15.3
2013,10,15,8,665,16.6
2013,10,15,9,839,17.2
2013,10,15,10,953,19.1
2013,10,15,11,1004,20.3
2013,10,15,12,982,21.4
2013,10,15,13,892,22.1
2013,10,15,14,741,22.4
2013,10,15,15,540,22.3
2013,10,15,16,313,21.6
2013,10,15,17,92,20
2013,10,15,18,0,18.5
2013,10,15,19,0,17.7
2013,10,15,20,0,17.3
2013,10,15,21,0,17.2
2013,10,15,22,0,17.2
2013,10,15,23,0,17
2013,10,16,0,0,16.5
2013,10,16,1,0,16
2013,10,16,2,0,15.5
2013,10,16,3,0,15
2013,10,16,4,0,14.5
2013,10,16,5,31,14.7
2013,10,16,6,232,15.8
2013,10,16,7,461,17.8
2013,10,16,8,673,20.3
2013,10,16,9,843,21.6
2013,10,16,10,952,23.6
2013,10,16,11,997,24.5
2013,10,16,12,968,25.3
2013,10,16,13,887,25.8
2013,10,16,14,730,25.9
2013,10,16,15,521,25.6
2013,10,16,16,307,24.8
2013,10,16,17,88,23.3
2013,10,16,18,0,21.9
2013,10,16,19,0,21.3
2013,10,16,20,0,20.8
2013,10,16,21,0,20.4
2013,10,16,22,0,19.7
2013,10,16,23,0,19
2013,10,17,0,0,18.5
2013,10,17,1,0,18.2
2013,10,17,2,0,18
2013,10,17,3,0,17.9
2013,10,17,4,0,17.9
2013,10,17,5,30,18.5
2013,10,17,6,113,20
2013,10,17,7,307,22
2013,10,17,8,649,24.3
2013,10,17,9,704,25.4
2013,10,17,10,775,27.4
2013,10,17,11,729,28.1
2013,10,17,12,692,28.4
2013,10,17,13,505,28
2013,10,17,14,534,26.9
2013,10,17,15,290,25.5
2013,10,17,16,176,23.7
2013,10,17,17,49,22.2
2013,10,17,18,0,21.3
2013,10,17,19,0,20.7
2013,10,17,20,0,19.9
2013,10,17,21,0,19
2013,10,17,22,0,18.2
2013,10,17,23,0,17.5
2013,10,18,0,0,16.9
2013,10,18,1,0,16.3
2013,10,18,2,0,15.8
2013,10,18,3,0,15.4
2013,10,18,4,0,14.9
2013,10,18,5,20,15.2
2013,10,18,6,157,16.2
2013,10,18,7,331,17.2
2013,10,18,8,676,18.1
2013,10,18,9,403,18.4
2013,10,18,10,948,19.2
2013,10,18,11,983,19.6
2013,10,18,12,949,19.8
2013,10,18,13,840,19.7
2013,10,18,14,693,19.5
2013,10,18,15,499,18.9
2013,10,18,16,271,18.2
2013,10,18,17,76,17.4
2013,10,18,18,0,16.7
2013,10,18,19,0,16.5
2013,10,18,20,0,16.3
2013,10,18,21,0,16.1
2013,10,18,22,0,16
2013,10,18,23,0,15.8
2013,10,19,0,0,15.6
2013,10,19,1,0,15.4
2013,10,19,2,0,15.2
2013,10,19,3,0,15.1
2013,10,19,4,0,15
2013,10,19,5,35,15.5
2013,10,19,6,233,16.7
2013,10,19,7,461,18.1
2013,10,19,8,671,19.2
2013,10,19,9,843,19.7
2013,10,19,10,957,21.1
2013,10,19,11,1000,21.8
2013,10,19,12,976,22.2
2013,10,19,13,875,22.1
2013,10,19,14,726,21.8
2013,10,19,15,532,21.2
2013,10,19,16,309,20.3
2013,10,19,17,94,19.2
2013,10,19,18,0,18.3
2013,10,19,19,0,18
2013,10,19,20,0,17.9
2013,10,19,21,0,17.8
2013,10,19,22,0,17.7
2013,10,19,23,0,17.6
2013,10,20,0,0,17.4
2013,10,20,1,0,17.1
2013,10,20,2,0,16.8
2013,10,20,3,0,16.4
2013,10,20,4,0,16.2
2013,10,20,5,29,16.6
2013,10,20,6,207,17.9
2013,10,20,7,418,19.6
2013,10,20,8,620,21.3
2013,10,20,9,787,22.1
2013,10,20,10,912,24.3
2013,10,20,11,958,25.3
2013,10,20,12,923,25.8
2013,10,20,13,812,25.9
2013,10,20,14,658,25.6
2013,10,20,15,462,24.9
2013,10,20,16,249,23.6
2013,10,20,17,59,22.1
2013,10,20,18,0,20.9
2013,10,20,19,0,20.4
2013,10,20,20,0,20.2
2013,10,20,21,0,20
2013,10,20,22,0,19.7
2013,10,20,23,0,19.4
2013,10,21,0,0,19.1
2013,10,21,1,0,18.8
2013,10,21,2,0,18.4
2013,10,21,3,0,18
2013,10,21,4,0,17.7
2013,10,21,5,35,18
2013,10,21,6,226,19.2
2013,10,21,7,450,21.1
2013,10,21,8,656,23.6
2013,10,21,9,636,25
2013,10,21,10,782,28.3
2013,10,21,11,957,29.6
2013,10,21,12,900,30.3
2013,10,21,13,803,30.1
2013,10,21,14,643,29.1
2013,10,21,15,443,27.7
2013,10,21,16,226,26
2013,10,21,17,45,24.3
2013,10,21,18,0,23
2013,10,21,19,0,22.4
2013,10,21,20,0,22.1
2013,10,21,21,0,21.8
2013,10,21,22,0,21.6
2013,10,21,23,0,21.3
2013,10,22,0,0,21
2013,10,22,1,0,20.6
2013,10,22,2,0,20.3
2013,10,22,3,0,19.9
2013,10,22,4,0,19.6
2013,10,22,5,24,19.3
2013,10,22,6,129,19.3
2013,10,22,7,47,19.7
2013,10,22,8,115,20.7
2013,10,22,9,66,21.4
2013,10,22,10,597,23.9
2013,10,22,11,556,25
2013,10,22,12,420,25.4
2013,10,22,13,302,25.3
2013,10,22,14,251,24.6
2013,10,22,15,189,23.7
2013,10,22,16,94,22.6
2013,10,22,17,18,21.7
2013,10,22,18,0,21.1
2013,10,22,19,0,20.9
2013,10,22,20,0,20.9
2013,10,22,21,0,20.8
2013,10,22,22,0,20.7
2013,10,22,23,0,20.7
2013,10,23,0,0,20.8
2013,10,23,1,0,21.2
2013,10,23,2,0,21.6
2013,10,23,3,0,21.7
2013,10,23,4,0,21.5
2013,10,23,5,11,21.4
2013,10,23,6,69,21.9
2013,10,23,7,296,23
2013,10,23,8,626,24.6
2013,10,23,9,803,25.5
2013,10,23,10,956,27.4
2013,10,23,11,990,28.1
2013,10,23,12,952,28.3
2013,10,23,13,896,28.2
2013,10,23,14,727,27.9
2013,10,23,15,518,27.4
2013,10,23,16,300,26.6
2013,10,23,17,96,25.2
2013,10,23,18,0,23.9
2013,10,23,19,0,22.9
2013,10,23,20,0,22
2013,10,23,21,0,21.2
2013,10,23,22,0,20.4
2013,10,23,23,0,19.6
2013,10,24,0,0,18.9
2013,10,24,1,0,18.4
2013,10,24,2,0,17.9
2013,10,24,3,0,17.5
2013,10,24,4,0,17.1
2013,10,24,5,55,17.4
2013,10,24,6,266,18.2
2013,10,24,7,498,19
2013,10,24,8,709,19.7
2013,10,24,9,876,20.1
2013,10,24,10,985,21.2
2013,10,24,11,1014,21.7
2013,10,24,12,975,21.7
2013,10,24,13,906,21.5
2013,10,24,14,744,21.2
2013,10,24,15,541,20.9
2013,10,24,16,322,20.4
2013,10,24,17,107,19.5
2013,10,24,18,0,18.5
2013,10,24,19,0,17.8
2013,10,24,20,0,17.2
2013,10,24,21,0,16.6
2013,10,24,22,0,15.9
2013,10,24,23,0,15.1
2013,10,25,0,0,14.3
2013,10,25,1,0,13.8
2013,10,25,2,0,13.4
2013,10,25,3,0,13.1
2013,10,25,4,0,13
2013,10,25,5,58,13.4
2013,10,25,6,270,14.6
2013,10,25,7,505,15.9
2013,10,25,8,716,17.1
2013,10,25,9,885,17.6
2013,10,25,10,992,19.3
2013,10,25,11,1029,20.5
2013,10,25,12,969,21.6
2013,10,25,13,883,22.1
2013,10,25,14,712,22.1
2013,10,25,15,497,21.6
2013,10,25,16,292,20.5
2013,10,25,17,85,19
2013,10,25,18,0,17.8
2013,10,25,19,0,17.2
2013,10,25,20,0,17
2013,10,25,21,0,17
2013,10,25,22,0,17
2013,10,25,23,0,16.6
2013,10,26,0,0,16.1
2013,10,26,1,0,15.7
2013,10,26,2,0,15.3
2013,10,26,3,0,15
2013,10,26,4,0,14.9
2013,10,26,5,37,15.3
2013,10,26,6,190,16.2
2013,10,26,7,384,17.4
2013,10,26,8,553,18.5
2013,10,26,9,692,19
2013,10,26,10,855,20.2
2013,10,26,11,982,20.8
2013,10,26,12,1007,21.1
2013,10,26,13,911,21.2
2013,10,26,14,760,20.9
2013,10,26,15,559,20.3
2013,10,26,16,332,19.4
2013,10,26,17,113,18.3
2013,10,26,18,0,17.4
2013,10,26,19,0,17
2013,10,26,20,0,16.7
2013,10,26,21,0,16.5
2013,10,26,22,0,16.3
2013,10,26,23,0,16.2
2013,10,27,0,0,16.2
2013,10,27,1,0,16.2
2013,10,27,2,0,16.1
2013,10,27,3,0,15.9
2013,10,27,4,0,15.9
2013,10,27,5,33,16.3
2013,10,27,6,64,17.5
2013,10,27,7,86,18.8
2013,10,27,8,152,19.8
2013,10,27,9,242,20.3
2013,10,27,10,315,21.5
2013,10,27,11,526,22
2013,10,27,12,815,22.1
2013,10,27,13,687,21.6
2013,10,27,14,543,20.7
2013,10,27,15,424,19.7
2013,10,27,16,265,18.7
2013,10,27,17,83,17.9
2013,10,27,18,0,17.4
2013,10,27,19,0,17.3
2013,10,27,20,0,17.2
2013,10,27,21,0,17.1
2013,10,27,22,0,17
2013,10,27,23,0,16.9
2013,10,28,0,0,16.9
2013,10,28,1,0,16.9
2013,10,28,2,0,16.9
2013,10,28,3,0,16.9
2013,10,28,4,0,17
2013,10,28,5,10,17.3
2013,10,28,6,25,17.8
2013,10,28,7,53,18
2013,10,28,8,54,18.3
2013,10,28,9,64,18.5
2013,10,28,10,85,20.1
2013,10,28,11,77,21.1
2013,10,28,12,89,21.7
2013,10,28,13,71,22
2013,10,28,14,85,22
2013,10,28,15,85,21.6
2013,10,28,16,59,20.9
2013,10,28,17,31,20.1
2013,10,28,18,0,19.3
2013,10,28,19,0,18.9
2013,10,28,20,0,18.9
2013,10,28,21,0,18.9
2013,10,28,22,0,18.9
2013,10,28,23,0,18.7
2013,10,29,0,0,18.5
2013,10,29,1,0,18.3
2013,10,29,2,0,18
2013,10,29,3,0,17.7
2013,10,29,4,0,17.3
2013,10,29,5,53,17.4
2013,10,29,6,256,18.2
2013,10,29,7,438,19.7
2013,10,29,8,551,21.7
2013,10,29,9,668,22.6
2013,10,29,10,625,23.3
2013,10,29,11,517,22.1
2013,10,29,12,251,20.2
2013,10,29,13,158,18.7
2013,10,29,14,127,17.7
2013,10,29,15,73,17.2
2013,10,29,16,34,17.1
2013,10,29,17,14,16.9
2013,10,29,18,0,16.7
2013,10,29,19,0,16.7
2013,10,29,20,0,16.6
2013,10,29,21,0,16.5
2013,10,29,22,0,16.2
2013,10,29,23,0,15.9
2013,10,30,0,0,15.6
2013,10,30,1,0,15.3
2013,10,30,2,0,15.1
2013,10,30,3,0,14.8
2013,10,30,4,0,14.7
2013,10,30,5,10,15.1
2013,10,30,6,56,15.9
2013,10,30,7,126,16.8
2013,10,30,8,210,17.6
2013,10,30,9,318,18
2013,10,30,10,502,18.7
2013,10,30,11,833,19.1
2013,10,30,12,969,19.2
2013,10,30,13,908,19.2
2013,10,30,14,780,19
2013,10,30,15,581,18.7
2013,10,30,16,355,18.2
2013,10,30,17,131,17.4
2013,10,30,18,0,16.6
2013,10,30,19,0,16.1
2013,10,30,20,0,15.9
2013,10,30,21,0,15.7
2013,10,30,22,0,15.6
2013,10,30,23,0,15.6
2013,10,31,0,0,15.6
2013,10,31,1,0,15.7
2013,10,31,2,0,15.8
2013,10,31,3,0,15.9
2013,10,31,4,0,16
2013,10,31,5,63,16.4
2013,10,31,6,280,17.3
2013,10,31,7,505,18.4
2013,10,31,8,708,19.5
2013,10,31,9,851,20
2013,10,31,10,984,21.4
2013,10,31,11,1028,21.9
2013,10,31,12,1002,22
2013,10,31,13,909,21.6
2013,10,31,14,759,20.9
2013,10,31,15,561,20
2013,10,31,16,340,19
2013,10,31,17,123,18
2013,10,31,18,0,17.3
2013,10,31,19,0,17
2013,10,31,20,0,16.8
2013,10,31,21,0,16.6
2013,10,31,22,0,16.5
2013,10,31,23,0,16.4
2013,11,1,0,0,16.4
2013,11,1,1,0,16.4
2013,11,1,2,0,16.4
2013,11,1,3,0,16.4
2013,11,1,4,0,16.5
2013,11,1,5,25,16.9
2013,11,1,6,48,17.7
2013,11,1,7,62,18.4
2013,11,1,8,137,19.2
2013,11,1,9,279,19.7
2013,11,1,10,389,21
2013,11,1,11,576,21.7
2013,11,1,12,818,22.1
2013,11,1,13,804,22.2
2013,11,1,14,597,21.7
2013,11,1,15,393,20.8
2013,11,1,16,262,19.7
2013,11,1,17,120,18.7
2013,11,1,18,0,18
2013,11,1,19,0,17.8
2013,11,1,20,0,17.8
2013,11,1,21,0,17.8
2013,11,1,22,0,17.8
2013,11,1,23,0,17.8
2013,11,2,0,0,17.7
2013,11,2,1,0,17.5
2013,11,2,2,0,17.3
2013,11,2,3,0,16.9
2013,11,2,4,0,16.6
2013,11,2,5,56,17.1
2013,11,2,6,195,18.3
2013,11,2,7,391,20
2013,11,2,8,600,22.1
2013,11,2,9,743,23.2
2013,11,2,10,851,26.4
2013,11,2,11,930,28.1
2013,11,2,12,927,29.2
2013,11,2,13,852,29.5
2013,11,2,14,704,29.3
2013,11,2,15,491,28.5
2013,11,2,16,276,26.9
2013,11,2,17,103,24.7
2013,11,2,18,0,22.7
2013,11,2,19,0,21.6
2013,11,2,20,0,21
2013,11,2,21,0,20.6
2013,11,2,22,0,20.4
2013,11,2,23,0,20.1
2013,11,3,0,0,19.7
2013,11,3,1,0,19.4
2013,11,3,2,0,19.2
2013,11,3,3,0,19.1
2013,11,3,4,0,18.9
2013,11,3,5,78,19.3
2013,11,3,6,180,20.8
2013,11,3,7,173,22.6
2013,11,3,8,261,24.7
2013,11,3,9,456,25.8
2013,11,3,10,452,27.6
2013,11,3,11,667,28.2
2013,11,3,12,851,28.8
2013,11,3,13,844,28.6
2013,11,3,14,738,27.2
2013,11,3,15,573,24.6
2013,11,3,16,351,21.4
2013,11,3,17,53,18.4
2013,11,3,18,0,16.6
2013,11,3,19,0,16.3
2013,11,3,20,0,16.6
2013,11,3,21,0,16.8
2013,11,3,22,0,16.8
2013,11,3,23,0,16.8
2013,11,4,0,0,16.8
2013,11,4,1,0,16.6
2013,11,4,2,0,16.4
2013,11,4,3,0,16
2013,11,4,4,0,15.7
2013,11,4,5,53,15.4
2013,11,4,6,299,15.5
2013,11,4,7,535,15.8
2013,11,4,8,328,16.3
2013,11,4,9,298,16.5
2013,11,4,10,196,17
2013,11,4,11,216,17.1
2013,11,4,12,186,17.1
2013,11,4,13,156,17.1
2013,11,4,14,153,16.9
2013,11,4,15,148,16.7
2013,11,4,16,86,16.3
2013,11,4,17,34,15.9
2013,11,4,18,0,15.6
2013,11,4,19,0,15.5
2013,11,4,20,0,15.4
2013,11,4,21,0,15.3
2013,11,4,22,0,15.2
2013,11,4,23,0,15.1
2013,11,5,0,0,15.1
2013,11,5,1,0,15.3
2013,11,5,2,0,15.4
2013,11,5,3,0,15.5
2013,11,5,4,0,15.7
2013,11,5,5,16,16.1
2013,11,5,6,62,16.6
2013,11,5,7,114,16.9
2013,11,5,8,165,17.2
2013,11,5,9,214,17.4
2013,11,5,10,307,18
2013,11,5,11,319,18.4
2013,11,5,12,281,18.7
2013,11,5,13,275,18.8
2013,11,5,14,329,18.7
2013,11,5,15,389,18.5
2013,11,5,16,305,18.1
2013,11,5,17,119,17.4
2013,11,5,18,0,16.6
2013,11,5,19,0,16.1
2013,11,5,20,0,15.8
2013,11,5,21,0,15.7
2013,11,5,22,0,15.7
2013,11,5,23,0,15.8
2013,11,6,0,0,15.8
2013,11,6,1,0,15.6
2013,11,6,2,0,15.4
2013,11,6,3,0,15.1
2013,11,6,4,0,14.8
2013,11,6,5,67,15
2013,11,6,6,270,16
2013,11,6,7,502,17.2
2013,11,6,8,696,18.3
2013,11,6,9,840,18.8
2013,11,6,10,937,20.7
2013,11,6,11,977,21.8
2013,11,6,12,956,22.3
2013,11,6,13,882,22.4
2013,11,6,14,756,21.9
2013,11,6,15,580,21.1
2013,11,6,16,371,20
2013,11,6,17,148,18.8
2013,11,6,18,0,17.9
2013,11,6,19,0,17.5
2013,11,6,20,0,17.4
2013,11,6,21,0,17.3
2013,11,6,22,0,17.1
2013,11,6,23,0,16.9
2013,11,7,0,0,16.7
2013,11,7,1,0,16.4
2013,11,7,2,0,16.2
2013,11,7,3,0,16
2013,11,7,4,0,15.9
2013,11,7,5,83,16.6
2013,11,7,6,289,18.2
2013,11,7,7,513,20.2
2013,11,7,8,717,22.2
2013,11,7,9,881,23.2
2013,11,7,10,996,25.9
2013,11,7,11,1040,27
2013,11,7,12,1014,27.2
2013,11,7,13,917,27
2013,11,7,14,768,26.6
2013,11,7,15,572,26
2013,11,7,16,351,24.9
2013,11,7,17,135,23.4
2013,11,7,18,0,22
2013,11,7,19,0,21.2
2013,11,7,20,0,20.7
2013,11,7,21,0,20.4
2013,11,7,22,0,20.2
2013,11,7,23,0,20
2013,11,8,0,0,19.8
2013,11,8,1,0,19.5
2013,11,8,2,0,19.2
2013,11,8,3,0,18.9
2013,11,8,4,0,18.7
2013,11,8,5,83,19.4
2013,11,8,6,291,20.9
2013,11,8,7,516,22.9
2013,11,8,8,720,25.4
2013,11,8,9,823,26.6
2013,11,8,10,785,29.4
2013,11,8,11,665,30.3
2013,11,8,12,340,30.3
2013,11,8,13,153,29.8
2013,11,8,14,92,28.7
2013,11,8,15,67,27
2013,11,8,16,50,25.5
2013,11,8,17,27,24.3
2013,11,8,18,0,23.4
2013,11,8,19,0,23
2013,11,8,20,0,22.9
2013,11,8,21,0,22.6
2013,11,8,22,0,22.3
2013,11,8,23,0,21.9
2013,11,9,0,0,21.6
2013,11,9,1,0,21.5
2013,11,9,2,0,21.6
2013,11,9,3,0,21.6
2013,11,9,4,0,21.6
2013,11,9,5,17,21.8
2013,11,9,6,70,22.3
2013,11,9,7,213,23
2013,11,9,8,460,24.3
2013,11,9,9,662,25.1
2013,11,9,10,550,27.4
2013,11,9,11,647,28
2013,11,9,12,809,27.8
2013,11,9,13,791,26.8
2013,11,9,14,377,25
2013,11,9,15,142,23
2013,11,9,16,51,21.1
2013,11,9,17,16,19.5
2013,11,9,18,0,18.3
2013,11,9,19,0,17.8
2013,11,9,20,0,17.6
2013,11,9,21,0,17.5
2013,11,9,22,0,17.4
2013,11,9,23,0,17.2
2013,11,10,0,0,17
2013,11,10,1,0,16.9
2013,11,10,2,0,16.8
2013,11,10,3,0,16.7
2013,11,10,4,0,16.6
2013,11,10,5,8,16.9
2013,11,10,6,26,17.5
2013,11,10,7,69,18.1
2013,11,10,8,99,18.5
2013,11,10,9,101,18.6
2013,11,10,10,77,18.7
2013,11,10,11,78,18.6
2013,11,10,12,78,18.6
2013,11,10,13,74,18.4
2013,11,10,14,64,18.1
2013,11,10,15,47,18
2013,11,10,16,27,17.8
2013,11,10,17,12,17.5
2013,11,10,18,0,17.2
2013,11,10,19,0,16.9
2013,11,10,20,0,16.8
2013,11,10,21,0,16.8
2013,11,10,22,0,16.7
2013,11,10,23,0,16.6
2013,11,11,0,0,16.4
2013,11,11,1,0,16.2
2013,11,11,2,0,16.1
2013,11,11,3,0,16.1
2013,11,11,4,0,16.2
2013,11,11,5,7,16.4
2013,11,11,6,25,16.8
2013,11,11,7,53,17.2
2013,11,11,8,74,17.5
2013,11,11,9,94,17.6
2013,11,11,10,93,17.7
2013,11,11,11,97,17.6
2013,11,11,12,92,17.7
2013,11,11,13,76,17.9
2013,11,11,14,67,18
2013,11,11,15,55,18
2013,11,11,16,31,18
2013,11,11,17,15,17.8
2013,11,11,18,0,17.5
2013,11,11,19,0,17.5
2013,11,11,20,0,17.5
2013,11,11,21,0,17.5
2013,11,11,22,0,17.6
2013,11,11,23,0,17.6
2013,11,12,0,0,17.6
2013,11,12,1,0,17.6
2013,11,12,2,0,17.5
2013,11,12,3,0,17.5
2013,11,12,4,0,17.5
2013,11,12,5,7,17.8
2013,11,12,6,18,18.1
2013,11,12,7,38,18.5
2013,11,12,8,83,19.4
2013,11,12,9,134,20.1
2013,11,12,10,77,21.9
2013,11,12,11,78,22.9
2013,11,12,12,78,23.5
2013,11,12,13,74,23.4
2013,11,12,14,64,22.7
2013,11,12,15,52,21.5
2013,11,12,16,46,20
2013,11,12,17,24,18.9
2013,11,12,18,0,18.5
2013,11,12,19,0,18.6
2013,11,12,20,0,18.8
2013,11,12,21,0,18.9
2013,11,12,22,0,18.7
2013,11,12,23,0,18.2
2013,11,13,0,0,17.6
2013,11,13,1,0,17.1
2013,11,13,2,0,16.6
2013,11,13,3,0,16.1
2013,11,13,4,0,15.7
2013,11,13,5,107,16
2013,11,13,6,327,17.1
2013,11,13,7,556,19.3
2013,11,13,8,763,21.5
2013,11,13,9,928,22.4
2013,11,13,10,1041,23.8
2013,11,13,11,1082,24.6
2013,11,13,12,1059,25.3
2013,11,13,13,965,25.6
2013,11,13,14,813,25.4
2013,11,13,15,616,24.7
2013,11,13,16,390,23.7
2013,11,13,17,165,22.4
2013,11,13,18,0,20.9
2013,11,13,19,0,20.1
2013,11,13,20,0,19.8
2013,11,13,21,0,19.7
2013,11,13,22,0,19.3
2013,11,13,23,0,18.7
2013,11,14,0,0,18.4
2013,11,14,1,0,18.1
2013,11,14,2,0,17.6
2013,11,14,3,0,17.1
2013,11,14,4,0,16.9
2013,11,14,5,111,17.4
2013,11,14,6,334,18.7
2013,11,14,7,566,20.1
2013,11,14,8,774,21.2
2013,11,14,9,939,21.7
2013,11,14,10,1045,23.3
2013,11,14,11,1086,24.3
2013,11,14,12,1060,24.8
2013,11,14,13,968,24.7
2013,11,14,14,817,24.2
2013,11,14,15,620,23.1
2013,11,14,16,396,21.6
2013,11,14,17,171,20.1
2013,11,14,18,0,18.8
2013,11,14,19,0,18.3
2013,11,14,20,0,18.1
2013,11,14,21,0,18
2013,11,14,22,0,18
2013,11,14,23,0,18
2013,11,15,0,0,18.1
2013,11,15,1,0,17.9
2013,11,15,2,0,17.7
2013,11,15,3,0,17.4
2013,11,15,4,0,17.2
2013,11,15,5,73,17.8
2013,11,15,6,112,18.9
2013,11,15,7,85,19.8
2013,11,15,8,81,20.4
2013,11,15,9,94,20.7
2013,11,15,10,89,21
2013,11,15,11,92,21
2013,11,15,12,86,21
2013,11,15,13,76,20.7
2013,11,15,14,57,20.3
2013,11,15,15,44,19.8
2013,11,15,16,24,19.2
2013,11,15,17,8,18.5
2013,11,15,18,0,17.9
2013,11,15,19,0,17.6
2013,11,15,20,0,17.6
2013,11,15,21,0,17.7
2013,11,15,22,0,17.9
2013,11,15,23,0,18
2013,11,16,0,0,18.1
2013,11,16,1,0,17.9
2013,11,16,2,0,17.7
2013,11,16,3,0,17.5
2013,11,16,4,0,17.2
2013,11,16,5,7,17.1
2013,11,16,6,18,17.1
2013,11,16,7,36,17.2
2013,11,16,8,55,17.5
2013,11,16,9,78,17.6
2013,11,16,10,91,18.2
2013,11,16,11,99,18.4
2013,11,16,12,95,18.5
2013,11,16,13,79,18.5
2013,11,16,14,57,18.3
2013,11,16,15,35,17.9
2013,11,16,16,18,17.5
2013,11,16,17,8,17.1
2013,11,16,18,0,16.9
2013,11,16,19,0,16.8
2013,11,16,20,0,16.8
2013,11,16,21,0,16.7
2013,11,16,22,0,16.7
2013,11,16,23,0,16.6
2013,11,17,0,0,16.5
2013,11,17,1,0,16.5
2013,11,17,2,0,16.4
2013,11,17,3,0,16.4
2013,11,17,4,0,16.4
2013,11,17,5,9,16.5
2013,11,17,6,28,16.6
2013,11,17,7,40,16.9
2013,11,17,8,54,17.2
2013,11,17,9,80,17.4
2013,11,17,10,103,17.6
2013,11,17,11,111,17.8
2013,11,17,12,122,18
2013,11,17,13,108,18.2
2013,11,17,14,59,18.1
2013,11,17,15,35,17.9
2013,11,17,16,19,17.5
2013,11,17,17,8,17.1
2013,11,17,18,1,16.8
2013,11,17,19,0,16.8
2013,11,17,20,0,16.8
2013,11,17,21,0,16.9
2013,11,17,22,0,16.9
2013,11,17,23,0,17
2013,11,18,0,0,17
2013,11,18,1,0,17
2013,11,18,2,0,17
2013,11,18,3,0,17
2013,11,18,4,0,17.1
2013,11,18,5,11,17.4
2013,11,18,6,20,17.7
2013,11,18,7,29,17.9
2013,11,18,8,49,18.2
2013,11,18,9,72,18.3
2013,11,18,10,90,18.7
2013,11,18,11,99,18.8
2013,11,18,12,95,18.7
2013,11,18,13,90,18.7
2013,11,18,14,67,18.7
2013,11,18,15,35,18.7
2013,11,18,16,19,18.6
2013,11,18,17,8,18.6
2013,11,18,18,1,18.6
2013,11,18,19,0,18.6
2013,11,18,20,0,18.7
2013,11,18,21,0,18.6
2013,11,18,22,0,18.5
2013,11,18,23,0,18.3
2013,11,19,0,0,18.1
2013,11,19,1,0,17.9
2013,11,19,2,0,17.6
2013,11,19,3,0,17.4
2013,11,19,4,0,17.4
2013,11,19,5,6,17.6
2013,11,19,6,14,18.1
2013,11,19,7,29,18.7
2013,11,19,8,49,19.6
2013,11,19,9,72,20
2013,11,19,10,90,21
2013,11,19,11,99,21.4
2013,11,19,12,98,21.6
2013,11,19,13,125,21.6
2013,11,19,14,223,21.5
2013,11,19,15,292,21.3
2013,11,19,16,406,21
2013,11,19,17,120,20.4
2013,11,19,18,9,19.6
2013,11,19,19,0,19.1
2013,11,19,20,0,18.9
2013,11,19,21,0,18.9
2013,11,19,22,0,18.5
2013,11,19,23,0,18
2013,11,20,0,0,17.5
2013,11,20,1,0,17.3
2013,11,20,2,0,17.3
2013,11,20,3,0,17.4
2013,11,20,4,0,17.5
2013,11,20,5,113,17.8
2013,11,20,6,328,18.9
2013,11,20,7,543,20.3
2013,11,20,8,719,21.5
2013,11,20,9,860,21.9
2013,11,20,10,988,23
2013,11,20,11,1062,23.5
2013,11,20,12,1056,23.6
2013,11,20,13,973,23.5
2013,11,20,14,828,23.3
2013,11,20,15,607,22.9
2013,11,20,16,391,22.3
2013,11,20,17,182,21.4
2013,11,20,18,17,20.4
2013,11,20,19,0,19.7
2013,11,20,20,0,19.4
2013,11,20,21,0,19.1
2013,11,20,22,0,19
2013,11,20,23,0,18.9
2013,11,21,0,0,18.8
2013,11,21,1,0,18.6
2013,11,21,2,0,18.4
2013,11,21,3,0,18.2
2013,11,21,4,0,18.3
2013,11,21,5,110,19.2
2013,11,21,6,313,20.5
2013,11,21,7,513,21.5
2013,11,21,8,696,22.1
2013,11,21,9,834,22.4
2013,11,21,10,928,23.1
2013,11,21,11,931,23.4
2013,11,21,12,750,23.5
2013,11,21,13,350,23.4
2013,11,21,14,200,23.1
2013,11,21,15,144,22.4
2013,11,21,16,88,21.7
2013,11,21,17,50,21.1
2013,11,21,18,5,20.6
2013,11,21,19,0,20.5
2013,11,21,20,0,20.4
2013,11,21,21,0,20.3
2013,11,21,22,0,20.2
2013,11,21,23,0,20.1
2013,11,22,0,0,20
2013,11,22,1,0,20
2013,11,22,2,0,20
2013,11,22,3,0,20.1
2013,11,22,4,0,20.2
2013,11,22,5,12,20.4
2013,11,22,6,31,20.7
2013,11,22,7,67,21.1
2013,11,22,8,103,21.7
2013,11,22,9,141,22.1
2013,11,22,10,201,22.6
2013,11,22,11,195,22.6
2013,11,22,12,193,22.3
2013,11,22,13,160,22
2013,11,22,14,96,21.5
2013,11,22,15,56,21
2013,11,22,16,22,20.7
2013,11,22,17,9,20.4
2013,11,22,18,2,20.2
2013,11,22,19,0,20.2
2013,11,22,20,0,20.1
2013,11,22,21,0,20
2013,11,22,22,0,19.9
2013,11,22,23,0,19.8
2013,11,23,0,0,19.6
2013,11,23,1,0,19.3
2013,11,23,2,0,19
2013,11,23,3,0,18.7
2013,11,23,4,0,18.5
2013,11,23,5,19,18.6
2013,11,23,6,97,18.9
2013,11,23,7,345,19.8
2013,11,23,8,745,21.1
2013,11,23,9,494,21.7
2013,11,23,10,93,22.5
2013,11,23,11,101,22.7
2013,11,23,12,97,22.8
2013,11,23,13,81,22.6
2013,11,23,14,59,22.4
2013,11,23,15,37,21.9
2013,11,23,16,20,21.3
2013,11,23,17,9,20.6
2013,11,23,18,3,19.9
2013,11,23,19,0,19.5
2013,11,23,20,0,19.3
2013,11,23,21,0,19
2013,11,23,22,0,18.6
2013,11,23,23,0,18.3
2013,11,24,0,0,18
2013,11,24,1,0,17.6
2013,11,24,2,0,17.2
2013,11,24,3,0,16.7
2013,11,24,4,0,16.4
2013,11,24,5,121,16.7
2013,11,24,6,338,17.5
2013,11,24,7,564,18.6
2013,11,24,8,769,19.7
2013,11,24,9,933,20.2
2013,11,24,10,294,21.2
2013,11,24,11,197,21.5
2013,11,24,12,194,21.5
2013,11,24,13,218,21.1
2013,11,24,14,107,20.5
2013,11,24,15,51,19.9
2013,11,24,16,30,19.4
2013,11,24,17,13,18.8
2013,11,24,18,3,18.3
2013,11,24,19,0,18
2013,11,24,20,0,17.9
2013,11,24,21,0,17.9
2013,11,24,22,0,17.8
2013,11,24,23,0,17.7
2013,11,25,0,0,17.5
2013,11,25,1,0,17.3
2013,11,25,2,0,17.2
2013,11,25,3,0,17.1
2013,11,25,4,0,17.2
2013,11,25,5,22,17.8
2013,11,25,6,28,18.7
2013,11,25,7,43,19.3
2013,11,25,8,62,19.8
2013,11,25,9,73,20
2013,11,25,10,78,20.2
2013,11,25,11,81,20
2013,11,25,12,98,19.8
2013,11,25,13,82,19.4
2013,11,25,14,60,18.9
2013,11,25,15,38,18.2
2013,11,25,16,22,17.7
2013,11,25,17,20,17.4
2013,11,25,18,6,17.2
2013,11,25,19,0,17.2
2013,11,25,20,0,17.1
2013,11,25,21,0,16.9
2013,11,25,22,0,16.8
2013,11,25,23,0,16.7
2013,11,26,0,0,16.7
2013,11,26,1,0,16.7
2013,11,26,2,0,16.6
2013,11,26,3,0,16.6
2013,11,26,4,0,16.7
2013,11,26,5,27,17.2
2013,11,26,6,95,17.9
2013,11,26,7,186,18.5
2013,11,26,8,252,18.9
2013,11,26,9,304,19.1
2013,11,26,10,350,19.6
2013,11,26,11,443,19.8
2013,11,26,12,335,19.8
2013,11,26,13,357,19.7
2013,11,26,14,407,19.6
2013,11,26,15,381,19.4
2013,11,26,16,315,19
2013,11,26,17,160,18.5
2013,11,26,18,26,17.8
2013,11,26,19,0,17.4
2013,11,26,20,0,17.2
2013,11,26,21,0,17.1
2013,11,26,22,0,17
2013,11,26,23,0,16.9
2013,11,27,0,0,16.9
2013,11,27,1,0,16.7
2013,11,27,2,0,16.5
2013,11,27,3,0,16.4
2013,11,27,4,0,16.4
2013,11,27,5,82,16.9
2013,11,27,6,257,17.8
2013,11,27,7,467,18.8
2013,11,27,8,759,19.7
2013,11,27,9,909,20.2
2013,11,27,10,1009,21.4
2013,11,27,11,1093,22.1
2013,11,27,12,1073,22.6
2013,11,27,13,962,22.7
2013,11,27,14,804,22.6
2013,11,27,15,624,22.2
2013,11,27,16,426,21.6
2013,11,27,17,205,20.7
2013,11,27,18,27,19.7
2013,11,27,19,0,19.1
2013,11,27,20,0,18.7
2013,11,27,21,0,18.5
2013,11,27,22,0,18.3
2013,11,27,23,0,18.3
2013,11,28,0,0,18.1
2013,11,28,1,0,17.8
2013,11,28,2,0,17.5
2013,11,28,3,0,17.2
2013,11,28,4,0,17.1
2013,11,28,5,118,17.7
2013,11,28,6,330,18.9
2013,11,28,7,538,20.5
2013,11,28,8,724,22.3
2013,11,28,9,881,23.2
2013,11,28,10,987,25.2
2013,11,28,11,986,26.1
2013,11,28,12,958,26.8
2013,11,28,13,891,27.3
2013,11,28,14,791,27.4
2013,11,28,15,630,27
2013,11,28,16,267,26.3
2013,11,28,17,77,25.1
2013,11,28,18,12,23.9
2013,11,28,19,0,23.2
2013,11,28,20,0,22.8
2013,11,28,21,0,22.4
2013,11,28,22,0,22.1
2013,11,28,23,0,22
2013,11,29,0,0,21.9
2013,11,29,1,0,21.6
2013,11,29,2,0,21.2
2013,11,29,3,0,20.7
2013,11,29,4,0,20.3
2013,11,29,5,11,20.2
2013,11,29,6,25,20.1
2013,11,29,7,43,19.8
2013,11,29,8,63,19.6
2013,11,29,9,85,19.4
2013,11,29,10,123,19
2013,11,29,11,162,18.9
2013,11,29,12,158,19
2013,11,29,13,127,19
2013,11,29,14,80,19
2013,11,29,15,58,18.9
2013,11,29,16,36,18.7
2013,11,29,17,19,18.3
2013,11,29,18,4,18
2013,11,29,19,0,17.8
2013,11,29,20,0,17.8
2013,11,29,21,0,17.7
2013,11,29,22,0,17.6
2013,11,29,23,0,17.4
2013,11,30,0,0,17.2
2013,11,30,1,0,17
2013,11,30,2,0,16.9
2013,11,30,3,0,16.8
2013,11,30,4,0,17
2013,11,30,5,13,17.4
2013,11,30,6,31,17.9
2013,11,30,7,57,18.4
2013,11,30,8,81,18.9
2013,11,30,9,96,19.1
2013,11,30,10,175,19.6
2013,11,30,11,165,19.7
2013,11,30,12,143,19.7
2013,11,30,13,135,19.6
2013,11,30,14,111,19.5
2013,11,30,15,77,19.4
2013,11,30,16,62,19.2
2013,11,30,17,41,18.8
2013,11,30,18,7,18.2
2013,11,30,19,0,17.8
2013,11,30,20,0,17.6
2013,11,30,21,0,17.5
2013,11,30,22,0,17.3
2013,11,30,23,0,17.2
2013,12,1,0,0,17
2013,12,1,1,0,16.8
2013,12,1,2,0,16.7
2013,12,1,3,0,16.7
2013,12,1,4,0,16.8
2013,12,1,5,15,17.6
2013,12,1,6,48,18.4
2013,12,1,7,90,19
2013,12,1,8,113,19.4
2013,12,1,9,122,19.5
2013,12,1,10,176,20
2013,12,1,11,149,20.4
2013,12,1,12,129,20.7
2013,12,1,13,129,21
2013,12,1,14,121,21
2013,12,1,15,107,20.9
2013,12,1,16,63,20.6
2013,12,1,17,25,20.1
2013,12,1,18,5,19.3
2013,12,1,19,0,18.7
2013,12,1,20,0,18.4
2013,12,1,21,0,18.2
2013,12,1,22,0,17.9
2013,12,1,23,0,17.7
2013,12,2,0,0,17.5
2013,12,2,1,0,17.4
2013,12,2,2,0,17.3
2013,12,2,3,0,17.2
2013,12,2,4,0,17.3
2013,12,2,5,101,18
2013,12,2,6,347,19.1
2013,12,2,7,543,20
2013,12,2,8,681,20.8
2013,12,2,9,808,21.1
2013,12,2,10,902,22.3
2013,12,2,11,968,22.9
2013,12,2,12,984,23.3
2013,12,2,13,932,23.4
2013,12,2,14,820,23.3
2013,12,2,15,647,23
2013,12,2,16,454,22.4
2013,12,2,17,227,21.5
2013,12,2,18,38,20.3
2013,12,2,19,0,19.5
2013,12,2,20,0,19
2013,12,2,21,0,18.6
2013,12,2,22,0,18.2
2013,12,2,23,0,17.8
2013,12,3,0,0,17.5
2013,12,3,1,0,17.2
2013,12,3,2,0,17
2013,12,3,3,0,16.7
2013,12,3,4,0,16.8
2013,12,3,5,127,17.6
2013,12,3,6,342,18.9
2013,12,3,7,565,20.2
2013,12,3,8,771,21.4
2013,12,3,9,945,22
2013,12,3,10,1062,23.6
2013,12,3,11,1113,24.3
2013,12,3,12,1099,24.7
2013,12,3,13,1013,24.9
2013,12,3,14,872,24.7
2013,12,3,15,679,24.3
2013,12,3,16,454,23.6
2013,12,3,17,226,22.5
2013,12,3,18,37,21.1
2013,12,3,19,0,20.2
2013,12,3,20,0,19.7
2013,12,3,21,0,19.3
2013,12,3,22,0,19
2013,12,3,23,0,18.7
2013,12,4,0,0,18.3
2013,12,4,1,0,18.1
2013,12,4,2,0,17.9
2013,12,4,3,0,17.7
2013,12,4,4,0,17.9
2013,12,4,5,108,18.7
2013,12,4,6,247,20
2013,12,4,7,392,21.3
2013,12,4,8,559,22.7
2013,12,4,9,707,23.4
2013,12,4,10,828,25.7
2013,12,4,11,632,26.8
2013,12,4,12,532,27.2
2013,12,4,13,631,27.4
2013,12,4,14,631,27.8
2013,12,4,15,399,27.7
2013,12,4,16,180,26.7
2013,12,4,17,69,25.1
2013,12,4,18,15,23.8
2013,12,4,19,0,23.4
2013,12,4,20,0,23.3
2013,12,4,21,0,23.2
2013,12,4,22,0,23.3
2013,12,4,23,0,23.4
2013,12,5,0,0,23
2013,12,5,1,0,22.3
2013,12,5,2,0,21.7
2013,12,5,3,0,21.1
2013,12,5,4,0,20.5
2013,12,5,5,45,20.1
2013,12,5,6,283,20.2
2013,12,5,7,555,20.9
2013,12,5,8,768,22
2013,12,5,9,936,22.5
2013,12,5,10,1045,23.6
2013,12,5,11,297,24
2013,12,5,12,242,23.9
2013,12,5,13,236,23.4
2013,12,5,14,188,22.3
2013,12,5,15,124,20.7
2013,12,5,16,58,18.8
2013,12,5,17,17,17.4
2013,12,5,18,3,16.5
2013,12,5,19,0,15.9
2013,12,5,20,0,15.5
2013,12,5,21,0,15.2
2013,12,5,22,0,15
2013,12,5,23,0,14.9
2013,12,6,0,0,14.7
2013,12,6,1,0,14.4
2013,12,6,2,0,14.1
2013,12,6,3,0,13.9
2013,12,6,4,0,14
2013,12,6,5,26,14.6
2013,12,6,6,131,15.5
2013,12,6,7,361,16.5
2013,12,6,8,551,17.6
2013,12,6,9,713,18.2
2013,12,6,10,832,19.6
2013,12,6,11,884,20.4
2013,12,6,12,926,20.9
2013,12,6,13,949,21.1
2013,12,6,14,870,20.8
2013,12,6,15,682,20.3
2013,12,6,16,463,19.7
2013,12,6,17,237,18.9
2013,12,6,18,45,18
2013,12,6,19,0,17.4
2013,12,6,20,0,17.2
2013,12,6,21,0,17.1
2013,12,6,22,0,17.3
2013,12,6,23,0,17.5
2013,12,7,0,0,17.6
2013,12,7,1,0,17.4
2013,12,7,2,0,17.1
2013,12,7,3,0,16.6
2013,12,7,4,0,16.4
2013,12,7,5,124,16.8
2013,12,7,6,341,18
2013,12,7,7,555,19.4
2013,12,7,8,732,20.6
2013,12,7,9,876,21.1
2013,12,7,10,942,22.5
2013,12,7,11,940,23.2
2013,12,7,12,922,23.6
2013,12,7,13,880,23.6
2013,12,7,14,799,23.4
2013,12,7,15,665,22.8
2013,12,7,16,462,22
2013,12,7,17,235,20.9
2013,12,7,18,45,19.8
2013,12,7,19,0,19.1
2013,12,7,20,0,18.9
2013,12,7,21,0,18.8
2013,12,7,22,0,18.7
2013,12,7,23,0,18.7
2013,12,8,0,0,18.6
2013,12,8,1,0,18.5
2013,12,8,2,0,18.4
2013,12,8,3,0,18.4
2013,12,8,4,0,18.6
2013,12,8,5,115,19.5
2013,12,8,6,324,20.7
2013,12,8,7,466,21.7
2013,12,8,8,689,22.6
2013,12,8,9,852,22.9
2013,12,8,10,981,23.9
2013,12,8,11,1040,24.6
2013,12,8,12,1033,25.1
2013,12,8,13,950,25.5
2013,12,8,14,803,25.6
2013,12,8,15,642,25.2
2013,12,8,16,456,24.4
2013,12,8,17,234,23.2
2013,12,8,18,41,22
2013,12,8,19,0,21.3
2013,12,8,20,0,21
2013,12,8,21,0,20.8
2013,12,8,22,0,20.5
2013,12,8,23,0,20.3
2013,12,9,0,0,20.1
2013,12,9,1,0,19.8
2013,12,9,2,0,19.6
2013,12,9,3,0,19.4
2013,12,9,4,0,19.5
2013,12,9,5,21,20.1
2013,12,9,6,78,20.9
2013,12,9,7,240,22
2013,12,9,8,423,23.9
2013,12,9,9,560,25
2013,12,9,10,587,27.5
2013,12,9,11,724,28.7
2013,12,9,12,805,29.4
2013,12,9,13,796,29.6
2013,12,9,14,666,29.3
2013,12,9,15,519,28.8
2013,12,9,16,376,27.9
2013,12,9,17,162,26.6
2013,12,9,18,25,25.1
2013,12,9,19,0,24
2013,12,9,20,0,23.4
2013,12,9,21,0,23.1
2013,12,9,22,0,23
2013,12,9,23,0,23.3
2013,12,10,0,0,23.8
2013,12,10,1,0,24
2013,12,10,2,0,23.8
2013,12,10,3,0,23.6
2013,12,10,4,0,23.5
2013,12,10,5,40,23.9
2013,12,10,6,232,24.7
2013,12,10,7,539,25.5
2013,12,10,8,752,26.3
2013,12,10,9,920,26.6
2013,12,10,10,1039,27.8
2013,12,10,11,1094,28.5
2013,12,10,12,1087,29.2
2013,12,10,13,1013,29.5
2013,12,10,14,876,29.3
2013,12,10,15,690,28.4
2013,12,10,16,472,27
2013,12,10,17,245,25.2
2013,12,10,18,50,23.4
2013,12,10,19,0,22.2
2013,12,10,20,0,21.5
2013,12,10,21,0,20.9
2013,12,10,22,0,20.4
2013,12,10,23,0,20
2013,12,11,0,0,19.7
2013,12,11,1,0,19.5
2013,12,11,2,0,19.3
2013,12,11,3,0,19.3
2013,12,11,4,0,19.4
2013,12,11,5,97,20
2013,12,11,6,338,21.2
2013,12,11,7,563,22.3
2013,12,11,8,767,23.2
2013,12,11,9,934,23.6
2013,12,11,10,1049,25
2013,12,11,11,1099,26
2013,12,11,12,1084,27
2013,12,11,13,988,27.7
2013,12,11,14,831,28.1
2013,12,11,15,652,28
2013,12,11,16,464,27.5
2013,12,11,17,242,26.3
2013,12,11,18,51,24.5
2013,12,11,19,0,23
2013,12,11,20,0,22.1
2013,12,11,21,0,21.7
2013,12,11,22,0,21.2
2013,12,11,23,0,20.4
2013,12,12,0,0,19.8
2013,12,12,1,0,19.5
2013,12,12,2,0,19.2
2013,12,12,3,0,19.2
2013,12,12,4,0,19.5
2013,12,12,5,14,20.3
2013,12,12,6,37,21.2
2013,12,12,7,60,22
2013,12,12,8,88,22.7
2013,12,12,9,113,23
2013,12,12,10,126,23.9
2013,12,12,11,200,24.4
2013,12,12,12,302,24.7
2013,12,12,13,451,24.7
2013,12,12,14,648,24.6
2013,12,12,15,635,24
2013,12,12,16,459,23.2
2013,12,12,17,237,22.2
2013,12,12,18,50,21.4
2013,12,12,19,0,20.9
2013,12,12,20,0,20.7
2013,12,12,21,0,20.6
2013,12,12,22,0,20.4
2013,12,12,23,0,20.1
2013,12,13,0,0,19.9
2013,12,13,1,0,19.6
2013,12,13,2,0,19.3
2013,12,13,3,0,19.2
2013,12,13,4,0,19.3
2013,12,13,5,108,20.1
2013,12,13,6,280,21.4
2013,12,13,7,421,22.8
2013,12,13,8,559,24
2013,12,13,9,691,24.6
2013,12,13,10,812,25.9
2013,12,13,11,839,26.5
2013,12,13,12,701,26.7
2013,12,13,13,572,26.5
2013,12,13,14,423,26.1
2013,12,13,15,296,25.4
2013,12,13,16,248,24.3
2013,12,13,17,149,23.3
2013,12,13,18,35,22.3
2013,12,13,19,0,21.7
2013,12,13,20,0,21.4
2013,12,13,21,0,21.2
2013,12,13,22,0,21
2013,12,13,23,0,20.9
2013,12,14,0,0,20.9
2013,12,14,1,0,20.8
2013,12,14,2,0,20.5
2013,12,14,3,0,20.2
2013,12,14,4,0,20.4
2013,12,14,5,6,21.2
2013,12,14,6,14,22.1
2013,12,14,7,29,22.7
2013,12,14,8,49,22.9
2013,12,14,9,71,23
2013,12,14,10,91,22.4
2013,12,14,11,101,21.8
2013,12,14,12,99,21.5
2013,12,14,13,85,21.5
2013,12,14,14,81,21.5
2013,12,14,15,72,21.5
2013,12,14,16,57,21.3
2013,12,14,17,32,21
2013,12,14,18,9,20.6
2013,12,14,19,0,20.3
2013,12,14,20,0,20.1
2013,12,14,21,0,20
2013,12,14,22,0,19.9
2013,12,14,23,0,19.8
2013,12,15,0,0,19.6
2013,12,15,1,0,19.4
2013,12,15,2,0,19.2
2013,12,15,3,0,19
2013,12,15,4,0,19.2
2013,12,15,5,13,19.8
2013,12,15,6,35,20.6
2013,12,15,7,63,21.4
2013,12,15,8,87,22.2
2013,12,15,9,105,22.6
2013,12,15,10,96,23.5
2013,12,15,11,124,23.8
2013,12,15,12,167,23.8
2013,12,15,13,94,23.6
2013,12,15,14,64,23.3
2013,12,15,15,78,22.8
2013,12,15,16,64,22.2
2013,12,15,17,25,21.5
2013,12,15,18,8,20.9
2013,12,15,19,0,20.6
2013,12,15,20,0,20.4
2013,12,15,21,0,20.2
2013,12,15,22,0,19.9
2013,12,15,23,0,19.8
2013,12,16,0,0,19.6
2013,12,16,1,0,19.5
2013,12,16,2,0,19.4
2013,12,16,3,0,19.4
2013,12,16,4,0,19.5
2013,12,16,5,28,19.9
2013,12,16,6,45,20.4
2013,12,16,7,63,21.1
2013,12,16,8,81,22
2013,12,16,9,95,22.5
2013,12,16,10,100,23.3
2013,12,16,11,101,23.7
2013,12,16,12,99,23.8
2013,12,16,13,100,23.8
2013,12,16,14,138,23.6
2013,12,16,15,162,23.2
2013,12,16,16,127,22.5
2013,12,16,17,76,21.6
2013,12,16,18,18,20.9
2013,12,16,19,0,20.4
2013,12,16,20,0,20.3
2013,12,16,21,0,20.3
2013,12,16,22,0,20.2
2013,12,16,23,0,20.1
2013,12,17,0,0,20
2013,12,17,1,0,19.9
2013,12,17,2,0,19.7
2013,12,17,3,0,19.6
2013,12,17,4,0,19.7
2013,12,17,5,26,20.3
2013,12,17,6,80,21.1
2013,12,17,7,167,22
2013,12,17,8,360,22.9
2013,12,17,9,651,23.4
2013,12,17,10,816,24.5
2013,12,17,11,973,25
2013,12,17,12,1082,25.2
2013,12,17,13,1008,25.1
2013,12,17,14,875,24.8
2013,12,17,15,693,24.3
2013,12,17,16,478,23.6
2013,12,17,17,255,22.7
2013,12,17,18,61,21.7
2013,12,17,19,0,21
2013,12,17,20,0,20.6
2013,12,17,21,0,20.3
2013,12,17,22,0,20.1
2013,12,17,23,0,19.9
2013,12,18,0,0,19.7
2013,12,18,1,0,19.6
2013,12,18,2,0,19.5
2013,12,18,3,0,19.4
2013,12,18,4,0,19.7
2013,12,18,5,73,20.7
2013,12,18,6,220,21.8
2013,12,18,7,394,22.8
2013,12,18,8,558,23.6
2013,12,18,9,700,23.9
2013,12,18,10,859,24.6
2013,12,18,11,1007,24.8
2013,12,18,12,1068,24.9
2013,12,18,13,1004,24.8
2013,12,18,14,874,24.5
2013,12,18,15,696,24.1
2013,12,18,16,486,23.6
2013,12,18,17,264,22.7
2013,12,18,18,66,21.6
2013,12,18,19,0,20.8
2013,12,18,20,0,20.4
2013,12,18,21,0,20
2013,12,18,22,0,19.8
2013,12,18,23,0,19.5
2013,12,19,0,0,19.3
2013,12,19,1,0,19.1
2013,12,19,2,0,18.9
2013,12,19,3,0,18.8
2013,12,19,4,0,19
2013,12,19,5,107,20
2013,12,19,6,314,21.3
2013,12,19,7,534,22.4
2013,12,19,8,738,23.4
2013,12,19,9,908,24
2013,12,19,10,1030,25.5
2013,12,19,11,1084,26.2
2013,12,19,12,1074,26.7
2013,12,19,13,997,26.8
2013,12,19,14,864,26.6
2013,12,19,15,682,26.1
2013,12,19,16,465,25.4
2013,12,19,17,179,24.3
2013,12,19,18,58,23
2013,12,19,19,0,22.1
2013,12,19,20,0,21.6
2013,12,19,21,0,21.3
2013,12,19,22,0,21.1
2013,12,19,23,0,20.9
2013,12,20,0,0,20.7
2013,12,20,1,0,20.4
2013,12,20,2,0,20.3
2013,12,20,3,0,20.1
2013,12,20,4,0,20.2
2013,12,20,5,96,21
2013,12,20,6,291,22.6
2013,12,20,7,505,24.9
2013,12,20,8,705,27.7
2013,12,20,9,869,29.2
2013,12,20,10,1003,33.1
2013,12,20,11,1060,34.5
2013,12,20,12,1055,34.5
2013,12,20,13,913,33.6
2013,12,20,14,495,32.6
2013,12,20,15,593,31.7
2013,12,20,16,458,30.6
2013,12,20,17,215,29.1
2013,12,20,18,55,27.5
2013,12,20,19,0,26.5
2013,12,20,20,0,26
2013,12,20,21,0,25.5
2013,12,20,22,0,25.1
2013,12,20,23,0,24.9
2013,12,21,0,0,24.8
2013,12,21,1,0,24.4
2013,12,21,2,0,23.8
2013,12,21,3,0,23.3
2013,12,21,4,0,22.6
2013,12,21,5,91,22.4
2013,12,21,6,151,22.8
2013,12,21,7,333,23.3
2013,12,21,8,646,23.9
2013,12,21,9,857,24.2
2013,12,21,10,985,24.9
2013,12,21,11,1040,25
2013,12,21,12,1028,24.8
2013,12,21,13,955,24.5
2013,12,21,14,823,24.1
2013,12,21,15,645,23.6
2013,12,21,16,273,23
2013,12,21,17,147,22.3
2013,12,21,18,36,21.8
2013,12,21,19,0,21.5
2013,12,21,20,0,21.5
2013,12,21,21,0,21.5
2013,12,21,22,0,21.4
2013,12,21,23,0,21.2
2013,12,22,0,0,21
2013,12,22,1,0,20.7
2013,12,22,2,0,20.6
2013,12,22,3,0,20.5
2013,12,22,4,0,20.8
2013,12,22,5,80,21.6
2013,12,22,6,181,22.7
2013,12,22,7,501,24
2013,12,22,8,604,25.7
2013,12,22,9,697,26.6
2013,12,22,10,803,29.6
2013,12,22,11,657,31.1
2013,12,22,12,613,32.1
2013,12,22,13,655,32.3
2013,12,22,14,699,31.6
2013,12,22,15,480,30.1
2013,12,22,16,351,28.3
2013,12,22,17,165,26.7
2013,12,22,18,21,25.6
2013,12,22,19,0,25.2
2013,12,22,20,0,25.1
2013,12,22,21,0,25
2013,12,22,22,0,24.8
2013,12,22,23,0,24.7
2013,12,23,0,0,24.4
2013,12,23,1,0,23.9
2013,12,23,2,0,23.3
2013,12,23,3,0,22.9
2013,12,23,4,0,22.8
2013,12,23,5,66,23.1
2013,12,23,6,210,23.5
2013,12,23,7,408,24.8
2013,12,23,8,588,27.4
2013,12,23,9,512,29
2013,12,23,10,290,32
2013,12,23,11,544,32.8
2013,12,23,12,319,31.8
2013,12,23,13,218,29.6
2013,12,23,14,153,27.5
2013,12,23,15,269,26
2013,12,23,16,313,25.1
2013,12,23,17,57,24.5
2013,12,23,18,39,23.8
2013,12,23,19,0,23.2
2013,12,23,20,0,22.5
2013,12,23,21,0,21.4
2013,12,23,22,0,20.3
2013,12,23,23,0,19.5
2013,12,24,0,0,19
2013,12,24,1,0,18.9
2013,12,24,2,0,18.9
2013,12,24,3,0,19
2013,12,24,4,0,19.2
2013,12,24,5,7,19.6
2013,12,24,6,21,20.3
2013,12,24,7,66,20.8
2013,12,24,8,296,21.2
2013,12,24,9,85,21.4
2013,12,24,10,412,21.7
2013,12,24,11,364,21.7
2013,12,24,12,526,21.7
2013,12,24,13,359,21.7
2013,12,24,14,272,21.5
2013,12,24,15,161,21.2
2013,12,24,16,111,20.9
2013,12,24,17,120,20.5
2013,12,24,18,31,20.1
2013,12,24,19,0,19.9
2013,12,24,20,0,19.8
2013,12,24,21,0,19.7
2013,12,24,22,0,19.7
2013,12,24,23,0,19.8
2013,12,25,0,0,19.8
2013,12,25,1,0,19.8
2013,12,25,2,0,19.8
2013,12,25,3,0,19.8
2013,12,25,4,0,19.9
2013,12,25,5,5,20.3
2013,12,25,6,11,20.8
2013,12,25,7,34,21.3
2013,12,25,8,85,21.9
2013,12,25,9,142,22.1
2013,12,25,10,172,22.2
2013,12,25,11,292,22
2013,12,25,12,207,21.9
2013,12,25,13,140,21.6
2013,12,25,14,230,21.2
2013,12,25,15,159,20.7
2013,12,25,16,136,20.2
2013,12,25,17,81,19.9
2013,12,25,18,22,19.8
2013,12,25,19,0,19.8
2013,12,25,20,0,19.8
2013,12,25,21,0,19.9
2013,12,25,22,0,19.9
2013,12,25,23,0,20
2013,12,26,0,0,20.1
2013,12,26,1,0,20
2013,12,26,2,0,20
2013,12,26,3,0,19.9
2013,12,26,4,0,19.8
2013,12,26,5,7,19.9
2013,12,26,6,23,20.2
2013,12,26,7,501,20.6
2013,12,26,8,439,21.2
2013,12,26,9,873,21.5
2013,12,26,10,1002,22.5
2013,12,26,11,1062,23.2
2013,12,26,12,1058,23.6
2013,12,26,13,992,23.6
2013,12,26,14,863,23.2
2013,12,26,15,685,22.6
2013,12,26,16,479,21.9
2013,12,26,17,261,21.2
2013,12,26,18,50,20.6
2013,12,26,19,0,20.3
2013,12,26,20,0,20.3
2013,12,26,21,0,20.2
2013,12,26,22,0,20.1
2013,12,26,23,0,20
2013,12,27,0,0,19.8
2013,12,27,1,0,19.7
2013,12,27,2,0,19.6
2013,12,27,3,0,19.5
2013,12,27,4,0,19.7
2013,12,27,5,92,20.3
2013,12,27,6,293,21.1
2013,12,27,7,513,22
2013,12,27,8,718,22.8
2013,12,27,9,888,23.2
2013,12,27,10,1009,24.1
2013,12,27,11,1070,24.3
2013,12,27,12,876,24.2
2013,12,27,13,990,24
2013,12,27,14,860,23.6
2013,12,27,15,682,23.2
2013,12,27,16,474,22.6
2013,12,27,17,124,21.9
2013,12,27,18,68,21.3
2013,12,27,19,0,20.8
2013,12,27,20,0,20.5
2013,12,27,21,0,20.3
2013,12,27,22,0,20.2
2013,12,27,23,0,20.1
2013,12,28,0,0,19.9
2013,12,28,1,0,19.7
2013,12,28,2,0,19.6
2013,12,28,3,0,19.5
2013,12,28,4,0,19.7
2013,12,28,5,95,20.6
2013,12,28,6,299,21.7
2013,12,28,7,520,22.5
2013,12,28,8,724,23.3
2013,12,28,9,894,23.7
2013,12,28,10,1018,24.7
2013,12,28,11,1078,25.3
2013,12,28,12,1074,25.6
2013,12,28,13,1002,25.7
2013,12,28,14,874,25.5
2013,12,28,15,696,25
2013,12,28,16,489,24.3
2013,12,28,17,269,23.3
2013,12,28,18,72,22.4
2013,12,28,19,0,21.7
2013,12,28,20,0,21.5
2013,12,28,21,0,21.3
2013,12,28,22,0,21.1
2013,12,28,23,0,20.9
2013,12,29,0,0,20.7
2013,12,29,1,0,20.4
2013,12,29,2,0,20
2013,12,29,3,0,19.7
2013,12,29,4,0,19.9
2013,12,29,5,85,20.7
2013,12,29,6,265,21.3
2013,12,29,7,469,21.3
2013,12,29,8,679,21.2
2013,12,29,9,862,21.3
2013,12,29,10,1014,21.5
2013,12,29,11,1088,21.6
2013,12,29,12,1085,21.7
2013,12,29,13,1032,21.7
2013,12,29,14,897,21.5
2013,12,29,15,715,21.2
2013,12,29,16,497,20.8
2013,12,29,17,268,20.4
2013,12,29,18,31,19.8
2013,12,29,19,0,19.4
2013,12,29,20,0,19.3
2013,12,29,21,0,19.1
2013,12,29,22,0,19.1
2013,12,29,23,0,19
2013,12,30,0,0,18.8
2013,12,30,1,0,18.6
2013,12,30,2,0,18.5
2013,12,30,3,0,18.4
2013,12,30,4,0,18.5
2013,12,30,5,74,19.2
2013,12,30,6,290,20.2
2013,12,30,7,513,20.9
2013,12,30,8,435,21.7
2013,12,30,9,895,22
2013,12,30,10,1024,23.1
2013,12,30,11,1086,23.7
2013,12,30,12,1080,24.1
2013,12,30,13,1013,24
2013,12,30,14,885,23.4
2013,12,30,15,706,22.5
2013,12,30,16,500,21.4
2013,12,30,17,275,20.5
2013,12,30,18,74,19.8
2013,12,30,19,0,19.4
2013,12,30,20,0,19.3
2013,12,30,21,0,19.2
2013,12,30,22,0,19.2
2013,12,30,23,0,19.1
2013,12,31,0,0,19
2013,12,31,1,0,18.9
2013,12,31,2,0,18.7
2013,12,31,3,0,18.6
2013,12,31,4,0,18.8
2013,12,31,5,87,19.7
2013,12,31,6,290,20.9
2013,12,31,7,513,22.1
2013,12,31,8,723,23.1
2013,12,31,9,900,23.7
2013,12,31,10,1025,25.2
2013,12,31,11,1087,25.6
2013,12,31,12,1081,25.6
2013,12,31,13,1015,25
2013,12,31,14,883,24.1
2013,12,31,15,702,23.2
2013,12,31,16,230,22.5
2013,12,31,17,120,21.8
2013,12,31,18,28,21.2
2013,12,31,19,0,20.9
2013,12,31,20,0,20.7
2013,12,31,21,0,20.4
2013,12,31,22,0,20.3
2013,12,31,23,0,20.1
2014,1,1,0,0,21.2
2014,1,1,1,0,21
2014,1,1,2,0,20.7
2014,1,1,3,0,20.5
2014,1,1,4,0,20.6
2014,1,1,5,81,21.4
2014,1,1,6,277,22.7
2014,1,1,7,495,23.9
2014,1,1,8,701,24.9
2014,1,1,9,873,25.4
2014,1,1,10,1010,24.9
2014,1,1,11,956,25.3
2014,1,1,12,677,25.6
2014,1,1,13,587,25.6
2014,1,1,14,279,24.9
2014,1,1,15,283,23.9
2014,1,1,16,147,23.1
2014,1,1,17,112,22.5
2014,1,1,18,31,22.1
2014,1,1,19,0,21.9
2014,1,1,20,0,21.8
2014,1,1,21,0,21.8
2014,1,1,22,0,21.7
2014,1,1,23,0,21.7
2014,1,2,0,0,21.7
2014,1,2,1,0,21.5
2014,1,2,2,0,21.5
2014,1,2,3,0,21.8
2014,1,2,4,0,22.2
2014,1,2,5,32,23.2
2014,1,2,6,276,24.7
2014,1,2,7,228,26.8
2014,1,2,8,539,28.9
2014,1,2,9,574,29.8
2014,1,2,10,340,31.9
2014,1,2,11,622,32
2014,1,2,12,217,30.7
2014,1,2,13,134,29.1
2014,1,2,14,240,27.6
2014,1,2,15,112,26.6
2014,1,2,16,132,25.7
2014,1,2,17,181,24.5
2014,1,2,18,49,23.4
2014,1,2,19,0,22.6
2014,1,2,20,0,22
2014,1,2,21,0,21.4
2014,1,2,22,0,20.8
2014,1,2,23,0,20.4
2014,1,3,0,0,20.2
2014,1,3,1,0,20.3
2014,1,3,2,0,20.4
2014,1,3,3,0,20.4
2014,1,3,4,0,20.6
2014,1,3,5,38,21
2014,1,3,6,10,21.8
2014,1,3,7,207,22.7
2014,1,3,8,211,23.6
2014,1,3,9,453,24.1
2014,1,3,10,705,25.3
2014,1,3,11,762,26
2014,1,3,12,1007,26.3
2014,1,3,13,742,26.3
2014,1,3,14,824,25.8
2014,1,3,15,649,24.9
2014,1,3,16,450,23.9
2014,1,3,17,241,23
2014,1,3,18,61,22.4
2014,1,3,19,0,22.2
2014,1,3,20,0,22.2
2014,1,3,21,0,22.2
2014,1,3,22,0,22.2
2014,1,3,23,0,22.2
2014,1,4,0,0,22.1
2014,1,4,1,0,22.3
2014,1,4,2,0,22.3
2014,1,4,3,0,22
2014,1,4,4,0,21.6
2014,1,4,5,69,21.6
2014,1,4,6,259,22
2014,1,4,7,478,22.6
2014,1,4,8,689,23.2
2014,1,4,9,873,23.6
2014,1,4,10,1019,24.8
2014,1,4,11,1088,25.4
2014,1,4,12,1086,25.7
2014,1,4,13,1023,25.4
2014,1,4,14,893,24.7
2014,1,4,15,714,23.8
2014,1,4,16,501,22.8
2014,1,4,17,276,21.7
2014,1,4,18,75,20.6
2014,1,4,19,0,20.1
2014,1,4,20,0,20
2014,1,4,21,0,20
2014,1,4,22,0,20
2014,1,4,23,0,20
2014,1,5,0,0,19.9
2014,1,5,1,0,19.9
2014,1,5,2,0,20
2014,1,5,3,0,20
2014,1,5,4,0,20.3
2014,1,5,5,77,21.2
2014,1,5,6,278,22.4
2014,1,5,7,503,23.4
2014,1,5,8,710,24.4
2014,1,5,9,883,24.8
2014,1,5,10,998,25.8
2014,1,5,11,1054,26.2
2014,1,5,12,1041,26.5
2014,1,5,13,978,26.6
2014,1,5,14,845,26.4
2014,1,5,15,657,25.9
2014,1,5,16,447,25
2014,1,5,17,234,24.1
2014,1,5,18,56,23.4
2014,1,5,19,0,22.9
2014,1,5,20,0,22.6
2014,1,5,21,0,22.2
2014,1,5,22,0,21.8
2014,1,5,23,0,21.5
2014,1,6,0,0,21
2014,1,6,1,0,20.9
2014,1,6,2,0,21.1
2014,1,6,3,0,21.3
2014,1,6,4,0,21.4
2014,1,6,5,83,22.1
2014,1,6,6,297,23.4
2014,1,6,7,534,24.5
2014,1,6,8,755,25.3
2014,1,6,9,940,25.7
2014,1,6,10,1068,26.9
2014,1,6,11,1126,27.5
2014,1,6,12,1120,27.8
2014,1,6,13,1043,27.8
2014,1,6,14,910,27.3
2014,1,6,15,726,26.2
2014,1,6,16,516,24.6
2014,1,6,17,287,22.6
2014,1,6,18,80,20.9
2014,1,6,19,0,19.9
2014,1,6,20,0,19.6
2014,1,6,21,0,19.5
2014,1,6,22,0,19.5
2014,1,6,23,0,19.4
2014,1,7,0,0,19.2
2014,1,7,1,0,18.9
2014,1,7,2,0,18.7
2014,1,7,3,0,18.7
2014,1,7,4,0,18.8
2014,1,7,5,11,19.2
2014,1,7,6,43,19.5
2014,1,7,7,476,19.9
2014,1,7,8,361,20.1
2014,1,7,9,169,20.2
2014,1,7,10,338,20.6
2014,1,7,11,225,20.9
2014,1,7,12,265,21.2
2014,1,7,13,408,21.2
2014,1,7,14,658,21
2014,1,7,15,346,20.8
2014,1,7,16,135,20.4
2014,1,7,17,108,19.9
2014,1,7,18,27,19.3
2014,1,7,19,0,19
2014,1,7,20,0,19
2014,1,7,21,0,18.9
2014,1,7,22,0,18.8
2014,1,7,23,0,18.7
2014,1,8,0,0,18.5
2014,1,8,1,0,18.3
2014,1,8,2,0,18.1
2014,1,8,3,0,18
2014,1,8,4,0,18.2
2014,1,8,5,5,18.7
2014,1,8,6,18,19.2
2014,1,8,7,72,19.8
2014,1,8,8,172,20.5
2014,1,8,9,442,20.8
2014,1,8,10,758,21.2
2014,1,8,11,355,21.4
2014,1,8,12,663,21.5
2014,1,8,13,371,21.4
2014,1,8,14,275,21.2
2014,1,8,15,181,20.9
2014,1,8,16,494,20.6
2014,1,8,17,92,20.2
2014,1,8,18,23,19.8
2014,1,8,19,0,19.5
2014,1,8,20,0,19.5
2014,1,8,21,0,19.4
2014,1,8,22,0,19.4
2014,1,8,23,0,19.4
2014,1,9,0,0,19.3
2014,1,9,1,0,19.2
2014,1,9,2,0,19.2
2014,1,9,3,0,19.3
2014,1,9,4,0,19.5
2014,1,9,5,70,20
2014,1,9,6,203,20.8
2014,1,9,7,289,21.4
2014,1,9,8,344,21.8
2014,1,9,9,511,22
2014,1,9,10,512,22.2
2014,1,9,11,611,22
2014,1,9,12,611,21.8
2014,1,9,13,645,21.7
2014,1,9,14,454,21.7
2014,1,9,15,564,21.6
2014,1,9,16,363,21.4
2014,1,9,17,229,20.9
2014,1,9,18,64,20.4
2014,1,9,19,0,20
2014,1,9,20,0,19.8
2014,1,9,21,0,19.6
2014,1,9,22,0,19.6
2014,1,9,23,0,19.5
2014,1,10,0,0,19.5
2014,1,10,1,0,19.4
2014,1,10,2,0,19.4
2014,1,10,3,0,19.3
2014,1,10,4,0,19.5
2014,1,10,5,38,20.2
2014,1,10,6,157,21.3
2014,1,10,7,468,22.4
2014,1,10,8,675,23.5
2014,1,10,9,848,24
2014,1,10,10,825,25
2014,1,10,11,850,25.3
2014,1,10,12,946,25.4
2014,1,10,13,568,25.2
2014,1,10,14,850,24.8
2014,1,10,15,682,24.3
2014,1,10,16,482,23.7
2014,1,10,17,268,22.9
2014,1,10,18,75,22.3
2014,1,10,19,0,21.8
2014,1,10,20,0,21.6
2014,1,10,21,0,21.3
2014,1,10,22,0,21.1
2014,1,10,23,0,20.9
2014,1,11,0,0,20.7
2014,1,11,1,0,20.6
2014,1,11,2,0,20.6
2014,1,11,3,0,20.6
2014,1,11,4,0,20.7
2014,1,11,5,60,21.4
2014,1,11,6,250,22.7
2014,1,11,7,469,24.1
2014,1,11,8,679,25.5
2014,1,11,9,858,26.2
2014,1,11,10,993,27.6
2014,1,11,11,1062,28
2014,1,11,12,1065,28.2
2014,1,11,13,1002,28
2014,1,11,14,877,27.5
2014,1,11,15,703,26.7
2014,1,11,16,494,25.8
2014,1,11,17,272,24.8
2014,1,11,18,75,23.9
2014,1,11,19,0,23.1
2014,1,11,20,0,22.6
2014,1,11,21,0,22.3
2014,1,11,22,0,22
2014,1,11,23,0,21.8
2014,1,12,0,0,21.5
2014,1,12,1,0,21.2
2014,1,12,2,0,21.1
2014,1,12,3,0,21.1
2014,1,12,4,0,21.3
2014,1,12,5,58,22
2014,1,12,6,248,23.2
2014,1,12,7,466,24.2
2014,1,12,8,673,25.1
2014,1,12,9,848,25.4
2014,1,12,10,968,25.8
2014,1,12,11,1035,25.7
2014,1,12,12,1037,25.3
2014,1,12,13,987,25
2014,1,12,14,866,24.6
2014,1,12,15,697,24.2
2014,1,12,16,490,23.6
2014,1,12,17,271,22.8
2014,1,12,18,75,22
2014,1,12,19,0,21.5
2014,1,12,20,0,21.2
2014,1,12,21,0,21
2014,1,12,22,0,20.8
2014,1,12,23,0,20.6
2014,1,13,0,0,20.4
2014,1,13,1,0,20.2
2014,1,13,2,0,20
2014,1,13,3,0,19.8
2014,1,13,4,0,19.9
2014,1,13,5,62,20.4
2014,1,13,6,262,21.2
2014,1,13,7,488,22
2014,1,13,8,702,22.8
2014,1,13,9,883,23.2
2014,1,13,10,1017,24.1
2014,1,13,11,1086,24.4
2014,1,13,12,1090,24.5
2014,1,13,13,1028,24.4
2014,1,13,14,908,24.1
2014,1,13,15,732,23.6
2014,1,13,16,519,22.9
2014,1,13,17,291,22.1
2014,1,13,18,83,21.2
2014,1,13,19,0,20.7
2014,1,13,20,0,20.4
2014,1,13,21,0,20.1
2014,1,13,22,0,19.9
2014,1,13,23,0,19.7
2014,1,14,0,0,19.5
2014,1,14,1,0,19.4
2014,1,14,2,0,19.4
2014,1,14,3,0,19.5
2014,1,14,4,0,19.8
2014,1,14,5,59,20.6
2014,1,14,6,256,21.8
2014,1,14,7,483,22.9
2014,1,14,8,697,24.1
2014,1,14,9,877,24.7
2014,1,14,10,1007,26.4
2014,1,14,11,1078,27.1
2014,1,14,12,1082,27.3
2014,1,14,13,1026,27.3
2014,1,14,14,903,27.1
2014,1,14,15,728,26.5
2014,1,14,16,518,25.6
2014,1,14,17,291,24.5
2014,1,14,18,83,23.4
2014,1,14,19,0,22.8
2014,1,14,20,0,22.5
2014,1,14,21,0,22.4
2014,1,14,22,0,22.2
2014,1,14,23,0,22
2014,1,15,0,0,21.7
2014,1,15,1,0,21.3
2014,1,15,2,0,20.9
2014,1,15,3,0,20.7
2014,1,15,4,0,20.8
2014,1,15,5,57,21.7
2014,1,15,6,254,23.2
2014,1,15,7,479,24.6
2014,1,15,8,695,26.1
2014,1,15,9,876,26.8
2014,1,15,10,1011,28.6
2014,1,15,11,1084,29.4
2014,1,15,12,1089,29.6
2014,1,15,13,1029,29.5
2014,1,15,14,904,29.1
2014,1,15,15,730,28.4
2014,1,15,16,518,27.5
2014,1,15,17,289,26.4
2014,1,15,18,80,25.1
2014,1,15,19,0,24.2
2014,1,15,20,0,23.6
2014,1,15,21,0,23.2
2014,1,15,22,0,22.8
2014,1,15,23,0,22.4
2014,1,16,0,0,22
2014,1,16,1,0,21.7
2014,1,16,2,0,21.5
2014,1,16,3,0,21.3
2014,1,16,4,0,21.3
2014,1,16,5,54,22.1
2014,1,16,6,250,23.4
2014,1,16,7,476,24.7
2014,1,16,8,691,25.9
2014,1,16,9,874,26.5
2014,1,16,10,1006,27.9
2014,1,16,11,1081,28.3
2014,1,16,12,1087,28.4
2014,1,16,13,1026,28.2
2014,1,16,14,906,27.8
2014,1,16,15,731,27.2
2014,1,16,16,521,26.3
2014,1,16,17,292,25.2
2014,1,16,18,82,24.1
2014,1,16,19,0,23.2
2014,1,16,20,0,22.8
2014,1,16,21,0,22.5
2014,1,16,22,0,22.2
2014,1,16,23,0,21.9
2014,1,17,0,0,21.6
2014,1,17,1,0,21.3
2014,1,17,2,0,21.1
2014,1,17,3,0,20.8
2014,1,17,4,0,20.9
2014,1,17,5,52,21.8
2014,1,17,6,250,23.1
2014,1,17,7,480,24.4
2014,1,17,8,698,25.6
2014,1,17,9,884,26.1
2014,1,17,10,1017,27.6
2014,1,17,11,1088,28.1
2014,1,17,12,1093,28.3
2014,1,17,13,1030,28.1
2014,1,17,14,905,27.7
2014,1,17,15,732,27.1
2014,1,17,16,520,26.3
2014,1,17,17,292,25.2
2014,1,17,18,81,24.1
2014,1,17,19,0,23.2
2014,1,17,20,0,22.8
2014,1,17,21,0,22.4
2014,1,17,22,0,22.1
2014,1,17,23,0,21.8
2014,1,18,0,0,21.4
2014,1,18,1,0,20.9
2014,1,18,2,0,20.5
2014,1,18,3,0,20.1
2014,1,18,4,0,20.1
2014,1,18,5,52,21
2014,1,18,6,251,22.6
2014,1,18,7,481,24.2
2014,1,18,8,701,25.8
2014,1,18,9,886,26.6
2014,1,18,10,1020,28.7
2014,1,18,11,1092,29.6
2014,1,18,12,1098,30
2014,1,18,13,1036,29.9
2014,1,18,14,913,29.6
2014,1,18,15,737,28.9
2014,1,18,16,523,27.8
2014,1,18,17,291,26.4
2014,1,18,18,80,24.9
2014,1,18,19,0,23.7
2014,1,18,20,0,23.1
2014,1,18,21,0,22.6
2014,1,18,22,0,22.1
2014,1,18,23,0,21.7
2014,1,19,0,0,21.4
2014,1,19,1,0,21.2
2014,1,19,2,0,21
2014,1,19,3,0,21
2014,1,19,4,0,21.2
2014,1,19,5,43,22
2014,1,19,6,230,23.1
2014,1,19,7,448,24
2014,1,19,8,654,24.7
2014,1,19,9,558,25.1
2014,1,19,10,951,25.9
2014,1,19,11,1015,26
2014,1,19,12,1010,25.8
2014,1,19,13,947,25.3
2014,1,19,14,824,24.8
2014,1,19,15,656,24.3
2014,1,19,16,454,23.7
2014,1,19,17,243,23.1
2014,1,19,18,60,22.5
2014,1,19,19,0,22.2
2014,1,19,20,0,22
2014,1,19,21,0,21.8
2014,1,19,22,0,21.6
2014,1,19,23,0,21.5
2014,1,20,0,0,21.4
2014,1,20,1,0,21.2
2014,1,20,2,0,21.2
2014,1,20,3,0,21.1
2014,1,20,4,0,21.2
2014,1,20,5,36,21.7
2014,1,20,6,210,22.4
2014,1,20,7,425,23.2
2014,1,20,8,473,24.2
2014,1,20,9,93,24.6
2014,1,20,10,935,25.3
2014,1,20,11,1004,25.3
2014,1,20,12,1008,25
2014,1,20,13,924,24.4
2014,1,20,14,800,23.7
2014,1,20,15,630,23
2014,1,20,16,107,22.2
2014,1,20,17,224,21.5
2014,1,20,18,48,21
2014,1,20,19,0,20.7
2014,1,20,20,0,20.7
2014,1,20,21,0,20.6
2014,1,20,22,0,20.6
2014,1,20,23,0,20.6
2014,1,21,0,0,20.6
2014,1,21,1,0,20.6
2014,1,21,2,0,20.6
2014,1,21,3,0,20.6
2014,1,21,4,0,20.8
2014,1,21,5,33,21.2
2014,1,21,6,208,21.8
2014,1,21,7,424,22.3
2014,1,21,8,634,23.1
2014,1,21,9,815,23.4
2014,1,21,10,946,24.4
2014,1,21,11,1018,24.7
2014,1,21,12,1023,24.8
2014,1,21,13,973,24.8
2014,1,21,14,849,24.6
2014,1,21,15,677,24.2
2014,1,21,16,473,23.6
2014,1,21,17,254,23
2014,1,21,18,5,22.4
2014,1,21,19,0,22.1
2014,1,21,20,0,22
2014,1,21,21,0,21.9
2014,1,21,22,0,21.8
2014,1,21,23,0,21.7
2014,1,22,0,0,21.6
2014,1,22,1,0,21.5
2014,1,22,2,0,21.4
2014,1,22,3,0,21.3
2014,1,22,4,0,21.3
2014,1,22,5,3,21.5
2014,1,22,6,212,21.9
2014,1,22,7,428,22.3
2014,1,22,8,54,22.7
2014,1,22,9,815,22.8
2014,1,22,10,105,22.9
2014,1,22,11,349,22.9
2014,1,22,12,1028,22.8
2014,1,22,13,969,22.7
2014,1,22,14,852,22.5
2014,1,22,15,683,22.2
2014,1,22,16,476,21.8
2014,1,22,17,259,21.4
2014,1,22,18,66,20.9
2014,1,22,19,0,20.7
2014,1,22,20,0,20.7
2014,1,22,21,0,20.6
2014,1,22,22,0,20.5
2014,1,22,23,0,20.4
2014,1,23,0,0,20.3
2014,1,23,1,0,20.2
2014,1,23,2,0,20.3
2014,1,23,3,0,20.4
2014,1,23,4,0,20.5
2014,1,23,5,5,20.9
2014,1,23,6,27,21.5
2014,1,23,7,221,22.2
2014,1,23,8,424,22.9
2014,1,23,9,830,23.3
2014,1,23,10,645,23.8
2014,1,23,11,648,23.9
2014,1,23,12,585,23.8
2014,1,23,13,563,23.7
2014,1,23,14,538,23.4
2014,1,23,15,499,23
2014,1,23,16,475,22.5
2014,1,23,17,178,22
2014,1,23,18,41,21.5
2014,1,23,19,0,21.3
2014,1,23,20,0,21.2
2014,1,23,21,0,21.2
2014,1,23,22,0,21.2
2014,1,23,23,0,21.2
2014,1,24,0,0,21.1
2014,1,24,1,0,21.1
2014,1,24,2,0,21.1
2014,1,24,3,0,21
2014,1,24,4,0,21
2014,1,24,5,33,21.4
2014,1,24,6,120,22.3
2014,1,24,7,244,23.2
2014,1,24,8,370,23.9
2014,1,24,9,493,24.2
2014,1,24,10,410,24.8
2014,1,24,11,523,25.5
2014,1,24,12,639,26.3
2014,1,24,13,576,26.5
2014,1,24,14,316,26.3
2014,1,24,15,252,25.6
2014,1,24,16,185,24.5
2014,1,24,17,82,23.4
2014,1,24,18,22,22.8
2014,1,24,19,0,22.5
2014,1,24,20,0,22.4
2014,1,24,21,0,22.3
2014,1,24,22,0,22.2
2014,1,24,23,0,22.1
2014,1,25,0,0,21.8
2014,1,25,1,0,21.3
2014,1,25,2,0,20.7
2014,1,25,3,0,20.2
2014,1,25,4,0,20
2014,1,25,5,33,20.5
2014,1,25,6,216,21.4
2014,1,25,7,441,22
2014,1,25,8,362,22.3
2014,1,25,9,845,22.3
2014,1,25,10,981,22.3
2014,1,25,11,1054,22.1
2014,1,25,12,1064,22
2014,1,25,13,1009,21.9
2014,1,25,14,497,21.6
2014,1,25,15,364,21.4
2014,1,25,16,139,21
2014,1,25,17,92,20.5
2014,1,25,18,20,20
2014,1,25,19,0,19.7
2014,1,25,20,0,19.6
2014,1,25,21,0,19.4
2014,1,25,22,0,19.3
2014,1,25,23,0,19.1
2014,1,26,0,0,18.9
2014,1,26,1,0,18.7
2014,1,26,2,0,18.4
2014,1,26,3,0,18.1
2014,1,26,4,0,18
2014,1,26,5,3,18.6
2014,1,26,6,14,19.5
2014,1,26,7,434,20.2
2014,1,26,8,649,20.8
2014,1,26,9,270,21.1
2014,1,26,10,373,21.6
2014,1,26,11,111,21.9
2014,1,26,12,247,22
2014,1,26,13,329,22
2014,1,26,14,872,21.9
2014,1,26,15,703,21.6
2014,1,26,16,495,21.3
2014,1,26,17,272,20.7
2014,1,26,18,70,20.1
2014,1,26,19,0,19.6
2014,1,26,20,0,19.5
2014,1,26,21,0,19.4
2014,1,26,22,0,19.3
2014,1,26,23,0,19.1
2014,1,27,0,0,19
2014,1,27,1,0,18.8
2014,1,27,2,0,18.7
2014,1,27,3,0,18.6
2014,1,27,4,0,18.7
2014,1,27,5,33,19.6
2014,1,27,6,224,21
2014,1,27,7,452,22.1
2014,1,27,8,667,23
2014,1,27,9,582,23.5
2014,1,27,10,987,24.5
2014,1,27,11,1062,24.9
2014,1,27,12,1069,25
2014,1,27,13,1011,24.9
2014,1,27,14,888,24.6
2014,1,27,15,713,24.1
2014,1,27,16,504,23.5
2014,1,27,17,275,22.7
2014,1,27,18,68,22
2014,1,27,19,0,21.6
2014,1,27,20,0,21.4
2014,1,27,21,0,21.2
2014,1,27,22,0,21
2014,1,27,23,0,20.8
2014,1,28,0,0,20.6
2014,1,28,1,0,20.3
2014,1,28,2,0,20
2014,1,28,3,0,19.7
2014,1,28,4,0,19.7
2014,1,28,5,31,20.4
2014,1,28,6,222,21.8
2014,1,28,7,451,23.2
2014,1,28,8,671,24.2
2014,1,28,9,857,24.6
2014,1,28,10,992,25.6
2014,1,28,11,1067,25.9
2014,1,28,12,1075,26.1
2014,1,28,13,1017,26.1
2014,1,28,14,897,25.9
2014,1,28,15,720,25.5
2014,1,28,16,506,24.8
2014,1,28,17,276,24
2014,1,28,18,68,23.1
2014,1,28,19,0,22.5
2014,1,28,20,0,22.3
2014,1,28,21,0,22
2014,1,28,22,0,21.8
2014,1,28,23,0,21.4
2014,1,29,0,0,21.1
2014,1,29,1,0,20.7
2014,1,29,2,0,20.4
2014,1,29,3,0,20.1
2014,1,29,4,0,20
2014,1,29,5,26,20.7
2014,1,29,6,209,22
2014,1,29,7,436,23.5
2014,1,29,8,655,25.1
2014,1,29,9,844,25.9
2014,1,29,10,982,27.6
2014,1,29,11,1062,28.2
2014,1,29,12,1074,28.4
2014,1,29,13,1016,28.3
2014,1,29,14,897,27.9
2014,1,29,15,721,27.3
2014,1,29,16,508,26.4
2014,1,29,17,276,25.2
2014,1,29,18,67,23.9
2014,1,29,19,0,23
2014,1,29,20,0,22.4
2014,1,29,21,0,22
2014,1,29,22,0,21.7
2014,1,29,23,0,21.3
2014,1,30,0,0,21
2014,1,30,1,0,20.8
2014,1,30,2,0,20.7
2014,1,30,3,0,20.7
2014,1,30,4,0,21
2014,1,30,5,25,22
2014,1,30,6,211,23.2
2014,1,30,7,440,24.1
2014,1,30,8,661,24.9
2014,1,30,9,851,25.3
2014,1,30,10,989,26.3
2014,1,30,11,1066,26.7
2014,1,30,12,1075,27
2014,1,30,13,1017,27
2014,1,30,14,892,26.7
2014,1,30,15,716,26.2
2014,1,30,16,500,25.4
2014,1,30,17,271,24.4
2014,1,30,18,64,23.4
2014,1,30,19,0,22.8
2014,1,30,20,0,22.4
2014,1,30,21,0,22.2
2014,1,30,22,0,21.8
2014,1,30,23,0,21.5
2014,1,31,0,0,21.1
2014,1,31,1,0,20.7
2014,1,31,2,0,20.4
2014,1,31,3,0,20.1
2014,1,31,4,0,20.1
2014,1,31,5,24,20.8
2014,1,31,6,207,22.1
2014,1,31,7,432,23.7
2014,1,31,8,650,25.2
2014,1,31,9,833,25.9
2014,1,31,10,969,27.7
2014,1,31,11,1042,28.5
2014,1,31,12,1049,28.9
2014,1,31,13,991,29
2014,1,31,14,869,28.7
2014,1,31,15,696,28.2
2014,1,31,16,488,27.3
2014,1,31,17,262,25.9
2014,1,31,18,60,24.4
2014,1,31,19,0,23.4
2014,1,31,20,0,22.9
2014,1,31,21,0,22.5
2014,1,31,22,0,22.2
2014,1,31,23,0,21.9
2014,2,1,0,0,21.8
2014,2,1,1,0,21.7
2014,2,1,2,0,21.7
2014,2,1,3,0,21.7
2014,2,1,4,0,21.8
2014,2,1,5,17,22.3
2014,2,1,6,184,23
2014,2,1,7,402,23.8
2014,2,1,8,617,24.5
2014,2,1,9,802,24.9
2014,2,1,10,942,25.7
2014,2,1,11,1018,25.9
2014,2,1,12,1028,25.9
2014,2,1,13,977,25.7
2014,2,1,14,859,25.4
2014,2,1,15,690,24.9
2014,2,1,16,482,24.2
2014,2,1,17,259,23.3
2014,2,1,18,58,22.4
2014,2,1,19,0,21.8
2014,2,1,20,0,21.5
2014,2,1,21,0,21.3
2014,2,1,22,0,21.1
2014,2,1,23,0,21
2014,2,2,0,0,21
2014,2,2,1,0,21
2014,2,2,2,0,21.1
2014,2,2,3,0,21.1
2014,2,2,4,0,21.3
2014,2,2,5,17,22
2014,2,2,6,186,23.1
2014,2,2,7,406,24
2014,2,2,8,622,24.9
2014,2,2,9,809,25.3
2014,2,2,10,953,26.1
2014,2,2,11,1032,26.4
2014,2,2,12,1041,26.4
2014,2,2,13,993,26.2
2014,2,2,14,873,25.8
2014,2,2,15,700,25.2
2014,2,2,16,489,24.5
2014,2,2,17,262,23.7
2014,2,2,18,58,23
2014,2,2,19,0,22.5
2014,2,2,20,0,22.2
2014,2,2,21,0,22
2014,2,2,22,0,21.7
2014,2,2,23,0,21.5
2014,2,3,0,0,21.3
2014,2,3,1,0,21.1
2014,2,3,2,0,21
2014,2,3,3,0,21
2014,2,3,4,0,21
2014,2,3,5,17,21.5
2014,2,3,6,191,22.5
2014,2,3,7,418,23.5
2014,2,3,8,642,24.4
2014,2,3,9,833,24.8
2014,2,3,10,979,26
2014,2,3,11,1057,26.6
2014,2,3,12,1066,26.9
2014,2,3,13,1005,26.9
2014,2,3,14,879,26.5
2014,2,3,15,698,25.9
2014,2,3,16,484,25
2014,2,3,17,254,23.9
2014,2,3,18,53,22.9
2014,2,3,19,0,22.4
2014,2,3,20,0,22.2
2014,2,3,21,0,22.1
2014,2,3,22,0,21.9
2014,2,3,23,0,21.7
2014,2,4,0,0,21.4
2014,2,4,1,0,21
2014,2,4,2,0,20.8
2014,2,4,3,0,20.8
2014,2,4,4,0,20.9
2014,2,4,5,12,21.6
2014,2,4,6,168,22.6
2014,2,4,7,188,23.4
2014,2,4,8,258,23.8
2014,2,4,9,65,24
2014,2,4,10,287,23.5
2014,2,4,11,224,22.9
2014,2,4,12,209,22.3
2014,2,4,13,183,21.9
2014,2,4,14,238,21.5
2014,2,4,15,227,21.1
2014,2,4,16,78,20.6
2014,2,4,17,67,20.2
2014,2,4,18,8,20
2014,2,4,19,0,19.9
2014,2,4,20,0,19.8
2014,2,4,21,0,19.7
2014,2,4,22,0,19.6
2014,2,4,23,0,19.4
2014,2,5,0,0,19.2
2014,2,5,1,0,19
2014,2,5,2,0,18.9
2014,2,5,3,0,18.8
2014,2,5,4,0,18.9
2014,2,5,5,6,19.2
2014,2,5,6,110,19.7
2014,2,5,7,273,20.1
2014,2,5,8,379,20.7
2014,2,5,9,394,21
2014,2,5,10,627,21.6
2014,2,5,11,659,21.8
2014,2,5,12,699,21.8
2014,2,5,13,664,21.7
2014,2,5,14,569,21.5
2014,2,5,15,318,21.2
2014,2,5,16,172,20.8
2014,2,5,17,96,20.3
2014,2,5,18,17,19.8
2014,2,5,19,0,19.6
2014,2,5,20,0,19.5
2014,2,5,21,0,19.5
2014,2,5,22,0,19.5
2014,2,5,23,0,19.5
2014,2,6,0,0,19.4
2014,2,6,1,0,19.4
2014,2,6,2,0,19.2
2014,2,6,3,0,19.2
2014,2,6,4,0,19.2
2014,2,6,5,2,19.4
2014,2,6,6,34,19.8
2014,2,6,7,90,20.2
2014,2,6,8,134,20.7
2014,2,6,9,265,21
2014,2,6,10,210,21.9
2014,2,6,11,1034,22.3
2014,2,6,12,180,22.6
2014,2,6,13,712,22.7
2014,2,6,14,868,22.5
2014,2,6,15,694,22.1
2014,2,6,16,482,21.5
2014,2,6,17,192,20.7
2014,2,6,18,52,20
2014,2,6,19,0,19.6
2014,2,6,20,0,19.4
2014,2,6,21,0,19.2
2014,2,6,22,0,19
2014,2,6,23,0,18.8
2014,2,7,0,0,18.7
2014,2,7,1,0,18.5
2014,2,7,2,0,18.4
2014,2,7,3,0,18.2
2014,2,7,4,0,18
2014,2,7,5,4,18.6
2014,2,7,6,186,19.8
2014,2,7,7,414,21.1
2014,2,7,8,635,22.3
2014,2,7,9,824,22.8
2014,2,7,10,966,24.4
2014,2,7,11,1043,25.1
2014,2,7,12,1052,25.5
2014,2,7,13,993,25.5
2014,2,7,14,868,25.2
2014,2,7,15,692,24.7
2014,2,7,16,479,24
2014,2,7,17,250,23
2014,2,7,18,48,22
2014,2,7,19,0,21.4
2014,2,7,20,0,21.1
2014,2,7,21,0,20.9
2014,2,7,22,0,20.7
2014,2,7,23,0,20.5
2014,2,8,0,0,20.3
2014,2,8,1,0,20
2014,2,8,2,0,19.7
2014,2,8,3,0,19.4
2014,2,8,4,0,19.2
2014,2,8,5,0,19.8
2014,2,8,6,175,21.4
2014,2,8,7,399,23.2
2014,2,8,8,617,24.6
2014,2,8,9,804,25.2
2014,2,8,10,939,26.5
2014,2,8,11,1016,27
2014,2,8,12,1026,27.2
2014,2,8,13,980,27
2014,2,8,14,860,26.6
2014,2,8,15,685,26.1
2014,2,8,16,473,25.3
2014,2,8,17,245,24.2
2014,2,8,18,46,23.1
2014,2,8,19,0,22.4
2014,2,8,20,0,22
2014,2,8,21,0,21.7
2014,2,8,22,0,21.5
2014,2,8,23,0,21.3
2014,2,9,0,0,21.1
2014,2,9,1,0,20.8
2014,2,9,2,0,20.5
2014,2,9,3,0,20.3
2014,2,9,4,0,20.3
2014,2,9,5,0,20.9
2014,2,9,6,178,22.3
2014,2,9,7,406,23.5
2014,2,9,8,630,24.7
2014,2,9,9,821,25.2
2014,2,9,10,964,26.7
2014,2,9,11,1042,27.4
2014,2,9,12,1052,27.7
2014,2,9,13,997,27.7
2014,2,9,14,873,27.3
2014,2,9,15,692,26.6
2014,2,9,16,471,25.5
2014,2,9,17,240,24.3
2014,2,9,18,42,23.2
2014,2,9,19,0,22.6
2014,2,9,20,0,22.3
2014,2,9,21,0,22
2014,2,9,22,0,21.8
2014,2,9,23,0,21.6
2014,2,10,0,0,21.3
2014,2,10,1,0,20.9
2014,2,10,2,0,20.5
2014,2,10,3,0,20.4
2014,2,10,4,0,20.7
2014,2,10,5,0,21.5
2014,2,10,6,157,22.6
2014,2,10,7,372,23.5
2014,2,10,8,586,24.2
2014,2,10,9,772,24.5
2014,2,10,10,921,25.1
2014,2,10,11,995,25.3
2014,2,10,12,1005,25.1
2014,2,10,13,953,24.8
2014,2,10,14,833,24.3
2014,2,10,15,659,23.7
2014,2,10,16,448,23
2014,2,10,17,224,22.2
2014,2,10,18,37,21.6
2014,2,10,19,0,21.2
2014,2,10,20,0,21
2014,2,10,21,0,20.7
2014,2,10,22,0,20.6
2014,2,10,23,0,20.5
2014,2,11,0,0,20.4
2014,2,11,1,0,20.3
2014,2,11,2,0,20.3
2014,2,11,3,0,20.3
2014,2,11,4,0,20.3
2014,2,11,5,0,20.7
2014,2,11,6,144,21.4
2014,2,11,7,354,22.1
2014,2,11,8,566,22.9
2014,2,11,9,749,23.3
2014,2,11,10,896,24.4
2014,2,11,11,971,24.8
2014,2,11,12,984,25
2014,2,11,13,942,24.8
2014,2,11,14,818,24.3
2014,2,11,15,642,23.6
2014,2,11,16,431,22.8
2014,2,11,17,212,22.1
2014,2,11,18,32,21.6
2014,2,11,19,0,21.5
2014,2,11,20,0,21.5
2014,2,11,21,0,21.5
2014,2,11,22,0,21.5
2014,2,11,23,0,21.5
2014,2,12,0,0,21.5
2014,2,12,1,0,21.5
2014,2,12,2,0,21.4
2014,2,12,3,0,21.4
2014,2,12,4,0,21.5
2014,2,12,5,0,22
2014,2,12,6,150,22.9
2014,2,12,7,365,23.7
2014,2,12,8,578,24.5
2014,2,12,9,763,24.9
2014,2,12,10,562,25.6
2014,2,12,11,975,25.7
2014,2,12,12,986,25.5
2014,2,12,13,925,25.3
2014,2,12,14,644,25
2014,2,12,15,633,24.5
2014,2,12,16,302,23.9
2014,2,12,17,128,23.2
2014,2,12,18,29,22.6
2014,2,12,19,0,22.3
2014,2,12,20,0,22.2
2014,2,12,21,0,22.1
2014,2,12,22,0,22
2014,2,12,23,0,21.9
2014,2,13,0,0,21.9
2014,2,13,1,0,21.8
2014,2,13,2,0,21.8
2014,2,13,3,0,21.7
2014,2,13,4,0,21.7
2014,2,13,5,0,22.1
2014,2,13,6,148,23
2014,2,13,7,363,24.1
2014,2,13,8,575,24.9
2014,2,13,9,757,25.2
2014,2,13,10,878,26.1
2014,2,13,11,801,26.2
2014,2,13,12,648,26.1
2014,2,13,13,743,25.9
2014,2,13,14,390,25.5
2014,2,13,15,386,24.9
2014,2,13,16,161,24.1
2014,2,13,17,129,23.5
2014,2,13,18,20,23.1
2014,2,13,19,0,22.9
2014,2,13,20,0,22.9
2014,2,13,21,0,22.7
2014,2,13,22,0,22.6
2014,2,13,23,0,22.5
2014,2,14,0,0,22.3
2014,2,14,1,0,22.1
2014,2,14,2,0,22
2014,2,14,3,0,21.9
2014,2,14,4,0,21.8
2014,2,14,5,0,21.7
2014,2,14,6,45,21.8
2014,2,14,7,122,21.9
2014,2,14,8,56,22.2
2014,2,14,9,250,22.4
2014,2,14,10,153,22.9
2014,2,14,11,210,23.5
2014,2,14,12,339,23.9
2014,2,14,13,384,24.1
2014,2,14,14,340,24
2014,2,14,15,385,23.4
2014,2,14,16,143,22.7
2014,2,14,17,103,22
2014,2,14,18,16,21.7
2014,2,14,19,0,21.6
2014,2,14,20,0,21.7
2014,2,14,21,0,21.7
2014,2,14,22,0,21.7
2014,2,14,23,0,21.6
2014,2,15,0,0,21.5
2014,2,15,1,0,21.5
2014,2,15,2,0,21.5
2014,2,15,3,0,21.5
2014,2,15,4,0,21.6
2014,2,15,5,0,21.7
2014,2,15,6,32,21.9
2014,2,15,7,136,22.2
2014,2,15,8,243,22.6
2014,2,15,9,347,22.9
2014,2,15,10,319,23.8
2014,2,15,11,362,24.3
2014,2,15,12,324,25
2014,2,15,13,406,25.8
2014,2,15,14,201,26.3
2014,2,15,15,328,26.1
2014,2,15,16,197,25.3
2014,2,15,17,84,24.2
2014,2,15,18,13,23.6
2014,2,15,19,0,23.5
2014,2,15,20,0,23.4
2014,2,15,21,0,23.3
2014,2,15,22,0,23.2
2014,2,15,23,0,23.2
2014,2,16,0,0,23.1
2014,2,16,1,0,23.1
2014,2,16,2,0,23.3
2014,2,16,3,0,23.4
2014,2,16,4,0,23.6
2014,2,16,5,0,23.9
2014,2,16,6,16,24.3
2014,2,16,7,39,24.2
2014,2,16,8,32,24.5
2014,2,16,9,188,24.8
2014,2,16,10,108,25.2
2014,2,16,11,116,24.8
2014,2,16,12,154,24.2
2014,2,16,13,179,23.5
2014,2,16,14,144,22.9
2014,2,16,15,107,22.5
2014,2,16,16,87,22.1
2014,2,16,17,37,21.5
2014,2,16,18,7,21.1
2014,2,16,19,0,20.9
2014,2,16,20,0,20.6
2014,2,16,21,0,20.4
2014,2,16,22,0,20.1
2014,2,16,23,0,20
2014,2,17,0,0,19.9
2014,2,17,1,0,19.8
2014,2,17,2,0,19.7
2014,2,17,3,0,19.7
2014,2,17,4,0,19.6
2014,2,17,5,0,19.8
2014,2,17,6,80,20.4
2014,2,17,7,350,21.1
2014,2,17,8,398,21.9
2014,2,17,9,756,22.3
2014,2,17,10,907,23
2014,2,17,11,988,23.1
2014,2,17,12,999,23.1
2014,2,17,13,932,23
2014,2,17,14,812,22.9
2014,2,17,15,639,22.6
2014,2,17,16,430,22.1
2014,2,17,17,208,21.5
2014,2,17,18,25,20.9
2014,2,17,19,0,20.5
2014,2,17,20,0,20.3
2014,2,17,21,0,20.2
2014,2,17,22,0,20.1
2014,2,17,23,0,20
2014,2,18,0,0,19.9
2014,2,18,1,0,19.9
2014,2,18,2,0,19.8
2014,2,18,3,0,19.9
2014,2,18,4,0,20
2014,2,18,5,0,20.5
2014,2,18,6,28,21.4
2014,2,18,7,83,22
2014,2,18,8,73,22.6
2014,2,18,9,72,22.9
2014,2,18,10,332,23.6
2014,2,18,11,948,23.9
2014,2,18,12,959,24.2
2014,2,18,13,919,24.3
2014,2,18,14,797,24.2
2014,2,18,15,625,23.8
2014,2,18,16,418,23.2
2014,2,18,17,198,22.4
2014,2,18,18,22,21.8
2014,2,18,19,0,21.5
2014,2,18,20,0,21.5
2014,2,18,21,0,21.5
2014,2,18,22,0,21.4
2014,2,18,23,0,21.4
2014,2,19,0,0,21.4
2014,2,19,1,0,21.4
2014,2,19,2,0,21.5
2014,2,19,3,0,21.6
2014,2,19,4,0,21.8
2014,2,19,5,0,22.4
2014,2,19,6,129,23.4
2014,2,19,7,273,24.6
2014,2,19,8,479,25.9
2014,2,19,9,510,26.6
2014,2,19,10,222,28
2014,2,19,11,403,28.4
2014,2,19,12,448,28.3
2014,2,19,13,120,27.5
2014,2,19,14,124,26.4
2014,2,19,15,123,25.6
2014,2,19,16,25,25.1
2014,2,19,17,11,24.5
2014,2,19,18,3,24
2014,2,19,19,0,23.9
2014,2,19,20,0,23.8
2014,2,19,21,0,23.7
2014,2,19,22,0,23.7
2014,2,19,23,0,23.5
2014,2,20,0,0,23.3
2014,2,20,1,0,23.1
2014,2,20,2,0,22.8
2014,2,20,3,0,22.3
2014,2,20,4,0,21.8
2014,2,20,5,0,21.5
2014,2,20,6,9,21.5
2014,2,20,7,372,21.9
2014,2,20,8,595,22.7
2014,2,20,9,788,23.2
2014,2,20,10,931,25
2014,2,20,11,1006,26.1
2014,2,20,12,1016,26.8
2014,2,20,13,958,26.9
2014,2,20,14,834,26.4
2014,2,20,15,656,25.6
2014,2,20,16,438,24.4
2014,2,20,17,207,22.7
2014,2,20,18,20,21.4
2014,2,20,19,0,20.9
2014,2,20,20,0,20.7
2014,2,20,21,0,20.8
2014,2,20,22,0,20.8
2014,2,20,23,0,20.6
2014,2,21,0,0,20.3
2014,2,21,1,0,19.7
2014,2,21,2,0,19.2
2014,2,21,3,0,18.6
2014,2,21,4,0,18.1
2014,2,21,5,0,18.3
2014,2,21,6,150,19.3
2014,2,21,7,380,20.8
2014,2,21,8,605,22.1
2014,2,21,9,798,22.6
2014,2,21,10,937,23.7
2014,2,21,11,1015,24.2
2014,2,21,12,1020,24.3
2014,2,21,13,957,24.1
2014,2,21,14,828,23.6
2014,2,21,15,646,22.9
2014,2,21,16,429,22.2
2014,2,21,17,199,21.4
2014,2,21,18,18,20.7
2014,2,21,19,0,20.4
2014,2,21,20,0,20.2
2014,2,21,21,0,20
2014,2,21,22,0,19.8
2014,2,21,23,0,19.6
2014,2,22,0,0,19.4
2014,2,22,1,0,19.3
2014,2,22,2,0,19.3
2014,2,22,3,0,19.3
2014,2,22,4,0,19.4
2014,2,22,5,0,19.9
2014,2,22,6,35,20.7
2014,2,22,7,110,21.3
2014,2,22,8,399,21.9
2014,2,22,9,744,22.2
2014,2,22,10,888,22.8
2014,2,22,11,964,23.1
2014,2,22,12,974,23.2
2014,2,22,13,920,23
2014,2,22,14,796,22.6
2014,2,22,15,623,22.1
2014,2,22,16,410,21.4
2014,2,22,17,187,20.6
2014,2,22,18,7,20
2014,2,22,19,0,19.8
2014,2,22,20,0,19.7
2014,2,22,21,0,19.7
2014,2,22,22,0,19.6
2014,2,22,23,0,19.4
2014,2,23,0,0,19.4
2014,2,23,1,0,19.4
2014,2,23,2,0,19.5
2014,2,23,3,0,19.6
2014,2,23,4,0,19.8
2014,2,23,5,0,20.3
2014,2,23,6,69,20.9
2014,2,23,7,348,21.5
2014,2,23,8,567,22
2014,2,23,9,757,22.1
2014,2,23,10,894,22.6
2014,2,23,11,973,22.9
2014,2,23,12,983,23.2
2014,2,23,13,924,23.2
2014,2,23,14,801,22.9
2014,2,23,15,423,22.5
2014,2,23,16,416,21.9
2014,2,23,17,104,21.1
2014,2,23,18,15,20.4
2014,2,23,19,0,20
2014,2,23,20,0,19.9
2014,2,23,21,0,19.8
2014,2,23,22,0,19.8
2014,2,23,23,0,19.9
2014,2,24,0,0,20
2014,2,24,1,0,20.1
2014,2,24,2,0,20
2014,2,24,3,0,20
2014,2,24,4,0,19.9
2014,2,24,5,0,20
2014,2,24,6,130,20.8
2014,2,24,7,352,21.9
2014,2,24,8,571,23
2014,2,24,9,760,23.6
2014,2,24,10,897,24.8
2014,2,24,11,974,25.2
2014,2,24,12,984,25.4
2014,2,24,13,927,25.4
2014,2,24,14,801,25
2014,2,24,15,624,24.5
2014,2,24,16,412,23.8
2014,2,24,17,187,22.9
2014,2,24,18,13,22.1
2014,2,24,19,0,21.7
2014,2,24,20,0,21.5
2014,2,24,21,0,21.3
2014,2,24,22,0,21.1
2014,2,24,23,0,20.9
2014,2,25,0,0,20.7
2014,2,25,1,0,20.4
2014,2,25,2,0,20.2
2014,2,25,3,0,20.1
2014,2,25,4,0,20
2014,2,25,5,0,20.5
2014,2,25,6,127,21.7
2014,2,25,7,347,22.9
2014,2,25,8,565,23.9
2014,2,25,9,754,24.3
2014,2,25,10,895,25.3
2014,2,25,11,971,25.7
2014,2,25,12,982,26
2014,2,25,13,923,26
2014,2,25,14,799,25.8
2014,2,25,15,621,25.3
2014,2,25,16,407,24.5
2014,2,25,17,182,23.6
2014,2,25,18,0,22.7
2014,2,25,19,0,22.3
2014,2,25,20,0,22.1
2014,2,25,21,0,21.9
2014,2,25,22,0,21.7
2014,2,25,23,0,21.5
2014,2,26,0,0,21.2
2014,2,26,1,0,20.9
2014,2,26,2,0,20.7
2014,2,26,3,0,20.4
2014,2,26,4,0,20.2
2014,2,26,5,0,20.5
2014,2,26,6,79,21.7
2014,2,26,7,234,23.4
2014,2,26,8,284,25.2
2014,2,26,9,731,26.1
2014,2,26,10,580,28.9
2014,2,26,11,553,29.9
2014,2,26,12,937,29.9
2014,2,26,13,683,29.1
2014,2,26,14,395,27.8
2014,2,26,15,218,26.6
2014,2,26,16,195,25.5
2014,2,26,17,76,24.2
2014,2,26,18,0,23.2
2014,2,26,19,0,22.8
2014,2,26,20,0,22.6
2014,2,26,21,0,22.5
2014,2,26,22,0,22.4
2014,2,26,23,0,22.3
2014,2,27,0,0,22.1
2014,2,27,1,0,22
2014,2,27,2,0,22
2014,2,27,3,0,21.8
2014,2,27,4,0,21.7
2014,2,27,5,0,21.7
2014,2,27,6,105,21.9
2014,2,27,7,309,22.1
2014,2,27,8,239,22.5
2014,2,27,9,116,22.7
2014,2,27,10,86,22.7
2014,2,27,11,186,22.5
2014,2,27,12,891,22.1
2014,2,27,13,846,21.9
2014,2,27,14,728,21.6
2014,2,27,15,140,21.2
2014,2,27,16,47,20.8
2014,2,27,17,18,20.3
2014,2,27,18,0,20
2014,2,27,19,0,19.9
2014,2,27,20,0,20
2014,2,27,21,0,19.9
2014,2,27,22,0,19.9
2014,2,27,23,0,19.8
2014,2,28,0,0,19.8
2014,2,28,1,0,19.8
2014,2,28,2,0,19.9
2014,2,28,3,0,20
2014,2,28,4,0,20
2014,2,28,5,0,20.2
2014,2,28,6,5,20.4
2014,2,28,7,12,20.6
2014,2,28,8,24,20.8
2014,2,28,9,97,20.9
2014,2,28,10,65,21.1
2014,2,28,11,95,21
2014,2,28,12,269,21
2014,2,28,13,169,21
2014,2,28,14,148,21
2014,2,28,15,125,21
2014,2,28,16,167,20.9
2014,2,28,17,63,20.8
2014,2,28,18,0,20.5
2014,2,28,19,0,20.4
2014,2,28,20,0,20.3
2014,2,28,21,0,20.2
2014,2,28,22,0,20.1
2014,2,28,23,0,20
2014,3,1,0,0,19.9
2014,3,1,1,0,19.8
2014,3,1,2,0,19.8
2014,3,1,3,0,19.8
2014,3,1,4,0,19.9
2014,3,1,5,0,20.3
2014,3,1,6,6,20.9
2014,3,1,7,12,21.4
2014,3,1,8,76,21.8
2014,3,1,9,118,22.1
2014,3,1,10,97,22.8
2014,3,1,11,392,23
2014,3,1,12,437,23
2014,3,1,13,410,22.8
2014,3,1,14,58,22.4
2014,3,1,15,268,21.8
2014,3,1,16,115,21.2
2014,3,1,17,14,20.7
2014,3,1,18,0,20.3
2014,3,1,19,0,20
2014,3,1,20,0,19.9
2014,3,1,21,0,19.8
2014,3,1,22,0,19.8
2014,3,1,23,0,19.9
2014,3,2,0,0,19.9
2014,3,2,1,0,19.8
2014,3,2,2,0,19.7
2014,3,2,3,0,19.5
2014,3,2,4,0,19.4
2014,3,2,5,0,19.5
2014,3,2,6,25,19.6
2014,3,2,7,85,19.8
2014,3,2,8,106,19.9
2014,3,2,9,144,19.9
2014,3,2,10,431,20.5
2014,3,2,11,546,21.1
2014,3,2,12,297,21.8
2014,3,2,13,367,22.3
2014,3,2,14,181,22.5
2014,3,2,15,355,22.6
2014,3,2,16,183,22.4
2014,3,2,17,65,21.8
2014,3,2,18,0,21.2
2014,3,2,19,0,21
2014,3,2,20,0,20.9
2014,3,2,21,0,21
2014,3,2,22,0,21.1
2014,3,2,23,0,21.1
2014,3,3,0,0,21.1
2014,3,3,1,0,21
2014,3,3,2,0,20.8
2014,3,3,3,0,20.7
2014,3,3,4,0,20.6
2014,3,3,5,0,20.8
2014,3,3,6,109,21.4
2014,3,3,7,324,22
2014,3,3,8,190,22.6
2014,3,3,9,725,22.9
2014,3,3,10,860,23.6
2014,3,3,11,680,23.9
2014,3,3,12,130,24
2014,3,3,13,177,23.8
2014,3,3,14,372,23.5
2014,3,3,15,235,23
2014,3,3,16,158,22.4
2014,3,3,17,55,21.8
2014,3,3,18,0,21.2
2014,3,3,19,0,21
2014,3,3,20,0,20.9
2014,3,3,21,0,20.9
2014,3,3,22,0,20.9
2014,3,3,23,0,20.9
2014,3,4,0,0,20.9
2014,3,4,1,0,20.8
2014,3,4,2,0,20.6
2014,3,4,3,0,20.5
2014,3,4,4,0,20.4
2014,3,4,5,0,20.7
2014,3,4,6,35,21.3
2014,3,4,7,325,21.9
2014,3,4,8,240,22.6
2014,3,4,9,174,22.9
2014,3,4,10,850,23.9
2014,3,4,11,282,24.3
2014,3,4,12,285,24.5
2014,3,4,13,393,24.4
2014,3,4,14,527,24.2
2014,3,4,15,579,23.9
2014,3,4,16,367,23.4
2014,3,4,17,149,22.5
2014,3,4,18,0,21.8
2014,3,4,19,0,21.4
2014,3,4,20,0,21.1
2014,3,4,21,0,20.9
2014,3,4,22,0,20.6
2014,3,4,23,0,20.3
2014,3,5,0,0,20
2014,3,5,1,0,19.7
2014,3,5,2,0,19.4
2014,3,5,3,0,19.3
2014,3,5,4,0,19.1
2014,3,5,5,0,19.5
2014,3,5,6,102,20.6
2014,3,5,7,314,22.1
2014,3,5,8,528,23.6
2014,3,5,9,712,24.3
2014,3,5,10,848,25.8
2014,3,5,11,919,26.5
2014,3,5,12,921,27
2014,3,5,13,717,27.2
2014,3,5,14,362,27.1
2014,3,5,15,25,26.6
2014,3,5,16,262,25.7
2014,3,5,17,98,24.7
2014,3,5,18,0,23.9
2014,3,5,19,0,23.3
2014,3,5,20,0,22.8
2014,3,5,21,0,22.4
2014,3,5,22,0,22.1
2014,3,5,23,0,21.8
2014,3,6,0,0,21.6
2014,3,6,1,0,21.3
2014,3,6,2,0,21.1
2014,3,6,3,0,21
2014,3,6,4,0,21
2014,3,6,5,0,21.5
2014,3,6,6,89,22.1
2014,3,6,7,287,22.6
2014,3,6,8,317,23
2014,3,6,9,668,23.3
2014,3,6,10,793,23.7
2014,3,6,11,866,23.9
2014,3,6,12,876,23.9
2014,3,6,13,626,23.8
2014,3,6,14,703,23.7
2014,3,6,15,422,23.5
2014,3,6,16,184,23.3
2014,3,6,17,65,22.9
2014,3,6,18,0,22.6
2014,3,6,19,0,22.5
2014,3,6,20,0,22.7
2014,3,6,21,0,22.7
2014,3,6,22,0,22.6
2014,3,6,23,0,22.3
2014,3,7,0,0,21.9
2014,3,7,1,0,21.7
2014,3,7,2,0,21.4
2014,3,7,3,0,21.2
2014,3,7,4,0,21
2014,3,7,5,0,21.1
2014,3,7,6,88,21.9
2014,3,7,7,290,23.1
2014,3,7,8,499,24.2
2014,3,7,9,679,24.7
2014,3,7,10,815,25.6
2014,3,7,11,888,25.8
2014,3,7,12,895,25.8
2014,3,7,13,628,25.6
2014,3,7,14,422,25.3
2014,3,7,15,26,24.9
2014,3,7,16,133,24.3
2014,3,7,17,46,23.7
2014,3,7,18,0,23.2
2014,3,7,19,0,22.9
2014,3,7,20,0,22.7
2014,3,7,21,0,22.4
2014,3,7,22,0,22.1
2014,3,7,23,0,21.9
2014,3,8,0,0,21.7
2014,3,8,1,0,21.5
2014,3,8,2,0,21.4
2014,3,8,3,0,21.3
2014,3,8,4,0,21.2
2014,3,8,5,0,21.5
2014,3,8,6,12,22.3
2014,3,8,7,43,23.1
2014,3,8,8,518,23.9
2014,3,8,9,502,24.3
2014,3,8,10,831,25.1
2014,3,8,11,905,25.5
2014,3,8,12,912,25.7
2014,3,8,13,857,25.7
2014,3,8,14,734,25.4
2014,3,8,15,557,25
2014,3,8,16,348,24.3
2014,3,8,17,132,23.4
2014,3,8,18,0,22.6
2014,3,8,19,0,22.2
2014,3,8,20,0,22
2014,3,8,21,0,21.8
2014,3,8,22,0,21.7
2014,3,8,23,0,21.7
2014,3,9,0,0,21.7
2014,3,9,1,0,21.7
2014,3,9,2,0,21.7
2014,3,9,3,0,21.6
2014,3,9,4,0,21.4
2014,3,9,5,0,21.5
2014,3,9,6,71,22.1
2014,3,9,7,302,23
2014,3,9,8,515,23.7
2014,3,9,9,698,24.1
2014,3,9,10,835,24.9
2014,3,9,11,773,25.3
2014,3,9,12,913,25.5
2014,3,9,13,853,25.4
2014,3,9,14,729,25.2
2014,3,9,15,552,24.8
2014,3,9,16,344,24.3
2014,3,9,17,128,23.5
2014,3,9,18,0,22.9
2014,3,9,19,0,22.7
2014,3,9,20,0,22.5
2014,3,9,21,0,22.3
2014,3,9,22,0,22.1
2014,3,9,23,0,21.9
2014,3,10,0,0,21.7
2014,3,10,1,0,21.6
2014,3,10,2,0,21.5
2014,3,10,3,0,21.4
2014,3,10,4,0,21.2
2014,3,10,5,0,21.4
2014,3,10,6,91,22.3
2014,3,10,7,301,23.4
2014,3,10,8,513,24.3
2014,3,10,9,695,24.7
2014,3,10,10,828,25.7
2014,3,10,11,901,26
2014,3,10,12,906,26.2
2014,3,10,13,846,26.1
2014,3,10,14,722,25.9
2014,3,10,15,546,25.5
2014,3,10,16,337,24.9
2014,3,10,17,124,24
2014,3,10,18,0,23.3
2014,3,10,19,0,23
2014,3,10,20,0,22.7
2014,3,10,21,0,22.4
2014,3,10,22,0,22.1
2014,3,10,23,0,21.8
2014,3,11,0,0,21.5
2014,3,11,1,0,21.3
2014,3,11,2,0,21.1
2014,3,11,3,0,21
2014,3,11,4,0,20.9
2014,3,11,5,0,21.1
2014,3,11,6,87,22
2014,3,11,7,297,23.1
2014,3,11,8,512,24
2014,3,11,9,696,24.5
2014,3,11,10,837,25.5
2014,3,11,11,912,26
2014,3,11,12,920,26.1
2014,3,11,13,859,26
2014,3,11,14,735,25.8
2014,3,11,15,558,25.4
2014,3,11,16,346,24.7
2014,3,11,17,127,23.7
2014,3,11,18,0,22.7
2014,3,11,19,0,22.2
2014,3,11,20,0,21.8
2014,3,11,21,0,21.4
2014,3,11,22,0,21
2014,3,11,23,0,20.7
2014,3,12,0,0,20.3
2014,3,12,1,0,20.1
2014,3,12,2,0,19.9
2014,3,12,3,0,19.7
2014,3,12,4,0,19.6
2014,3,12,5,0,19.7
2014,3,12,6,66,20.7
2014,3,12,7,229,22.2
2014,3,12,8,212,24
2014,3,12,9,323,24.9
2014,3,12,10,251,26.8
2014,3,12,11,452,27.2
2014,3,12,12,180,26.9
2014,3,12,13,698,26.5
2014,3,12,14,425,25.9
2014,3,12,15,327,25.2
2014,3,12,16,154,24.6
2014,3,12,17,49,23.9
2014,3,12,18,0,23.3
2014,3,12,19,0,23
2014,3,12,20,0,22.8
2014,3,12,21,0,22.6
2014,3,12,22,0,22.4
2014,3,12,23,0,22.2
2014,3,13,0,0,21.9
2014,3,13,1,0,21.5
2014,3,13,2,0,21.2
2014,3,13,3,0,21.1
2014,3,13,4,0,20.9
2014,3,13,5,0,21
2014,3,13,6,45,21.2
2014,3,13,7,170,21.5
2014,3,13,8,343,22
2014,3,13,9,247,22.3
2014,3,13,10,553,23.3
2014,3,13,11,647,23.8
2014,3,13,12,860,24
2014,3,13,13,805,24
2014,3,13,14,680,23.9
2014,3,13,15,508,23.7
2014,3,13,16,303,23.4
2014,3,13,17,100,22.8
2014,3,13,18,0,22.3
2014,3,13,19,0,22.1
2014,3,13,20,0,21.9
2014,3,13,21,0,21.6
2014,3,13,22,0,21.4
2014,3,13,23,0,21.1
2014,3,14,0,0,20.9
2014,3,14,1,0,20.7
2014,3,14,2,0,20.6
2014,3,14,3,0,20.4
2014,3,14,4,0,20.3
2014,3,14,5,0,20.5
2014,3,14,6,79,21.5
2014,3,14,7,284,22.7
2014,3,14,8,179,23.8
2014,3,14,9,321,24.3
2014,3,14,10,808,25.4
2014,3,14,11,878,25.9
2014,3,14,12,881,26
2014,3,14,13,821,25.9
2014,3,14,14,693,25.6
2014,3,14,15,517,25
2014,3,14,16,238,24.2
2014,3,14,17,76,23.4
2014,3,14,18,0,22.8
2014,3,14,19,0,22.5
2014,3,14,20,0,22.3
2014,3,14,21,0,22.1
2014,3,14,22,0,21.9
2014,3,14,23,0,21.6
2014,3,15,0,0,21.3
2014,3,15,1,0,21.1
2014,3,15,2,0,20.8
2014,3,15,3,0,20.5
2014,3,15,4,0,20.3
2014,3,15,5,0,20.4
2014,3,15,6,44,21.1
2014,3,15,7,170,22.1
2014,3,15,8,487,23.3
2014,3,15,9,593,23.9
2014,3,15,10,514,25.6
2014,3,15,11,261,26.5
2014,3,15,12,781,27
2014,3,15,13,684,27.1
2014,3,15,14,571,26.9
2014,3,15,15,96,26.2
2014,3,15,16,12,25.3
2014,3,15,17,6,24.4
2014,3,15,18,0,23.6
2014,3,15,19,0,22.9
2014,3,15,20,0,22.3
2014,3,15,21,0,22
2014,3,15,22,0,21.8
2014,3,15,23,0,21.6
2014,3,16,0,0,21.5
2014,3,16,1,0,21.4
2014,3,16,2,0,21.4
2014,3,16,3,0,21.3
2014,3,16,4,0,21.2
2014,3,16,5,0,21.4
2014,3,16,6,20,22.2
2014,3,16,7,272,23.4
2014,3,16,8,481,24.8
2014,3,16,9,659,25.5
2014,3,16,10,292,26.5
2014,3,16,11,137,26.4
2014,3,16,12,138,25.3
2014,3,16,13,327,24.2
2014,3,16,14,484,23.7
2014,3,16,15,353,23.7
2014,3,16,16,229,23.7
2014,3,16,17,70,22.9
2014,3,16,18,0,21.9
2014,3,16,19,0,21.1
2014,3,16,20,0,20.3
2014,3,16,21,0,19.7
2014,3,16,22,0,19.2
2014,3,16,23,0,18.8
2014,3,17,0,0,18.4
2014,3,17,1,0,18
2014,3,17,2,0,17.8
2014,3,17,3,0,17.6
2014,3,17,4,0,17.5
2014,3,17,5,0,17.6
2014,3,17,6,82,18.4
2014,3,17,7,301,19.6
2014,3,17,8,521,20.8
2014,3,17,9,709,21.3
2014,3,17,10,847,22.7
2014,3,17,11,920,23.6
2014,3,17,12,921,24.5
2014,3,17,13,856,25.1
2014,3,17,14,724,25.4
2014,3,17,15,541,25.3
2014,3,17,16,322,24.6
2014,3,17,17,102,23.2
2014,3,17,18,0,22
2014,3,17,19,0,21.3
2014,3,17,20,0,20.8
2014,3,17,21,0,20.4
2014,3,17,22,0,20
2014,3,17,23,0,19.6
2014,3,18,0,0,19.2
2014,3,18,1,0,18.9
2014,3,18,2,0,18.5
2014,3,18,3,0,18.1
2014,3,18,4,0,17.7
2014,3,18,5,0,17.6
2014,3,18,6,71,18.3
2014,3,18,7,278,20
2014,3,18,8,491,22.4
2014,3,18,9,675,23.8
2014,3,18,10,728,26.3
2014,3,18,11,884,27
2014,3,18,12,885,27.3
2014,3,18,13,665,27.4
2014,3,18,14,549,27.3
2014,3,18,15,342,26.9
2014,3,18,16,223,26
2014,3,18,17,65,24.8
2014,3,18,18,0,23.7
2014,3,18,19,0,23.1
2014,3,18,20,0,22.6
2014,3,18,21,0,22.2
2014,3,18,22,0,21.9
2014,3,18,23,0,21.6
2014,3,19,0,0,21.3
2014,3,19,1,0,21.1
2014,3,19,2,0,20.9
2014,3,19,3,0,20.6
2014,3,19,4,0,20.3
2014,3,19,5,0,20.4
2014,3,19,6,67,21.1
2014,3,19,7,266,22.2
2014,3,19,8,473,23.4
2014,3,19,9,651,23.9
2014,3,19,10,785,25.1
2014,3,19,11,852,25.2
2014,3,19,12,850,25.1
2014,3,19,13,778,24.7
2014,3,19,14,582,24.2
2014,3,19,15,438,23.8
2014,3,19,16,273,23.3
2014,3,19,17,70,22.7
2014,3,19,18,0,22.4
2014,3,19,19,0,22.4
2014,3,19,20,0,22.4
2014,3,19,21,0,22.3
2014,3,19,22,0,22.3
2014,3,19,23,0,22.2
2014,3,20,0,0,22.2
2014,3,20,1,0,22
2014,3,20,2,0,21.9
2014,3,20,3,0,21.8
2014,3,20,4,0,21.8
2014,3,20,5,0,21.9
2014,3,20,6,67,22.6
2014,3,20,7,269,23.5
2014,3,20,8,479,24.2
2014,3,20,9,658,24.6
2014,3,20,10,789,25.4
2014,3,20,11,857,25.7
2014,3,20,12,859,25.7
2014,3,20,13,796,25.5
2014,3,20,14,669,25.2
2014,3,20,15,493,24.6
2014,3,20,16,224,23.9
2014,3,20,17,15,23
2014,3,20,18,0,22.5
2014,3,20,19,0,22.3
2014,3,20,20,0,22.2
2014,3,20,21,0,22.1
2014,3,20,22,0,22
2014,3,20,23,0,22
2014,3,21,0,0,21.9
2014,3,21,1,0,21.8
2014,3,21,2,0,21.7
2014,3,21,3,0,21.6
2014,3,21,4,0,21.5
2014,3,21,5,0,21.5
2014,3,21,6,31,21.7
2014,3,21,7,131,22.2
2014,3,21,8,337,22.8
2014,3,21,9,384,23.1
2014,3,21,10,310,23.9
2014,3,21,11,640,24.5
2014,3,21,12,847,24.9
2014,3,21,13,792,25.2
2014,3,21,14,668,25.1
2014,3,21,15,493,24.6
2014,3,21,16,284,23.8
2014,3,21,17,78,22.8
2014,3,21,18,0,22.1
2014,3,21,19,0,21.8
2014,3,21,20,0,21.5
2014,3,21,21,0,21.3
2014,3,21,22,0,21.1
2014,3,21,23,0,20.8
2014,3,22,0,0,20.6
2014,3,22,1,0,20.4
2014,3,22,2,0,20.2
2014,3,22,3,0,20.2
2014,3,22,4,0,20.1
2014,3,22,5,0,20.1
2014,3,22,6,58,20.7
2014,3,22,7,253,22.1
2014,3,22,8,460,23.7
2014,3,22,9,639,24.5
2014,3,22,10,776,26
2014,3,22,11,846,26.6
2014,3,22,12,847,26.9
2014,3,22,13,781,26.8
2014,3,22,14,235,26.6
2014,3,22,15,429,26
2014,3,22,16,82,25.1
2014,3,22,17,22,24
2014,3,22,18,0,23.3
2014,3,22,19,0,22.9
2014,3,22,20,0,22.5
2014,3,22,21,0,22.2
2014,3,22,22,0,21.9
2014,3,22,23,0,21.6
2014,3,23,0,0,21.3
2014,3,23,1,0,21
2014,3,23,2,0,20.8
2014,3,23,3,0,20.7
2014,3,23,4,0,20.6
2014,3,23,5,0,20.8
2014,3,23,6,54,21.3
2014,3,23,7,245,22
2014,3,23,8,449,22.9
2014,3,23,9,627,23.6
2014,3,23,10,762,25.1
2014,3,23,11,831,25.8
2014,3,23,12,727,26.4
2014,3,23,13,635,26.6
2014,3,23,14,490,26.6
2014,3,23,15,178,26.1
2014,3,23,16,197,25.3
2014,3,23,17,49,24.2
2014,3,23,18,0,23.3
2014,3,23,19,0,22.9
2014,3,23,20,0,22.8
2014,3,23,21,0,22.7
2014,3,23,22,0,22.4
2014,3,23,23,0,22
2014,3,24,0,0,21.5
2014,3,24,1,0,21.1
2014,3,24,2,0,20.7
2014,3,24,3,0,20.5
2014,3,24,4,0,20.5
2014,3,24,5,0,20.6
2014,3,24,6,5,20.8
2014,3,24,7,14,21.1
2014,3,24,8,48,21.4
2014,3,24,9,58,21.6
2014,3,24,10,197,21.8
2014,3,24,11,204,21.8
2014,3,24,12,56,21.7
2014,3,24,13,51,21.5
2014,3,24,14,112,21.2
2014,3,24,15,106,21
2014,3,24,16,171,20.7
2014,3,24,17,40,20.5
2014,3,24,18,0,20.3
2014,3,24,19,0,20.2
2014,3,24,20,0,20.2
2014,3,24,21,0,20.2
2014,3,24,22,0,20.2
2014,3,24,23,0,20.1
2014,3,25,0,0,20.1
2014,3,25,1,0,20
2014,3,25,2,0,20
2014,3,25,3,0,20
2014,3,25,4,0,20.1
2014,3,25,5,0,20.3
2014,3,25,6,50,20.8
2014,3,25,7,237,21.3
2014,3,25,8,439,21.8
2014,3,25,9,618,22.1
2014,3,25,10,753,23.3
2014,3,25,11,696,23.9
2014,3,25,12,551,24.1
2014,3,25,13,382,24
2014,3,25,14,286,23.5
2014,3,25,15,173,23
2014,3,25,16,164,22.5
2014,3,25,17,37,22.1
2014,3,25,18,0,21.8
2014,3,25,19,0,21.7
2014,3,25,20,0,21.6
2014,3,25,21,0,21.5
2014,3,25,22,0,21.5
2014,3,25,23,0,21.4
2014,3,26,0,0,21.4
2014,3,26,1,0,21.3
2014,3,26,2,0,21.3
2014,3,26,3,0,21.3
2014,3,26,4,0,21.3
2014,3,26,5,0,21.3
2014,3,26,6,4,21.5
2014,3,26,7,9,21.7
2014,3,26,8,23,21.9
2014,3,26,9,96,22
2014,3,26,10,285,22
2014,3,26,11,260,22
2014,3,26,12,413,22.2
2014,3,26,13,471,22.4
2014,3,26,14,342,22.5
2014,3,26,15,220,22.6
2014,3,26,16,108,22.6
2014,3,26,17,25,22.6
2014,3,26,18,0,22.5
2014,3,26,19,0,22.5
2014,3,26,20,0,22.3
2014,3,26,21,0,22.1
2014,3,26,22,0,21.9
2014,3,26,23,0,21.7
2014,3,27,0,0,21.6
2014,3,27,1,0,21.5
2014,3,27,2,0,21.5
2014,3,27,3,0,21.6
2014,3,27,4,0,21.6
2014,3,27,5,0,21.6
2014,3,27,6,4,21.7
2014,3,27,7,9,21.8
2014,3,27,8,17,22
2014,3,27,9,54,22.1
2014,3,27,10,42,22.3
2014,3,27,11,106,22.2
2014,3,27,12,199,22.1
2014,3,27,13,183,22
2014,3,27,14,183,21.9
2014,3,27,15,258,21.9
2014,3,27,16,85,21.7
2014,3,27,17,19,21.4
2014,3,27,18,0,21.1
2014,3,27,19,0,21
2014,3,27,20,0,20.8
2014,3,27,21,0,20.7
2014,3,27,22,0,20.6
2014,3,27,23,0,20.6
2014,3,28,0,0,20.5
2014,3,28,1,0,20.6
2014,3,28,2,0,20.6
2014,3,28,3,0,20.7
2014,3,28,4,0,20.6
2014,3,28,5,0,20.7
2014,3,28,6,4,20.8
2014,3,28,7,9,21
2014,3,28,8,33,21.3
2014,3,28,9,114,21.4
2014,3,28,10,431,21.9
2014,3,28,11,379,22.3
2014,3,28,12,355,22.9
2014,3,28,13,470,23.3
2014,3,28,14,198,23.3
2014,3,28,15,112,23
2014,3,28,16,188,22.4
2014,3,28,17,38,21.7
2014,3,28,18,0,21.3
2014,3,28,19,0,21.2
2014,3,28,20,0,21.2
2014,3,28,21,0,21.2
2014,3,28,22,0,21.1
2014,3,28,23,0,21
2014,3,29,0,0,20.8
2014,3,29,1,0,20.6
2014,3,29,2,0,20.4
2014,3,29,3,0,20.4
2014,3,29,4,0,20.6
2014,3,29,5,0,20.8
2014,3,29,6,22,21
2014,3,29,7,132,21.2
2014,3,29,8,279,21.6
2014,3,29,9,598,22
2014,3,29,10,725,23
2014,3,29,11,791,23.5
2014,3,29,12,640,23.7
2014,3,29,13,539,23.6
2014,3,29,14,504,23.3
2014,3,29,15,238,22.8
2014,3,29,16,131,22.1
2014,3,29,17,25,21.7
2014,3,29,18,0,21.4
2014,3,29,19,0,21.3
2014,3,29,20,0,21.1
2014,3,29,21,0,21
2014,3,29,22,0,20.8
2014,3,29,23,0,20.7
2014,3,30,0,0,20.6
2014,3,30,1,0,20.5
2014,3,30,2,0,20.5
2014,3,30,3,0,20.5
2014,3,30,4,0,20.5
2014,3,30,5,0,20.7
2014,3,30,6,42,21.4
2014,3,30,7,227,22.1
2014,3,30,8,429,22.6
2014,3,30,9,604,22.9
2014,3,30,10,727,23.6
2014,3,30,11,791,23.9
2014,3,30,12,791,24
2014,3,30,13,732,23.9
2014,3,30,14,602,23.6
2014,3,30,15,426,23.1
2014,3,30,16,223,22.5
2014,3,30,17,24,21.9
2014,3,30,18,0,21.5
2014,3,30,19,0,21.2
2014,3,30,20,0,21
2014,3,30,21,0,20.9
2014,3,30,22,0,20.8
2014,3,30,23,0,20.6
2014,3,31,0,0,20.3
2014,3,31,1,0,20.1
2014,3,31,2,0,19.9
2014,3,31,3,0,19.8
2014,3,31,4,0,19.8
2014,3,31,5,0,19.9
2014,3,31,6,38,20.4
2014,3,31,7,221,21
2014,3,31,8,425,21.4
2014,3,31,9,602,21.5
2014,3,31,10,326,22.4
2014,3,31,11,308,22.7
2014,3,31,12,800,22.9
2014,3,31,13,733,23
2014,3,31,14,604,23
2014,3,31,15,430,22.7
2014,3,31,16,226,22.3
2014,3,31,17,39,21.7
2014,3,31,18,0,21.3
2014,3,31,19,0,21.1
2014,3,31,20,0,20.9
2014,3,31,21,0,20.7
2014,3,31,22,0,20.5
2014,3,31,23,0,20.3
2014,4,1,0,0,20.1
2014,4,1,1,0,19.9
2014,4,1,2,0,19.7
2014,4,1,3,0,19.5
2014,4,1,4,0,19.3
2014,4,1,5,0,19.2
2014,4,1,6,42,19.7
2014,4,1,7,230,20.7
2014,4,1,8,395,21.9
2014,4,1,9,485,22.4
2014,4,1,10,475,23.6
2014,4,1,11,602,24.2
2014,4,1,12,618,24.3
2014,4,1,13,473,24.2
2014,4,1,14,398,24
2014,4,1,15,282,23.6
2014,4,1,16,152,23
2014,4,1,17,24,22.3
2014,4,1,18,0,21.7
2014,4,1,19,0,21.4
2014,4,1,20,0,21
2014,4,1,21,0,20.7
2014,4,1,22,0,20.4
2014,4,1,23,0,20.2
2014,4,2,0,0,20.1
2014,4,2,1,0,20
2014,4,2,2,0,20
2014,4,2,3,0,19.9
2014,4,2,4,0,19.9
2014,4,2,5,0,19.9
2014,4,2,6,38,20.3
2014,4,2,7,224,21.3
2014,4,2,8,425,22.4
2014,4,2,9,599,22.9
2014,4,2,10,729,24.1
2014,4,2,11,795,24.6
2014,4,2,12,794,25
2014,4,2,13,732,25.1
2014,4,2,14,604,25
2014,4,2,15,427,24.5
2014,4,2,16,222,23.6
2014,4,2,17,35,22.6
2014,4,2,18,0,22
2014,4,2,19,0,21.7
2014,4,2,20,0,21.5
2014,4,2,21,0,21.3
2014,4,2,22,0,21.1
2014,4,2,23,0,20.9
2014,4,3,0,0,20.8
2014,4,3,1,0,20.7
2014,4,3,2,0,20.6
2014,4,3,3,0,20.6
2014,4,3,4,0,20.6
2014,4,3,5,0,20.7
2014,4,3,6,35,21.2
2014,4,3,7,212,22.2
2014,4,3,8,407,23.3
2014,4,3,9,577,23.8
2014,4,3,10,709,24.9
2014,4,3,11,772,25.5
2014,4,3,12,622,25.9
2014,4,3,13,558,25.9
2014,4,3,14,464,25.4
2014,4,3,15,309,24.6
2014,4,3,16,151,23.9
2014,4,3,17,21,23.2
2014,4,3,18,0,22.8
2014,4,3,19,0,22.6
2014,4,3,20,0,22.5
2014,4,3,21,0,22.5
2014,4,3,22,0,22.5
2014,4,3,23,0,22.4
2014,4,4,0,0,22.3
2014,4,4,1,0,21.9
2014,4,4,2,0,21.5
2014,4,4,3,0,21.2
2014,4,4,4,0,20.9
2014,4,4,5,0,20.7
2014,4,4,6,13,20.5
2014,4,4,7,68,20.7
2014,4,4,8,103,21
2014,4,4,9,123,21.1
2014,4,4,10,244,21.2
2014,4,4,11,243,21.2
2014,4,4,12,198,21.1
2014,4,4,13,91,21
2014,4,4,14,30,20.9
2014,4,4,15,93,20.7
2014,4,4,16,42,20.5
2014,4,4,17,8,20.2
2014,4,4,18,0,20.1
2014,4,4,19,0,20
2014,4,4,20,0,19.9
2014,4,4,21,0,19.7
2014,4,4,22,0,19.4
2014,4,4,23,0,19.2
2014,4,5,0,0,19
2014,4,5,1,0,18.9
2014,4,5,2,0,18.9
2014,4,5,3,0,18.9
2014,4,5,4,0,19
2014,4,5,5,0,19.2
2014,4,5,6,7,19.7
2014,4,5,7,47,20.4
2014,4,5,8,398,21
2014,4,5,9,229,21.4
2014,4,5,10,693,22.3
2014,4,5,11,207,22.7
2014,4,5,12,749,22.8
2014,4,5,13,675,22.6
2014,4,5,14,544,22.3
2014,4,5,15,371,21.9
2014,4,5,16,186,21.4
2014,4,5,17,5,21
2014,4,5,18,0,20.8
2014,4,5,19,0,20.7
2014,4,5,20,0,20.5
2014,4,5,21,0,20.4
2014,4,5,22,0,20.2
2014,4,5,23,0,20.1
2014,4,6,0,0,19.8
2014,4,6,1,0,19.6
2014,4,6,2,0,19.4
2014,4,6,3,0,19.2
2014,4,6,4,0,19.1
2014,4,6,5,0,19.2
2014,4,6,6,8,19.5
2014,4,6,7,202,20.2
2014,4,6,8,324,20.9
2014,4,6,9,204,21.3
2014,4,6,10,374,21.8
2014,4,6,11,251,22
2014,4,6,12,114,22
2014,4,6,13,160,21.8
2014,4,6,14,208,21.6
2014,4,6,15,148,21.1
2014,4,6,16,63,20.5
2014,4,6,17,7,20
2014,4,6,18,0,19.8
2014,4,6,19,0,19.8
2014,4,6,20,0,19.7
2014,4,6,21,0,19.7
2014,4,6,22,0,19.6
2014,4,6,23,0,19.5
2014,4,7,0,0,19.3
2014,4,7,1,0,19.2
2014,4,7,2,0,19.1
2014,4,7,3,0,18.9
2014,4,7,4,0,18.9
2014,4,7,5,0,18.9
2014,4,7,6,3,19.4
2014,4,7,7,14,20.1
2014,4,7,8,186,20.7
2014,4,7,9,412,21
2014,4,7,10,504,21.5
2014,4,7,11,312,21.6
2014,4,7,12,373,21.6
2014,4,7,13,529,21.5
2014,4,7,14,270,21.3
2014,4,7,15,244,21.1
2014,4,7,16,106,20.7
2014,4,7,17,9,20.4
2014,4,7,18,0,20.1
2014,4,7,19,0,20
2014,4,7,20,0,19.9
2014,4,7,21,0,20
2014,4,7,22,0,20.1
2014,4,7,23,0,20.1
2014,4,8,0,0,20
2014,4,8,1,0,19.9
2014,4,8,2,0,19.8
2014,4,8,3,0,19.8
2014,4,8,4,0,19.9
2014,4,8,5,0,20
2014,4,8,6,3,20.3
2014,4,8,7,8,20.8
2014,4,8,8,217,21.2
2014,4,8,9,366,21.4
2014,4,8,10,433,21.8
2014,4,8,11,63,22.1
2014,4,8,12,154,22.3
2014,4,8,13,312,22.3
2014,4,8,14,381,22.3
2014,4,8,15,330,22
2014,4,8,16,181,21.4
2014,4,8,17,17,20.6
2014,4,8,18,0,20.1
2014,4,8,19,0,20
2014,4,8,20,0,19.8
2014,4,8,21,0,19.6
2014,4,8,22,0,19.4
2014,4,8,23,0,19.2
2014,4,9,0,0,19
2014,4,9,1,0,18.8
2014,4,9,2,0,18.6
2014,4,9,3,0,18.4
2014,4,9,4,0,18.3
2014,4,9,5,0,18.3
2014,4,9,6,25,18.9
2014,4,9,7,193,19.7
2014,4,9,8,383,20.4
2014,4,9,9,548,20.6
2014,4,9,10,270,21.1
2014,4,9,11,401,21.4
2014,4,9,12,426,21.7
2014,4,9,13,425,21.9
2014,4,9,14,317,22
2014,4,9,15,301,21.7
2014,4,9,16,140,21.3
2014,4,9,17,10,20.9
2014,4,9,18,0,20.8
2014,4,9,19,0,20.8
2014,4,9,20,0,20.7
2014,4,9,21,0,20.5
2014,4,9,22,0,20.3
2014,4,9,23,0,20.1
2014,4,10,0,0,20
2014,4,10,1,0,19.9
2014,4,10,2,0,19.8
2014,4,10,3,0,19.7
2014,4,10,4,0,19.5
2014,4,10,5,0,19.4
2014,4,10,6,3,19.5
2014,4,10,7,8,19.9
2014,4,10,8,136,20.5
2014,4,10,9,24,20.7
2014,4,10,10,82,21.4
2014,4,10,11,114,21.6
2014,4,10,12,168,21.6
2014,4,10,13,297,21.3
2014,4,10,14,290,21
2014,4,10,15,166,20.7
2014,4,10,16,70,20.4
2014,4,10,17,6,20.2
2014,4,10,18,0,20.1
2014,4,10,19,0,20.1
2014,4,10,20,0,20.2
2014,4,10,21,0,20.2
2014,4,10,22,0,20.2
2014,4,10,23,0,20.1
2014,4,11,0,0,20
2014,4,11,1,0,19.9
2014,4,11,2,0,19.8
2014,4,11,3,0,19.8
2014,4,11,4,0,19.7
2014,4,11,5,0,19.6
2014,4,11,6,24,19.7
2014,4,11,7,139,20.1
2014,4,11,8,294,20.9
2014,4,11,9,556,21.4
2014,4,11,10,459,23.4
2014,4,11,11,254,24.3
2014,4,11,12,135,24.8
2014,4,11,13,340,24.9
2014,4,11,14,146,24.8
2014,4,11,15,45,24.4
2014,4,11,16,18,23.6
2014,4,11,17,1,22.7
2014,4,11,18,0,22.1
2014,4,11,19,0,21.6
2014,4,11,20,0,21.1
2014,4,11,21,0,20.8
2014,4,11,22,0,20.3
2014,4,11,23,0,19.7
2014,4,12,0,0,19.3
2014,4,12,1,0,19.3
2014,4,12,2,0,19.4
2014,4,12,3,0,19.4
2014,4,12,4,0,19.3
2014,4,12,5,0,19.3
2014,4,12,6,2,19.5
2014,4,12,7,13,20
2014,4,12,8,29,20.6
2014,4,12,9,185,20.9
2014,4,12,10,411,21.5
2014,4,12,11,195,21.6
2014,4,12,12,148,21.6
2014,4,12,13,188,21.6
2014,4,12,14,293,21.4
2014,4,12,15,27,21.1
2014,4,12,16,11,20.7
2014,4,12,17,0,20.3
2014,4,12,18,0,20.1
2014,4,12,19,0,19.9
2014,4,12,20,0,19.7
2014,4,12,21,0,19.4
2014,4,12,22,0,19.2
2014,4,12,23,0,18.9
2014,4,13,0,0,18.7
2014,4,13,1,0,18.6
2014,4,13,2,0,18.6
2014,4,13,3,0,18.6
2014,4,13,4,0,18.7
2014,4,13,5,0,18.8
2014,4,13,6,2,19.2
2014,4,13,7,13,19.7
2014,4,13,8,29,20.2
2014,4,13,9,266,20.5
2014,4,13,10,200,21.2
2014,4,13,11,286,21.4
2014,4,13,12,406,21.3
2014,4,13,13,168,21.2
2014,4,13,14,335,21.1
2014,4,13,15,228,20.8
2014,4,13,16,92,20.4
2014,4,13,17,0,19.9
2014,4,13,18,0,19.7
2014,4,13,19,0,19.6
2014,4,13,20,0,19.5
2014,4,13,21,0,19.4
2014,4,13,22,0,19.1
2014,4,13,23,0,18.8
2014,4,14,0,0,18.3
2014,4,14,1,0,17.9
2014,4,14,2,0,17.7
2014,4,14,3,0,17.7
2014,4,14,4,0,17.6
2014,4,14,5,0,17.5
2014,4,14,6,8,17.7
2014,4,14,7,84,18.4
2014,4,14,8,195,19.2
2014,4,14,9,306,19.6
2014,4,14,10,540,20.6
2014,4,14,11,169,20.9
2014,4,14,12,243,20.9
2014,4,14,13,434,20.7
2014,4,14,14,384,20.4
2014,4,14,15,240,20.1
2014,4,14,16,97,19.6
2014,4,14,17,0,19.2
2014,4,14,18,0,18.8
2014,4,14,19,0,18.6
2014,4,14,20,0,18.4
2014,4,14,21,0,18.2
2014,4,14,22,0,18
2014,4,14,23,0,17.8
2014,4,15,0,0,17.7
2014,4,15,1,0,17.5
2014,4,15,2,0,17.4
2014,4,15,3,0,17.3
2014,4,15,4,0,17.2
2014,4,15,5,0,17.2
2014,4,15,6,20,17.6
2014,4,15,7,188,18.3
2014,4,15,8,255,18.9
2014,4,15,9,417,19.2
2014,4,15,10,421,19.8
2014,4,15,11,445,20
2014,4,15,12,431,19.9
2014,4,15,13,365,19.7
2014,4,15,14,175,19.6
2014,4,15,15,152,19.5
2014,4,15,16,60,19.5
2014,4,15,17,0,19.4
2014,4,15,18,0,19.3
2014,4,15,19,0,19
2014,4,15,20,0,18.8
2014,4,15,21,0,18.6
2014,4,15,22,0,18.3
2014,4,15,23,0,18.2
2014,4,16,0,0,18.2
2014,4,16,1,0,18.3
2014,4,16,2,0,18.3
2014,4,16,3,0,18.2
2014,4,16,4,0,18.2
2014,4,16,5,0,18.2
2014,4,16,6,9,18.4
2014,4,16,7,124,18.8
2014,4,16,8,274,19.3
2014,4,16,9,228,19.5
2014,4,16,10,659,20.2
2014,4,16,11,536,20.6
2014,4,16,12,719,20.7
2014,4,16,13,650,20.8
2014,4,16,14,523,20.8
2014,4,16,15,353,20.5
2014,4,16,16,157,20
2014,4,16,17,0,19.4
2014,4,16,18,0,19.1
2014,4,16,19,0,19
2014,4,16,20,0,18.8
2014,4,16,21,0,18.6
2014,4,16,22,0,18.3
2014,4,16,23,0,18
2014,4,17,0,0,17.8
2014,4,17,1,0,17.6
2014,4,17,2,0,17.4
2014,4,17,3,0,17.3
2014,4,17,4,0,17.1
2014,4,17,5,0,17
2014,4,17,6,18,17.5
2014,4,17,7,186,18.4
2014,4,17,8,380,19.4
2014,4,17,9,371,19.9
2014,4,17,10,471,20.7
2014,4,17,11,464,21.1
2014,4,17,12,722,21.3
2014,4,17,13,655,21.3
2014,4,17,14,526,21.2
2014,4,17,15,351,20.9
2014,4,17,16,153,20.3
2014,4,17,17,0,19.6
2014,4,17,18,0,19.3
2014,4,17,19,0,19.2
2014,4,17,20,0,19
2014,4,17,21,0,18.7
2014,4,17,22,0,18.4
2014,4,17,23,0,18
2014,4,18,0,0,17.6
2014,4,18,1,0,17.3
2014,4,18,2,0,17.1
2014,4,18,3,0,16.8
2014,4,18,4,0,16.5
2014,4,18,5,0,16.2
2014,4,18,6,17,16.3
2014,4,18,7,185,17.1
2014,4,18,8,382,18.5
2014,4,18,9,551,19.3
2014,4,18,10,674,21
2014,4,18,11,731,21.8
2014,4,18,12,724,22.4
2014,4,18,13,652,22.9
2014,4,18,14,520,23.2
2014,4,18,15,344,23.1
2014,4,18,16,146,22.4
2014,4,18,17,0,21.4
2014,4,18,18,0,20.6
2014,4,18,19,0,19.9
2014,4,18,20,0,19.4
2014,4,18,21,0,19
2014,4,18,22,0,18.6
2014,4,18,23,0,18.2
2014,4,19,0,0,18
2014,4,19,1,0,17.9
2014,4,19,2,0,17.8
2014,4,19,3,0,17.6
2014,4,19,4,0,17.4
2014,4,19,5,0,17.2
2014,4,19,6,14,17.4
2014,4,19,7,179,18
2014,4,19,8,376,18.6
2014,4,19,9,546,18.8
2014,4,19,10,667,19.2
2014,4,19,11,726,19.5
2014,4,19,12,719,19.6
2014,4,19,13,644,19.6
2014,4,19,14,512,19.5
2014,4,19,15,338,19.1
2014,4,19,16,145,18.4
2014,4,19,17,0,17.8
2014,4,19,18,0,17.6
2014,4,19,19,0,17.4
2014,4,19,20,0,17.3
2014,4,19,21,0,17.2
2014,4,19,22,0,17.1
2014,4,19,23,0,17
2014,4,20,0,0,16.8
2014,4,20,1,0,16.6
2014,4,20,2,0,16.5
2014,4,20,3,0,16.4
2014,4,20,4,0,16.4
2014,4,20,5,0,16.3
2014,4,20,6,14,16.6
2014,4,20,7,122,17.5
2014,4,20,8,366,18.4
2014,4,20,9,531,18.9
2014,4,20,10,654,20.1
2014,4,20,11,710,20.7
2014,4,20,12,699,21.2
2014,4,20,13,635,21.5
2014,4,20,14,504,21.6
2014,4,20,15,331,21.4
2014,4,20,16,138,20.8
2014,4,20,17,0,20
2014,4,20,18,0,19.7
2014,4,20,19,0,19.6
2014,4,20,20,0,19.3
2014,4,20,21,0,18.9
2014,4,20,22,0,18.3
2014,4,20,23,0,17.7
2014,4,21,0,0,17.1
2014,4,21,1,0,16.5
2014,4,21,2,0,16.1
2014,4,21,3,0,15.8
2014,4,21,4,0,15.5
2014,4,21,5,0,15.3
2014,4,21,6,13,15.6
2014,4,21,7,174,16.5
2014,4,21,8,366,17.6
2014,4,21,9,531,18.2
2014,4,21,10,653,19.9
2014,4,21,11,708,20.7
2014,4,21,12,700,21.1
2014,4,21,13,628,21.4
2014,4,21,14,497,21.4
2014,4,21,15,323,21.2
2014,4,21,16,105,20.6
2014,4,21,17,0,20
2014,4,21,18,0,19.8
2014,4,21,19,0,19.8
2014,4,21,20,0,19.8
2014,4,21,21,0,19.5
2014,4,21,22,0,19
2014,4,21,23,0,18.2
2014,4,22,0,0,17.5
2014,4,22,1,0,17
2014,4,22,2,0,16.5
2014,4,22,3,0,16.2
2014,4,22,4,0,15.9
2014,4,22,5,0,15.7
2014,4,22,6,4,16
2014,4,22,7,119,17
2014,4,22,8,303,18
2014,4,22,9,415,18.5
2014,4,22,10,526,20.3
2014,4,22,11,535,21.1
2014,4,22,12,702,21.8
2014,4,22,13,507,22.3
2014,4,22,14,410,22.6
2014,4,22,15,223,22.5
2014,4,22,16,77,22
2014,4,22,17,0,21.3
2014,4,22,18,0,20.6
2014,4,22,19,0,19.9
2014,4,22,20,0,19.2
2014,4,22,21,0,18.5
2014,4,22,22,0,17.8
2014,4,22,23,0,17.1
2014,4,23,0,0,16.4
2014,4,23,1,0,15.9
2014,4,23,2,0,15.4
2014,4,23,3,0,15
2014,4,23,4,0,14.7
2014,4,23,5,0,14.5
2014,4,23,6,0,14.8
2014,4,23,7,78,15.6
2014,4,23,8,268,16.9
2014,4,23,9,407,17.7
2014,4,23,10,548,20.6
2014,4,23,11,452,22
2014,4,23,12,428,22.8
2014,4,23,13,616,23.1
2014,4,23,14,488,23.2
2014,4,23,15,315,23.1
2014,4,23,16,125,22.3
2014,4,23,17,0,21.2
2014,4,23,18,0,20.5
2014,4,23,19,0,20.1
2014,4,23,20,0,19.6
2014,4,23,21,0,19.2
2014,4,23,22,0,18.7
2014,4,23,23,0,18.2
2014,4,24,0,0,17.6
2014,4,24,1,0,17.1
2014,4,24,2,0,16.6
2014,4,24,3,0,16.3
2014,4,24,4,0,16
2014,4,24,5,0,15.8
2014,4,24,6,0,16.1
2014,4,24,7,88,17.2
2014,4,24,8,215,18.8
2014,4,24,9,403,19.7
2014,4,24,10,532,22.9
2014,4,24,11,581,24.5
2014,4,24,12,533,25.3
2014,4,24,13,488,25.7
2014,4,24,14,405,25.9
2014,4,24,15,314,25.6
2014,4,24,16,123,24.5
2014,4,24,17,0,23.3
2014,4,24,18,0,22.2
2014,4,24,19,0,21.4
2014,4,24,20,0,21
2014,4,24,21,0,20.7
2014,4,24,22,0,20.5
2014,4,24,23,0,20.2
2014,4,25,0,0,19.8
2014,4,25,1,0,19.5
2014,4,25,2,0,19.4
2014,4,25,3,0,19.3
2014,4,25,4,0,19.3
2014,4,25,5,0,19.3
2014,4,25,6,0,19.5
2014,4,25,7,7,19.9
2014,4,25,8,14,20.1
2014,4,25,9,37,20.3
2014,4,25,10,55,20.6
2014,4,25,11,185,20.8
2014,4,25,12,51,20.8
2014,4,25,13,580,20.8
2014,4,25,14,454,20.8
2014,4,25,15,289,20.7
2014,4,25,16,108,20.3
2014,4,25,17,0,20
2014,4,25,18,0,19.8
2014,4,25,19,0,19.7
2014,4,25,20,0,19.5
2014,4,25,21,0,19.3
2014,4,25,22,0,19.1
2014,4,25,23,0,19
2014,4,26,0,0,18.8
2014,4,26,1,0,18.8
2014,4,26,2,0,18.6
2014,4,26,3,0,18.4
2014,4,26,4,0,18.3
2014,4,26,5,0,18.2
2014,4,26,6,0,18.2
2014,4,26,7,14,18.5
2014,4,26,8,30,19.1
2014,4,26,9,93,19.5
2014,4,26,10,122,20.6
2014,4,26,11,229,21.2
2014,4,26,12,271,21.9
2014,4,26,13,299,22.7
2014,4,26,14,313,23.3
2014,4,26,15,161,23.2
2014,4,26,16,56,22.5
2014,4,26,17,0,21.6
2014,4,26,18,0,21.1
2014,4,26,19,0,20.6
2014,4,26,20,0,20.1
2014,4,26,21,0,19.6
2014,4,26,22,0,19.1
2014,4,26,23,0,18.8
2014,4,27,0,0,18.6
2014,4,27,1,0,18.4
2014,4,27,2,0,18.3
2014,4,27,3,0,18.3
2014,4,27,4,0,18.4
2014,4,27,5,0,18.6
2014,4,27,6,0,18.9
2014,4,27,7,10,19.2
2014,4,27,8,24,19.4
2014,4,27,9,72,19.4
2014,4,27,10,50,19.5
2014,4,27,11,62,19.5
2014,4,27,12,89,19.4
2014,4,27,13,106,19.4
2014,4,27,14,176,19.2
2014,4,27,15,74,19
2014,4,27,16,24,18.6
2014,4,27,17,0,18.4
2014,4,27,18,0,18.4
2014,4,27,19,0,18.5
2014,4,27,20,0,18.5
2014,4,27,21,0,18.5
2014,4,27,22,0,18.5
2014,4,27,23,0,18.5
2014,4,28,0,0,18.4
2014,4,28,1,0,18.3
2014,4,28,2,0,18.2
2014,4,28,3,0,18.1
2014,4,28,4,0,18.1
2014,4,28,5,0,18.1
2014,4,28,6,0,18.4
2014,4,28,7,40,18.8
2014,4,28,8,103,19.3
2014,4,28,9,313,19.4
2014,4,28,10,440,20
2014,4,28,11,241,20.3
2014,4,28,12,153,20.5
2014,4,28,13,248,20.6
2014,4,28,14,227,20.6
2014,4,28,15,283,20.5
2014,4,28,16,104,20
2014,4,28,17,0,19.4
2014,4,28,18,0,19.1
2014,4,28,19,0,18.9
2014,4,28,20,0,18.7
2014,4,28,21,0,18.4
2014,4,28,22,0,18.2
2014,4,28,23,0,17.8
2014,4,29,0,0,17.5
2014,4,29,1,0,17.3
2014,4,29,2,0,17
2014,4,29,3,0,16.7
2014,4,29,4,0,16.5
2014,4,29,5,0,16.3
2014,4,29,6,0,16.6
2014,4,29,7,151,17.7
2014,4,29,8,335,19.2
2014,4,29,9,494,20
2014,4,29,10,609,22
2014,4,29,11,664,23
2014,4,29,12,491,23.8
2014,4,29,13,463,24.2
2014,4,29,14,338,24.2
2014,4,29,15,209,23.7
2014,4,29,16,71,22.8
2014,4,29,17,0,22
2014,4,29,18,0,21.7
2014,4,29,19,0,21.5
2014,4,29,20,0,21.3
2014,4,29,21,0,21.1
2014,4,29,22,0,20.9
2014,4,29,23,0,20.6
2014,4,30,0,0,20.4
2014,4,30,1,0,20.3
2014,4,30,2,0,20
2014,4,30,3,0,19.7
2014,4,30,4,0,19.5
2014,4,30,5,0,19.2
2014,4,30,6,0,19.2
2014,4,30,7,98,19.7
2014,4,30,8,237,20.4
2014,4,30,9,25,20.7
2014,4,30,10,439,21.3
2014,4,30,11,516,21.7
2014,4,30,12,668,21.8
2014,4,30,13,598,21.8
2014,4,30,14,469,21.7
2014,4,30,15,296,21.2
2014,4,30,16,105,20.4
2014,4,30,17,0,19.7
2014,4,30,18,0,19.2
2014,4,30,19,0,18.7
2014,4,30,20,0,18.1
2014,4,30,21,0,17.6
2014,4,30,22,0,17.1
2014,4,30,23,0,16.6
2014,5,1,0,0,16.3
2014,5,1,1,0,16
2014,5,1,2,0,15.7
2014,5,1,3,0,15.4
2014,5,1,4,0,15.1
2014,5,1,5,0,14.9
2014,5,1,6,0,15.1
2014,5,1,7,150,15.9
2014,5,1,8,338,16.8
2014,5,1,9,500,17.3
2014,5,1,10,612,18.2
2014,5,1,11,667,18.7
2014,5,1,12,658,19.1
2014,5,1,13,592,19.3
2014,5,1,14,461,19.4
2014,5,1,15,289,19.2
2014,5,1,16,101,18.6
2014,5,1,17,0,17.9
2014,5,1,18,0,17.7
2014,5,1,19,0,17.6
2014,5,1,20,0,17.6
2014,5,1,21,0,17.5
2014,5,1,22,0,17.4
2014,5,1,23,0,17.3
2014,5,2,0,0,17.1
2014,5,2,1,0,16.9
2014,5,2,2,0,16.6
2014,5,2,3,0,16.2
2014,5,2,4,0,15.7
2014,5,2,5,0,15.2
2014,5,2,6,0,15.2
2014,5,2,7,143,16
2014,5,2,8,329,17.1
2014,5,2,9,490,17.8
2014,5,2,10,605,19.2
2014,5,2,11,659,19.8
2014,5,2,12,650,20.1
2014,5,2,13,439,20.2
2014,5,2,14,451,20.3
2014,5,2,15,139,20
2014,5,2,16,40,19.3
2014,5,2,17,0,18.6
2014,5,2,18,0,18
2014,5,2,19,0,17.3
2014,5,2,20,0,16.6
2014,5,2,21,0,16
2014,5,2,22,0,15.5
2014,5,2,23,0,15.1
2014,5,3,0,0,14.9
2014,5,3,1,0,14.9
2014,5,3,2,0,14.9
2014,5,3,3,0,14.8
2014,5,3,4,0,14.5
2014,5,3,5,0,13.9
2014,5,3,6,0,13.2
2014,5,3,7,6,12.6
2014,5,3,8,13,12.4
2014,5,3,9,265,12.5
2014,5,3,10,193,13.7
2014,5,3,11,477,14.5
2014,5,3,12,481,15.2
2014,5,3,13,373,15.6
2014,5,3,14,253,15.7
2014,5,3,15,138,15.5
2014,5,3,16,43,15
2014,5,3,17,0,14.3
2014,5,3,18,0,13.8
2014,5,3,19,0,13.6
2014,5,3,20,0,13.7
2014,5,3,21,0,13.7
2014,5,3,22,0,13.6
2014,5,3,23,0,13.4
2014,5,4,0,0,13.1
2014,5,4,1,0,13
2014,5,4,2,0,13.1
2014,5,4,3,0,13.4
2014,5,4,4,0,13.9
2014,5,4,5,0,14.4
2014,5,4,6,0,14.9
2014,5,4,7,103,15.3
2014,5,4,8,251,15.8
2014,5,4,9,368,16.1
2014,5,4,10,597,17.5
2014,5,4,11,656,18.3
2014,5,4,12,654,18.8
2014,5,4,13,585,18.8
2014,5,4,14,456,18.3
2014,5,4,15,284,17.3
2014,5,4,16,96,16
2014,5,4,17,0,15
2014,5,4,18,0,14.4
2014,5,4,19,0,13.9
2014,5,4,20,0,13.6
2014,5,4,21,0,13.3
2014,5,4,22,0,13
2014,5,4,23,0,12.8
2014,5,5,0,0,12.5
2014,5,5,1,0,12.4
2014,5,5,2,0,12.2
2014,5,5,3,0,12.1
2014,5,5,4,0,12.1
2014,5,5,5,0,12
2014,5,5,6,0,12.3
2014,5,5,7,143,13.3
2014,5,5,8,332,14.5
2014,5,5,9,495,15.1
2014,5,5,10,607,16.7
2014,5,5,11,662,17.4
2014,5,5,12,653,18
2014,5,5,13,578,18.4
2014,5,5,14,449,18.5
2014,5,5,15,277,18.4
2014,5,5,16,92,17.9
2014,5,5,17,0,17.3
2014,5,5,18,0,16.5
2014,5,5,19,0,15.6
2014,5,5,20,0,14.8
2014,5,5,21,0,14.3
2014,5,5,22,0,14
2014,5,5,23,0,13.8
2014,5,6,0,0,13.7
2014,5,6,1,0,13.7
2014,5,6,2,0,13.8
2014,5,6,3,0,13.9
2014,5,6,4,0,14.1
2014,5,6,5,0,14.3
2014,5,6,6,0,14.8
2014,5,6,7,81,15.7
2014,5,6,8,206,16.9
2014,5,6,9,462,17.5
2014,5,6,10,577,18.8
2014,5,6,11,630,19.2
2014,5,6,12,621,19.5
2014,5,6,13,555,19.6
2014,5,6,14,430,19.7
2014,5,6,15,264,19.5
2014,5,6,16,84,18.8
2014,5,6,17,0,18.2
2014,5,6,18,0,18
2014,5,6,19,0,17.7
2014,5,6,20,0,17.4
2014,5,6,21,0,17.1
2014,5,6,22,0,17
2014,5,6,23,0,16.7
2014,5,7,0,0,16.4
2014,5,7,1,0,16.4
2014,5,7,2,0,16.3
2014,5,7,3,0,16
2014,5,7,4,0,15.6
2014,5,7,5,0,15.2
2014,5,7,6,0,15.3
2014,5,7,7,127,16
2014,5,7,8,307,16.8
2014,5,7,9,466,17.2
2014,5,7,10,418,18.1
2014,5,7,11,635,18.5
2014,5,7,12,625,18.9
2014,5,7,13,555,19
2014,5,7,14,427,19
2014,5,7,15,258,18.7
2014,5,7,16,16,18
2014,5,7,17,0,17.5
2014,5,7,18,0,17.3
2014,5,7,19,0,17.1
2014,5,7,20,0,17
2014,5,7,21,0,17
2014,5,7,22,0,17
2014,5,7,23,0,17
2014,5,8,0,0,17.1
2014,5,8,1,0,17
2014,5,8,2,0,16.8
2014,5,8,3,0,16.5
2014,5,8,4,0,16.5
2014,5,8,5,0,16.4
2014,5,8,6,0,16.7
2014,5,8,7,26,17.5
2014,5,8,8,72,18.2
2014,5,8,9,465,18.6
2014,5,8,10,572,19.1
2014,5,8,11,624,19.2
2014,5,8,12,179,19.3
2014,5,8,13,552,19.3
2014,5,8,14,107,19.1
2014,5,8,15,255,18.8
2014,5,8,16,77,18.3
2014,5,8,17,0,17.9
2014,5,8,18,0,17.7
2014,5,8,19,0,17.7
2014,5,8,20,0,17.6
2014,5,8,21,0,17.5
2014,5,8,22,0,17.4
2014,5,8,23,0,17.4
2014,5,9,0,0,17.3
2014,5,9,1,0,17
2014,5,9,2,0,16.7
2014,5,9,3,0,16.4
2014,5,9,4,0,16.1
2014,5,9,5,0,15.9
2014,5,9,6,0,15.9
2014,5,9,7,41,16.4
2014,5,9,8,118,17.1
2014,5,9,9,167,17.4
2014,5,9,10,411,18.3
2014,5,9,11,621,18.7
2014,5,9,12,612,19
2014,5,9,13,542,19.3
2014,5,9,14,293,19.3
2014,5,9,15,104,19
2014,5,9,16,30,18.3
2014,5,9,17,0,17.8
2014,5,9,18,0,17.8
2014,5,9,19,0,17.9
2014,5,9,20,0,17.8
2014,5,9,21,0,17.6
2014,5,9,22,0,17.3
2014,5,9,23,0,16.9
2014,5,10,0,0,16.5
2014,5,10,1,0,16.1
2014,5,10,2,0,15.7
2014,5,10,3,0,15.4
2014,5,10,4,0,15
2014,5,10,5,0,14.8
2014,5,10,6,0,14.9
2014,5,10,7,120,15.8
2014,5,10,8,234,17
2014,5,10,9,450,17.6
2014,5,10,10,557,19.5
2014,5,10,11,607,20.5
2014,5,10,12,595,21.3
2014,5,10,13,323,21.7
2014,5,10,14,228,21.7
2014,5,10,15,136,21.3
2014,5,10,16,38,20.7
2014,5,10,17,0,20.1
2014,5,10,18,0,19.6
2014,5,10,19,0,19.2
2014,5,10,20,0,18.6
2014,5,10,21,0,18
2014,5,10,22,0,17.4
2014,5,10,23,0,16.9
2014,5,11,0,0,16.6
2014,5,11,1,0,16.5
2014,5,11,2,0,16.4
2014,5,11,3,0,16.3
2014,5,11,4,0,16.3
2014,5,11,5,0,16.3
2014,5,11,6,0,16.5
2014,5,11,7,115,17.2
2014,5,11,8,292,18.2
2014,5,11,9,448,18.8
2014,5,11,10,561,20
2014,5,11,11,615,20.5
2014,5,11,12,87,20.6
2014,5,11,13,536,20.5
2014,5,11,14,410,20.2
2014,5,11,15,244,19.8
2014,5,11,16,70,19.1
2014,5,11,17,0,18.7
2014,5,11,18,0,18.5
2014,5,11,19,0,18.4
2014,5,11,20,0,18.3
2014,5,11,21,0,18.2
2014,5,11,22,0,18.1
2014,5,11,23,0,18
2014,5,12,0,0,17.8
2014,5,12,1,0,17.7
2014,5,12,2,0,17.5
2014,5,12,3,0,17.4
2014,5,12,4,0,17.3
2014,5,12,5,0,17.3
2014,5,12,6,0,17.6
2014,5,12,7,58,18.7
2014,5,12,8,167,19.7
2014,5,12,9,444,20.1
2014,5,12,10,546,20.5
2014,5,12,11,599,20.6
2014,5,12,12,589,20.6
2014,5,12,13,519,20.5
2014,5,12,14,398,20.2
2014,5,12,15,238,19.8
2014,5,12,16,69,19.1
2014,5,12,17,0,18.5
2014,5,12,18,0,18.3
2014,5,12,19,0,18.2
2014,5,12,20,0,18.1
2014,5,12,21,0,18.1
2014,5,12,22,0,18
2014,5,12,23,0,18
2014,5,13,0,0,17.8
2014,5,13,1,0,17.5
2014,5,13,2,0,17.2
2014,5,13,3,0,17
2014,5,13,4,0,16.9
2014,5,13,5,0,16.8
2014,5,13,6,0,17
2014,5,13,7,116,17.6
2014,5,13,8,293,18.2
2014,5,13,9,447,18.4
2014,5,13,10,549,19.4
2014,5,13,11,602,20.1
2014,5,13,12,593,20.5
2014,5,13,13,529,20.8
2014,5,13,14,405,20.8
2014,5,13,15,241,20.4
2014,5,13,16,67,19.7
2014,5,13,17,0,19
2014,5,13,18,0,18.6
2014,5,13,19,0,18.4
2014,5,13,20,0,18.2
2014,5,13,21,0,17.9
2014,5,13,22,0,17.7
2014,5,13,23,0,17.4
2014,5,14,0,0,17
2014,5,14,1,0,16.7
2014,5,14,2,0,16.3
2014,5,14,3,0,16
2014,5,14,4,0,15.7
2014,5,14,5,0,15.4
2014,5,14,6,0,15.4
2014,5,14,7,111,16.2
2014,5,14,8,285,17.4
2014,5,14,9,438,18.1
2014,5,14,10,546,19.8
2014,5,14,11,600,20.5
2014,5,14,12,593,21
2014,5,14,13,523,21.3
2014,5,14,14,400,21.3
2014,5,14,15,238,20.8
2014,5,14,16,66,19.9
2014,5,14,17,0,19.1
2014,5,14,18,0,18.6
2014,5,14,19,0,18.3
2014,5,14,20,0,18.1
2014,5,14,21,0,17.7
2014,5,14,22,0,17.3
2014,5,14,23,0,16.9
2014,5,15,0,0,16.4
2014,5,15,1,0,15.9
2014,5,15,2,0,15.4
2014,5,15,3,0,15
2014,5,15,4,0,14.7
2014,5,15,5,0,14.4
2014,5,15,6,0,14.4
2014,5,15,7,113,15.1
2014,5,15,8,290,16.4
2014,5,15,9,447,17
2014,5,15,10,556,19.4
2014,5,15,11,609,20.4
2014,5,15,12,600,21.1
2014,5,15,13,533,21.5
2014,5,15,14,408,21.6
2014,5,15,15,240,21.2
2014,5,15,16,65,20.2
2014,5,15,17,0,19.4
2014,5,15,18,0,18.9
2014,5,15,19,0,18.6
2014,5,15,20,0,18.3
2014,5,15,21,0,17.9
2014,5,15,22,0,17.5
2014,5,15,23,0,17.1
2014,5,16,0,0,16.7
2014,5,16,1,0,16.2
2014,5,16,2,0,15.7
2014,5,16,3,0,15.3
2014,5,16,4,0,14.9
2014,5,16,5,0,14.5
2014,5,16,6,0,14.4
2014,5,16,7,111,15
2014,5,16,8,290,16.1
2014,5,16,9,446,16.7
2014,5,16,10,559,20
2014,5,16,11,612,21.5
2014,5,16,12,603,22.1
2014,5,16,13,533,22.4
2014,5,16,14,408,22.5
2014,5,16,15,241,22
2014,5,16,16,65,20.9
2014,5,16,17,0,19.9
2014,5,16,18,0,19.2
2014,5,16,19,0,18.8
2014,5,16,20,0,18.4
2014,5,16,21,0,17.9
2014,5,16,22,0,17.5
2014,5,16,23,0,17.1
2014,5,17,0,0,16.7
2014,5,17,1,0,16.2
2014,5,17,2,0,15.8
2014,5,17,3,0,15.5
2014,5,17,4,0,15.1
2014,5,17,5,0,14.7
2014,5,17,6,0,14.6
2014,5,17,7,107,15.1
2014,5,17,8,148,16.4
2014,5,17,9,436,17.2
2014,5,17,10,542,19.7
2014,5,17,11,597,21.2
2014,5,17,12,587,22.4
2014,5,17,13,520,23
2014,5,17,14,395,23.2
2014,5,17,15,230,22.6
2014,5,17,16,59,21.4
2014,5,17,17,0,20.3
2014,5,17,18,0,19.6
2014,5,17,19,0,19
2014,5,17,20,0,18.5
2014,5,17,21,0,18
2014,5,17,22,0,17.4
2014,5,17,23,0,16.8
2014,5,18,0,0,16.3
2014,5,18,1,0,15.9
2014,5,18,2,0,15.5
2014,5,18,3,0,15.2
2014,5,18,4,0,15
2014,5,18,5,0,14.8
2014,5,18,6,0,14.8
2014,5,18,7,46,15.3
2014,5,18,8,93,16
2014,5,18,9,248,16.4
2014,5,18,10,296,17.9
2014,5,18,11,321,18.8
2014,5,18,12,449,19.5
2014,5,18,13,378,19.8
2014,5,18,14,230,20
2014,5,18,15,161,19.8
2014,5,18,16,39,19.4
2014,5,18,17,0,19.1
2014,5,18,18,0,18.9
2014,5,18,19,0,18.6
2014,5,18,20,0,18.2
2014,5,18,21,0,17.9
2014,5,18,22,0,17.6
2014,5,18,23,0,17.2
2014,5,19,0,0,16.8
2014,5,19,1,0,16.3
2014,5,19,2,0,15.8
2014,5,19,3,0,15.5
2014,5,19,4,0,15.2
2014,5,19,5,0,15.1
2014,5,19,6,0,15.2
2014,5,19,7,51,16
2014,5,19,8,159,17.5
2014,5,19,9,418,18.3
2014,5,19,10,445,21.3
2014,5,19,11,575,22.6
2014,5,19,12,564,23.3
2014,5,19,13,501,23.6
2014,5,19,14,378,23.6
2014,5,19,15,218,23.1
2014,5,19,16,53,22.5
2014,5,19,17,0,21.8
2014,5,19,18,0,21.2
2014,5,19,19,0,20.5
2014,5,19,20,0,19.6
2014,5,19,21,0,18.9
2014,5,19,22,0,18.2
2014,5,19,23,0,17.7
2014,5,20,0,0,17.2
2014,5,20,1,0,16.7
2014,5,20,2,0,16.3
2014,5,20,3,0,15.9
2014,5,20,4,0,15.7
2014,5,20,5,0,15.6
2014,5,20,6,0,15.8
2014,5,20,7,48,16.4
2014,5,20,8,176,17.4
2014,5,20,9,288,18
2014,5,20,10,387,20.6
2014,5,20,11,381,22.2
2014,5,20,12,409,23.3
2014,5,20,13,355,23.6
2014,5,20,14,372,23.6
2014,5,20,15,139,23.1
2014,5,20,16,33,22.2
2014,5,20,17,0,21.4
2014,5,20,18,0,20.6
2014,5,20,19,0,20
2014,5,20,20,0,19.5
2014,5,20,21,0,18.9
2014,5,20,22,0,18.4
2014,5,20,23,0,17.9
2014,5,21,0,0,17.5
2014,5,21,1,0,17.2
2014,5,21,2,0,16.8
2014,5,21,3,0,16.6
2014,5,21,4,0,16.4
2014,5,21,5,0,16.2
2014,5,21,6,0,16.3
2014,5,21,7,89,17
2014,5,21,8,250,18.5
2014,5,21,9,395,19.4
2014,5,21,10,507,21.1
2014,5,21,11,558,21.6
2014,5,21,12,550,21.7
2014,5,21,13,486,21.7
2014,5,21,14,367,21.5
2014,5,21,15,211,21
2014,5,21,16,51,20.1
2014,5,21,17,0,19.4
2014,5,21,18,0,19.1
2014,5,21,19,0,18.9
2014,5,21,20,0,18.6
2014,5,21,21,0,18.2
2014,5,21,22,0,17.8
2014,5,21,23,0,17.4
2014,5,22,0,0,17
2014,5,22,1,0,16.5
2014,5,22,2,0,16
2014,5,22,3,0,15.5
2014,5,22,4,0,15.1
2014,5,22,5,0,14.8
2014,5,22,6,0,14.8
2014,5,22,7,95,15.4
2014,5,22,8,266,16.7
2014,5,22,9,419,17.5
2014,5,22,10,526,20.6
2014,5,22,11,579,21.9
2014,5,22,12,568,22.7
2014,5,22,13,500,23.2
2014,5,22,14,377,23.3
2014,5,22,15,216,22.8
2014,5,22,16,50,21.9
2014,5,22,17,0,21.1
2014,5,22,18,0,20.5
2014,5,22,19,0,19.9
2014,5,22,20,0,19.2
2014,5,22,21,0,18.4
2014,5,22,22,0,17.8
2014,5,22,23,0,17.3
2014,5,23,0,0,16.9
2014,5,23,1,0,16.6
2014,5,23,2,0,16.4
2014,5,23,3,0,16.1
2014,5,23,4,0,15.9
2014,5,23,5,0,15.7
2014,5,23,6,0,15.7
2014,5,23,7,87,16.4
2014,5,23,8,251,17.7
2014,5,23,9,397,18.5
2014,5,23,10,503,21.5
2014,5,23,11,553,23
2014,5,23,12,544,23.7
2014,5,23,13,423,24
2014,5,23,14,360,24.1
2014,5,23,15,205,23.6
2014,5,23,16,48,22.6
2014,5,23,17,0,21.9
2014,5,23,18,0,21.3
2014,5,23,19,0,20.8
2014,5,23,20,0,20.1
2014,5,23,21,0,19.4
2014,5,23,22,0,18.7
2014,5,23,23,0,18.1
2014,5,24,0,0,17.6
2014,5,24,1,0,17.2
2014,5,24,2,0,17
2014,5,24,3,0,16.8
2014,5,24,4,0,16.7
2014,5,24,5,0,16.6
2014,5,24,6,0,16.8
2014,5,24,7,85,17.5
2014,5,24,8,247,18.8
2014,5,24,9,393,19.5
2014,5,24,10,498,21.6
2014,5,24,11,548,22.3
2014,5,24,12,539,22.7
2014,5,24,13,382,22.8
2014,5,24,14,356,22.7
2014,5,24,15,27,22.2
2014,5,24,16,6,21.4
2014,5,24,17,0,20.7
2014,5,24,18,0,20.3
2014,5,24,19,0,20.1
2014,5,24,20,0,20.2
2014,5,24,21,0,20.1
2014,5,24,22,0,19.8
2014,5,24,23,0,19.3
2014,5,25,0,0,18.8
2014,5,25,1,0,18.5
2014,5,25,2,0,18.1
2014,5,25,3,0,17.8
2014,5,25,4,0,17.4
2014,5,25,5,0,17.1
2014,5,25,6,0,17
2014,5,25,7,83,17.5
2014,5,25,8,33,18.8
2014,5,25,9,319,19.6
2014,5,25,10,290,21.9
2014,5,25,11,279,23
2014,5,25,12,538,23.6
2014,5,25,13,472,23.8
2014,5,25,14,353,23.7
2014,5,25,15,198,23.1
2014,5,25,16,43,22
2014,5,25,17,0,21.1
2014,5,25,18,0,20.7
2014,5,25,19,0,20.4
2014,5,25,20,0,20.1
2014,5,25,21,0,19.8
2014,5,25,22,0,19.4
2014,5,25,23,0,19
2014,5,26,0,0,18.5
2014,5,26,1,0,18
2014,5,26,2,0,17.5
2014,5,26,3,0,17
2014,5,26,4,0,16.7
2014,5,26,5,0,16.4
2014,5,26,6,0,16.4
2014,5,26,7,75,17
2014,5,26,8,233,18.3
2014,5,26,9,378,19.1
2014,5,26,10,492,21.4
2014,5,26,11,480,22.7
2014,5,26,12,533,23.5
2014,5,26,13,476,23.9
2014,5,26,14,357,23.8
2014,5,26,15,203,23.1
2014,5,26,16,45,21.8
2014,5,26,17,0,20.8
2014,5,26,18,0,20.3
2014,5,26,19,0,20.2
2014,5,26,20,0,20.1
2014,5,26,21,0,19.9
2014,5,26,22,0,19.7
2014,5,26,23,0,19.5
2014,5,27,0,0,19.2
2014,5,27,1,0,19
2014,5,27,2,0,18.9
2014,5,27,3,0,18.7
2014,5,27,4,0,18.6
2014,5,27,5,0,18.4
2014,5,27,6,0,18.3
2014,5,27,7,79,18.8
2014,5,27,8,167,19.5
2014,5,27,9,305,20
2014,5,27,10,356,21.6
2014,5,27,11,373,22.5
2014,5,27,12,352,23
2014,5,27,13,218,23.2
2014,5,27,14,253,23.1
2014,5,27,15,134,22.9
2014,5,27,16,23,22.5
2014,5,27,17,0,22.1
2014,5,27,18,0,21.8
2014,5,27,19,0,21.6
2014,5,27,20,0,21.4
2014,5,27,21,0,21.1
2014,5,27,22,0,20.5
2014,5,27,23,0,19.7
2014,5,28,0,0,18.8
2014,5,28,1,0,18.3
2014,5,28,2,0,18.2
2014,5,28,3,0,18.1
2014,5,28,4,0,18
2014,5,28,5,0,17.8
2014,5,28,6,0,17.7
2014,5,28,7,81,18.4
2014,5,28,8,248,19.4
2014,5,28,9,397,19.8
2014,5,28,10,504,20.8
2014,5,28,11,555,21.3
2014,5,28,12,547,21.8
2014,5,28,13,480,22.2
2014,5,28,14,360,22.2
2014,5,28,15,204,21.6
2014,5,28,16,44,20.7
2014,5,28,17,0,19.8
2014,5,28,18,0,19.1
2014,5,28,19,0,18.4
2014,5,28,20,0,17.8
2014,5,28,21,0,17.3
2014,5,28,22,0,16.9
2014,5,28,23,0,16.5
2014,5,29,0,0,16.2
2014,5,29,1,0,15.9
2014,5,29,2,0,15.6
2014,5,29,3,0,15.4
2014,5,29,4,0,15.2
2014,5,29,5,0,15
2014,5,29,6,0,15.2
2014,5,29,7,78,16.1
2014,5,29,8,242,17.4
2014,5,29,9,390,18
2014,5,29,10,494,19.3
2014,5,29,11,398,19.7
2014,5,29,12,534,19.9
2014,5,29,13,469,19.9
2014,5,29,14,184,19.6
2014,5,29,15,92,19.1
2014,5,29,16,17,18.6
2014,5,29,17,0,18.3
2014,5,29,18,0,18.2
2014,5,29,19,0,18.1
2014,5,29,20,0,18
2014,5,29,21,0,17.9
2014,5,29,22,0,17.8
2014,5,29,23,0,17.7
2014,5,30,0,0,17.6
2014,5,30,1,0,17.5
2014,5,30,2,0,17.3
2014,5,30,3,0,17.1
2014,5,30,4,0,17
2014,5,30,5,0,16.9
2014,5,30,6,0,17.1
2014,5,30,7,34,17.8
2014,5,30,8,125,18.5
2014,5,30,9,388,18.8
2014,5,30,10,488,19.6
2014,5,30,11,540,19.9
2014,5,30,12,111,20.1
2014,5,30,13,463,20.1
2014,5,30,14,346,19.8
2014,5,30,15,193,19.3
2014,5,30,16,40,18.6
2014,5,30,17,0,18.1
2014,5,30,18,0,17.9
2014,5,30,19,0,17.8
2014,5,30,20,0,17.7
2014,5,30,21,0,17.7
2014,5,30,22,0,17.6
2014,5,30,23,0,17.5
2014,5,31,0,0,17.5
2014,5,31,1,0,17.4
2014,5,31,2,0,17.3
2014,5,31,3,0,17.3
2014,5,31,4,0,17.2
2014,5,31,5,0,17.1
2014,5,31,6,0,17.1
2014,5,31,7,70,17.7
2014,5,31,8,228,18.4
2014,5,31,9,375,18.5
2014,5,31,10,477,19.1
2014,5,31,11,526,19.4
2014,5,31,12,519,19.5
2014,5,31,13,459,19.5
2014,5,31,14,342,19.5
2014,5,31,15,191,19.2
2014,5,31,16,38,18.9
2014,5,31,17,0,18.6
2014,5,31,18,0,18.4
2014,5,31,19,0,18.3
2014,5,31,20,0,18.2
2014,5,31,21,0,18.2
2014,5,31,22,0,18.1
2014,5,31,23,0,18.2
2014,6,1,0,0,18.2
2014,6,1,1,0,18.2
2014,6,1,2,0,18.1
2014,6,1,3,0,18
2014,6,1,4,0,18
2014,6,1,5,0,17.9
2014,6,1,6,0,18
2014,6,1,7,11,18.3
2014,6,1,8,175,18.7
2014,6,1,9,141,18.8
2014,6,1,10,254,18.9
2014,6,1,11,231,18.8
2014,6,1,12,205,18.7
2014,6,1,13,152,18.5
2014,6,1,14,148,18.4
2014,6,1,15,75,18.1
2014,6,1,16,16,17.5
2014,6,1,17,0,17.3
2014,6,1,18,0,17.2
2014,6,1,19,0,17.2
2014,6,1,20,0,17.2
2014,6,1,21,0,17.2
2014,6,1,22,0,17.3
2014,6,1,23,0,17.3
2014,6,2,0,0,17.2
2014,6,2,1,0,17
2014,6,2,2,0,16.8
2014,6,2,3,0,16.3
2014,6,2,4,0,15.7
2014,6,2,5,0,15.2
2014,6,2,6,0,14.9
2014,6,2,7,28,14.9
2014,6,2,8,92,15.3
2014,6,2,9,134,15.5
2014,6,2,10,205,17
2014,6,2,11,534,18.3
2014,6,2,12,535,19.2
2014,6,2,13,472,19.7
2014,6,2,14,353,19.8
2014,6,2,15,196,19.4
2014,6,2,16,8,18.7
2014,6,2,17,0,18.1
2014,6,2,18,0,17.6
2014,6,2,19,0,17.1
2014,6,2,20,0,16.6
2014,6,2,21,0,16.1
2014,6,2,22,0,15.6
2014,6,2,23,0,15
2014,6,3,0,0,14.6
2014,6,3,1,0,14.2
2014,6,3,2,0,13.9
2014,6,3,3,0,13.6
2014,6,3,4,0,13.4
2014,6,3,5,0,13.2
2014,6,3,6,0,13.3
2014,6,3,7,73,13.9
2014,6,3,8,236,15
2014,6,3,9,385,15.6
2014,6,3,10,491,17
2014,6,3,11,544,17.9
2014,6,3,12,535,18.6
2014,6,3,13,470,19.1
2014,6,3,14,351,19.4
2014,6,3,15,196,19
2014,6,3,16,40,18.1
2014,6,3,17,0,17.1
2014,6,3,18,0,16.2
2014,6,3,19,0,15.5
2014,6,3,20,0,15
2014,6,3,21,0,14.6
2014,6,3,22,0,14.3
2014,6,3,23,0,14
2014,6,4,0,0,13.8
2014,6,4,1,0,13.7
2014,6,4,2,0,13.8
2014,6,4,3,0,13.8
2014,6,4,4,0,13.9
2014,6,4,5,0,14
2014,6,4,6,0,14.1
2014,6,4,7,69,14.9
2014,6,4,8,228,16.2
2014,6,4,9,374,16.8
2014,6,4,10,479,18.5
2014,6,4,11,529,19.2
2014,6,4,12,522,19.6
2014,6,4,13,459,19.7
2014,6,4,14,343,19.5
2014,6,4,15,190,19
2014,6,4,16,37,18.3
2014,6,4,17,0,17.8
2014,6,4,18,0,17.7
2014,6,4,19,0,17.6
2014,6,4,20,0,17.6
2014,6,4,21,0,17.6
2014,6,4,22,0,17.5
2014,6,4,23,0,17.4
2014,6,5,0,0,17.3
2014,6,5,1,0,17.2
2014,6,5,2,0,17
2014,6,5,3,0,16.9
2014,6,5,4,0,16.7
2014,6,5,5,0,16.6
2014,6,5,6,0,16.6
2014,6,5,7,12,16.9
2014,6,5,8,73,17.3
2014,6,5,9,215,17.4
2014,6,5,10,165,18.1
2014,6,5,11,135,18.5
2014,6,5,12,168,18.7
2014,6,5,13,272,18.7
2014,6,5,14,98,18.5
2014,6,5,15,47,18
2014,6,5,16,9,17.5
2014,6,5,17,0,17.2
2014,6,5,18,0,17.2
2014,6,5,19,0,17.1
2014,6,5,20,0,17.1
2014,6,5,21,0,16.9
2014,6,5,22,0,16.8
2014,6,5,23,0,16.6
2014,6,6,0,0,16.5
2014,6,6,1,0,16.3
2014,6,6,2,0,16.2
2014,6,6,3,0,16.2
2014,6,6,4,0,16.3
2014,6,6,5,0,16.5
2014,6,6,6,0,16.7
2014,6,6,7,15,16.8
2014,6,6,8,58,16.9
2014,6,6,9,266,17
2014,6,6,10,146,17
2014,6,6,11,118,17
2014,6,6,12,149,17
2014,6,6,13,131,17
2014,6,6,14,57,17
2014,6,6,15,29,16.7
2014,6,6,16,8,16.5
2014,6,6,17,0,16.2
2014,6,6,18,0,16
2014,6,6,19,0,15.7
2014,6,6,20,0,15.5
2014,6,6,21,0,15.3
2014,6,6,22,0,15.2
2014,6,6,23,0,15.1
2014,6,7,0,0,15
2014,6,7,1,0,14.9
2014,6,7,2,0,14.7
2014,6,7,3,0,14.5
2014,6,7,4,0,14.4
2014,6,7,5,0,14.2
2014,6,7,6,0,14.2
2014,6,7,7,62,14.6
2014,6,7,8,218,15.3
2014,6,7,9,364,15.6
2014,6,7,10,468,16.9
2014,6,7,11,520,17.6
2014,6,7,12,515,18
2014,6,7,13,364,18.2
2014,6,7,14,246,18.1
2014,6,7,15,190,17.6
2014,6,7,16,37,16.9
2014,6,7,17,0,16.4
2014,6,7,18,0,16.1
2014,6,7,19,0,15.9
2014,6,7,20,0,15.7
2014,6,7,21,0,15.5
2014,6,7,22,0,15.3
2014,6,7,23,0,15.2
2014,6,8,0,0,15.1
2014,6,8,1,0,14.9
2014,6,8,2,0,14.7
2014,6,8,3,0,14.6
2014,6,8,4,0,14.4
2014,6,8,5,0,14.3
2014,6,8,6,0,14.3
2014,6,8,7,60,14.7
2014,6,8,8,215,15.4
2014,6,8,9,361,15.7
2014,6,8,10,468,16.4
2014,6,8,11,520,16.7
2014,6,8,12,512,16.9
2014,6,8,13,163,17
2014,6,8,14,33,16.9
2014,6,8,15,18,16.5
2014,6,8,16,6,15.8
2014,6,8,17,0,15.3
2014,6,8,18,0,15
2014,6,8,19,0,14.7
2014,6,8,20,0,14.5
2014,6,8,21,0,14.3
2014,6,8,22,0,14.1
2014,6,8,23,0,13.8
2014,6,9,0,0,13.4
2014,6,9,1,0,13.1
2014,6,9,2,0,12.9
2014,6,9,3,0,12.8
2014,6,9,4,0,12.7
2014,6,9,5,0,12.9
2014,6,9,6,0,13.2
2014,6,9,7,52,14
2014,6,9,8,195,15.1
2014,6,9,9,334,15.7
2014,6,9,10,453,17.1
2014,6,9,11,419,17.6
2014,6,9,12,388,17.9
2014,6,9,13,288,18
2014,6,9,14,73,17.8
2014,6,9,15,36,17.4
2014,6,9,16,20,16.9
2014,6,9,17,0,16.8
2014,6,9,18,0,16.9
2014,6,9,19,0,16.9
2014,6,9,20,0,17
2014,6,9,21,0,17
2014,6,9,22,0,17.1
2014,6,9,23,0,17.1
2014,6,10,0,0,17
2014,6,10,1,0,16.9
2014,6,10,2,0,16.7
2014,6,10,3,0,16.5
2014,6,10,4,0,16.5
2014,6,10,5,0,16.5
2014,6,10,6,0,16.5
2014,6,10,7,4,17
2014,6,10,8,14,17.6
2014,6,10,9,94,17.8
2014,6,10,10,304,18.2
2014,6,10,11,152,18.3
2014,6,10,12,240,18.3
2014,6,10,13,457,18.3
2014,6,10,14,342,18.2
2014,6,10,15,68,17.7
2014,6,10,16,36,17.1
2014,6,10,17,0,16.8
2014,6,10,18,0,16.6
2014,6,10,19,0,16.5
2014,6,10,20,0,16.3
2014,6,10,21,0,16.1
2014,6,10,22,0,15.8
2014,6,10,23,0,15.6
2014,6,11,0,0,15.4
2014,6,11,1,0,15.3
2014,6,11,2,0,15.3
2014,6,11,3,0,15.3
2014,6,11,4,0,15.4
2014,6,11,5,0,15.4
2014,6,11,6,0,15.5
2014,6,11,7,29,15.9
2014,6,11,8,215,16.4
2014,6,11,9,227,16.6
2014,6,11,10,465,17.5
2014,6,11,11,519,17.9
2014,6,11,12,515,18.2
2014,6,11,13,124,18.2
2014,6,11,14,339,18.1
2014,6,11,15,41,17.8
2014,6,11,16,8,17.3
2014,6,11,17,0,17.1
2014,6,11,18,0,17.1
2014,6,11,19,0,17
2014,6,11,20,0,17
2014,6,11,21,0,17
2014,6,11,22,0,16.9
2014,6,11,23,0,16.8
2014,6,12,0,0,16.8
2014,6,12,1,0,16.6
2014,6,12,2,0,16.3
2014,6,12,3,0,15.9
2014,6,12,4,0,15.6
2014,6,12,5,0,15.1
2014,6,12,6,0,14.7
2014,6,12,7,34,14.8
2014,6,12,8,109,15.3
2014,6,12,9,253,15.6
2014,6,12,10,343,16.7
2014,6,12,11,404,17.4
2014,6,12,12,376,17.9
2014,6,12,13,326,18.3
2014,6,12,14,258,18.4
2014,6,12,15,191,17.9
2014,6,12,16,37,17.1
2014,6,12,17,0,16.5
2014,6,12,18,0,16.3
2014,6,12,19,0,16.2
2014,6,12,20,0,16.2
2014,6,12,21,0,16
2014,6,12,22,0,15.8
2014,6,12,23,0,15.4
2014,6,13,0,0,14.9
2014,6,13,1,0,14.4
2014,6,13,2,0,14
2014,6,13,3,0,13.7
2014,6,13,4,0,13.4
2014,6,13,5,0,13.2
2014,6,13,6,0,13.1
2014,6,13,7,34,13.5
2014,6,13,8,36,14.2
2014,6,13,9,236,14.5
2014,6,13,10,220,15.7
2014,6,13,11,375,16.5
2014,6,13,12,309,17.2
2014,6,13,13,381,17.8
2014,6,13,14,293,18.1
2014,6,13,15,157,17.8
2014,6,13,16,30,17.1
2014,6,13,17,0,16.6
2014,6,13,18,0,16.4
2014,6,13,19,0,16.3
2014,6,13,20,0,16.1
2014,6,13,21,0,15.9
2014,6,13,22,0,15.8
2014,6,13,23,0,15.6
2014,6,14,0,0,15.4
2014,6,14,1,0,15.1
2014,6,14,2,0,14.9
2014,6,14,3,0,14.8
2014,6,14,4,0,14.8
2014,6,14,5,0,14.8
2014,6,14,6,0,14.8
2014,6,14,7,4,15
2014,6,14,8,7,15.2
2014,6,14,9,12,15.3
2014,6,14,10,248,16.1
2014,6,14,11,364,17.1
2014,6,14,12,241,17.9
2014,6,14,13,286,18.3
2014,6,14,14,339,18.4
2014,6,14,15,101,18.2
2014,6,14,16,37,17.7
2014,6,14,17,0,17.2
2014,6,14,18,0,16.9
2014,6,14,19,0,16.6
2014,6,14,20,0,16.1
2014,6,14,21,0,15.3
2014,6,14,22,0,14.6
2014,6,14,23,0,14
2014,6,15,0,0,13.6
2014,6,15,1,0,13.2
2014,6,15,2,0,12.9
2014,6,15,3,0,12.6
2014,6,15,4,0,12.3
2014,6,15,5,0,12.1
2014,6,15,6,0,12.3
2014,6,15,7,28,12.9
2014,6,15,8,108,13.8
2014,6,15,9,72,14.2
2014,6,15,10,97,15
2014,6,15,11,128,15.4
2014,6,15,12,291,15.6
2014,6,15,13,62,16
2014,6,15,14,12,16.6
2014,6,15,15,7,16.9
2014,6,15,16,7,16.8
2014,6,15,17,0,16.7
2014,6,15,18,0,16.6
2014,6,15,19,0,16.2
2014,6,15,20,0,15.8
2014,6,15,21,0,15.3
2014,6,15,22,0,14.7
2014,6,15,23,0,14
2014,6,16,0,0,13.5
2014,6,16,1,0,13.1
2014,6,16,2,0,12.8
2014,6,16,3,0,12.4
2014,6,16,4,0,12.1
2014,6,16,5,0,11.8
2014,6,16,6,0,11.7
2014,6,16,7,59,12.2
2014,6,16,8,219,13.3
2014,6,16,9,367,13.9
2014,6,16,10,474,15.5
2014,6,16,11,529,16.3
2014,6,16,12,524,17
2014,6,16,13,460,17.7
2014,6,16,14,347,18
2014,6,16,15,194,17.7
2014,6,16,16,39,16.6
2014,6,16,17,0,15.3
2014,6,16,18,0,14.3
2014,6,16,19,0,13.6
2014,6,16,20,0,13.2
2014,6,16,21,0,12.8
2014,6,16,22,0,12.6
2014,6,16,23,0,12.5
2014,6,17,0,0,12.5
2014,6,17,1,0,12.5
2014,6,17,2,0,12.6
2014,6,17,3,0,12.7
2014,6,17,4,0,12.8
2014,6,17,5,0,12.9
2014,6,17,6,0,13
2014,6,17,7,58,13.7
2014,6,17,8,217,14.9
2014,6,17,9,364,15.5
2014,6,17,10,469,17
2014,6,17,11,523,17.7
2014,6,17,12,516,18.2
2014,6,17,13,454,18.4
2014,6,17,14,340,18.4
2014,6,17,15,37,17.9
2014,6,17,16,7,17.1
2014,6,17,17,0,16.7
2014,6,17,18,0,16.5
2014,6,17,19,0,16.2
2014,6,17,20,0,16
2014,6,17,21,0,15.8
2014,6,17,22,0,15.6
2014,6,17,23,0,15.3
2014,6,18,0,0,15
2014,6,18,1,0,14.9
2014,6,18,2,0,14.7
2014,6,18,3,0,14.5
2014,6,18,4,0,14.3
2014,6,18,5,0,14.1
2014,6,18,6,0,13.9
2014,6,18,7,53,14.4
2014,6,18,8,210,15.3
2014,6,18,9,357,15.7
2014,6,18,10,466,16.8
2014,6,18,11,521,17.3
2014,6,18,12,517,17.5
2014,6,18,13,459,17.6
2014,6,18,14,345,17.5
2014,6,18,15,193,16.9
2014,6,18,16,38,16
2014,6,18,17,0,15.5
2014,6,18,18,0,15.2
2014,6,18,19,0,15.1
2014,6,18,20,0,15.2
2014,6,18,21,0,15.4
2014,6,18,22,0,15.4
2014,6,18,23,0,15.2
2014,6,19,0,0,15
2014,6,19,1,0,14.8
2014,6,19,2,0,14.6
2014,6,19,3,0,14.4
2014,6,19,4,0,14.2
2014,6,19,5,0,13.8
2014,6,19,6,0,13.5
2014,6,19,7,53,13.8
2014,6,19,8,209,14.8
2014,6,19,9,356,15.4
2014,6,19,10,462,16.9
2014,6,19,11,517,17.6
2014,6,19,12,514,18.2
2014,6,19,13,460,18.5
2014,6,19,14,344,18.6
2014,6,19,15,55,18.2
2014,6,19,16,13,17.5
2014,6,19,17,0,17
2014,6,19,18,0,16.7
2014,6,19,19,0,16.4
2014,6,19,20,0,16.1
2014,6,19,21,0,15.7
2014,6,19,22,0,15.4
2014,6,19,23,0,15.1
2014,6,20,0,0,14.8
2014,6,20,1,0,14.6
2014,6,20,2,0,14.4
2014,6,20,3,0,14.2
2014,6,20,4,0,14
2014,6,20,5,0,13.9
2014,6,20,6,0,13.8
2014,6,20,7,18,14.4
2014,6,20,8,203,15.7
2014,6,20,9,348,16.4
2014,6,20,10,217,18.5
2014,6,20,11,504,19.6
2014,6,20,12,163,20.2
2014,6,20,13,247,20.4
2014,6,20,14,194,20.2
2014,6,20,15,183,19.6
2014,6,20,16,35,18.7
2014,6,20,17,0,18.1
2014,6,20,18,0,17.6
2014,6,20,19,0,17.1
2014,6,20,20,0,16.6
2014,6,20,21,0,16.1
2014,6,20,22,0,15.6
2014,6,20,23,0,15.2
2014,6,21,0,0,14.7
2014,6,21,1,0,14.2
2014,6,21,2,0,13.7
2014,6,21,3,0,13.2
2014,6,21,4,0,12.7
2014,6,21,5,0,12.4
2014,6,21,6,0,12.3
2014,6,21,7,52,12.8
2014,6,21,8,207,14.1
2014,6,21,9,355,14.8
2014,6,21,10,462,17.2
2014,6,21,11,517,18.2
2014,6,21,12,511,18.7
2014,6,21,13,457,18.9
2014,6,21,14,345,18.9
2014,6,21,15,194,18.2
2014,6,21,16,40,17.2
2014,6,21,17,0,16.6
2014,6,21,18,0,16.3
2014,6,21,19,0,16.3
2014,6,21,20,0,16.2
2014,6,21,21,0,16.1
2014,6,21,22,0,15.8
2014,6,21,23,0,15.4
2014,6,22,0,0,15
2014,6,22,1,0,14.5
2014,6,22,2,0,14.1
2014,6,22,3,0,13.9
2014,6,22,4,0,13.7
2014,6,22,5,0,13.6
2014,6,22,6,0,13.6
2014,6,22,7,10,14.2
2014,6,22,8,44,15.1
2014,6,22,9,86,15.5
2014,6,22,10,102,16.6
2014,6,22,11,221,17.3
2014,6,22,12,507,17.7
2014,6,22,13,451,17.8
2014,6,22,14,339,17.8
2014,6,22,15,190,17.3
2014,6,22,16,40,16.6
2014,6,22,17,0,16
2014,6,22,18,0,15.7
2014,6,22,19,0,15.4
2014,6,22,20,0,15.1
2014,6,22,21,0,14.7
2014,6,22,22,0,14.3
2014,6,22,23,0,13.9
2014,6,23,0,0,13.5
2014,6,23,1,0,13.2
2014,6,23,2,0,13
2014,6,23,3,0,12.8
2014,6,23,4,0,12.8
2014,6,23,5,0,12.7
2014,6,23,6,0,12.8
2014,6,23,7,50,13.2
2014,6,23,8,59,13.9
2014,6,23,9,112,14.4
2014,6,23,10,86,15.9
2014,6,23,11,149,16.8
2014,6,23,12,119,17.2
2014,6,23,13,86,17.2
2014,6,23,14,100,17.1
2014,6,23,15,51,17
2014,6,23,16,13,16.8
2014,6,23,17,0,16.6
2014,6,23,18,0,16.5
2014,6,23,19,0,16.3
2014,6,23,20,0,16
2014,6,23,21,0,15.5
2014,6,23,22,0,15.1
2014,6,23,23,0,14.6
2014,6,24,0,0,14.1
2014,6,24,1,0,13.6
2014,6,24,2,0,13.2
2014,6,24,3,0,12.8
2014,6,24,4,0,12.4
2014,6,24,5,0,12.1
2014,6,24,6,0,12.1
2014,6,24,7,52,12.5
2014,6,24,8,212,13.1
2014,6,24,9,361,13.4
2014,6,24,10,468,14.2
2014,6,24,11,524,14.8
2014,6,24,12,523,15.3
2014,6,24,13,462,15.8
2014,6,24,14,348,16
2014,6,24,15,198,15.8
2014,6,24,16,41,15.4
2014,6,24,17,0,15
2014,6,24,18,0,15
2014,6,24,19,0,14.9
2014,6,24,20,0,14.8
2014,6,24,21,0,14.5
2014,6,24,22,0,14.2
2014,6,24,23,0,13.8
2014,6,25,0,0,13.6
2014,6,25,1,0,13.3
2014,6,25,2,0,13.1
2014,6,25,3,0,13
2014,6,25,4,0,12.9
2014,6,25,5,0,13
2014,6,25,6,0,13.3
2014,6,25,7,30,14.1
2014,6,25,8,213,14.9
2014,6,25,9,364,15
2014,6,25,10,474,15.7
2014,6,25,11,533,16.3
2014,6,25,12,531,16.7
2014,6,25,13,471,16.8
2014,6,25,14,355,16.8
2014,6,25,15,202,16.3
2014,6,25,16,43,15.6
2014,6,25,17,0,15
2014,6,25,18,0,14.4
2014,6,25,19,0,13.9
2014,6,25,20,0,13.5
2014,6,25,21,0,13.2
2014,6,25,22,0,13.1
2014,6,25,23,0,13
2014,6,26,0,0,13.1
2014,6,26,1,0,13.2
2014,6,26,2,0,13.2
2014,6,26,3,0,13.3
2014,6,26,4,0,13.4
2014,6,26,5,0,13.5
2014,6,26,6,0,13.7
2014,6,26,7,54,14.6
2014,6,26,8,215,15.8
2014,6,26,9,364,16.4
2014,6,26,10,475,17.9
2014,6,26,11,532,18.6
2014,6,26,12,530,19.1
2014,6,26,13,471,19.2
2014,6,26,14,357,19
2014,6,26,15,203,18.1
2014,6,26,16,44,16.9
2014,6,26,17,0,16
2014,6,26,18,0,15.3
2014,6,26,19,0,14.9
2014,6,26,20,0,14.5
2014,6,26,21,0,14.2
2014,6,26,22,0,13.9
2014,6,26,23,0,13.6
2014,6,27,0,0,13.4
2014,6,27,1,0,13.2
2014,6,27,2,0,13
2014,6,27,3,0,12.8
2014,6,27,4,0,12.7
2014,6,27,5,0,12.5
2014,6,27,6,0,12.5
2014,6,27,7,30,12.9
2014,6,27,8,142,14
2014,6,27,9,280,14.6
2014,6,27,10,352,16.5
2014,6,27,11,439,17.2
2014,6,27,12,440,17.7
2014,6,27,13,372,18.2
2014,6,27,14,262,18.4
2014,6,27,15,140,18
2014,6,27,16,26,17.1
2014,6,27,17,0,16.4
2014,6,27,18,0,15.8
2014,6,27,19,0,15.2
2014,6,27,20,0,14.6
2014,6,27,21,0,14.1
2014,6,27,22,0,13.6
2014,6,27,23,0,13.2
2014,6,28,0,0,12.8
2014,6,28,1,0,12.6
2014,6,28,2,0,12.6
2014,6,28,3,0,12.6
2014,6,28,4,0,12.6
2014,6,28,5,0,12.6
2014,6,28,6,0,12.9
2014,6,28,7,37,13.5
2014,6,28,8,157,14.5
2014,6,28,9,357,15.1
2014,6,28,10,461,16.8
2014,6,28,11,515,17.8
2014,6,28,12,517,18.7
2014,6,28,13,457,19.2
2014,6,28,14,263,19.2
2014,6,28,15,141,18.2
2014,6,28,16,27,16.7
2014,6,28,17,0,15.4
2014,6,28,18,0,14.5
2014,6,28,19,0,13.9
2014,6,28,20,0,13.6
2014,6,28,21,0,13.3
2014,6,28,22,0,13
2014,6,28,23,0,12.6
2014,6,29,0,0,12.2
2014,6,29,1,0,11.9
2014,6,29,2,0,11.7
2014,6,29,3,0,11.5
2014,6,29,4,0,11.3
2014,6,29,5,0,11.1
2014,6,29,6,0,11
2014,6,29,7,52,11.6
2014,6,29,8,213,12.4
2014,6,29,9,364,12.8
2014,6,29,10,471,14
2014,6,29,11,526,14.7
2014,6,29,12,523,15.2
2014,6,29,13,464,15.5
2014,6,29,14,353,15.4
2014,6,29,15,202,14.8
2014,6,29,16,45,13.9
2014,6,29,17,0,13.1
2014,6,29,18,0,12.5
2014,6,29,19,0,12
2014,6,29,20,0,11.6
2014,6,29,21,0,11.4
2014,6,29,22,0,11.2
2014,6,29,23,0,11.2
2014,6,30,0,0,11.2
2014,6,30,1,0,11.3
2014,6,30,2,0,11.3
2014,6,30,3,0,11.4
2014,6,30,4,0,11.4
2014,6,30,5,0,11.4
2014,6,30,6,0,11.4
2014,6,30,7,51,11.8
2014,6,30,8,211,12.6
2014,6,30,9,361,12.9
2014,6,30,10,472,14.2
2014,6,30,11,529,14.9
2014,6,30,12,530,15.3
2014,6,30,13,472,15.5
2014,6,30,14,359,15.4
2014,6,30,15,206,14.9
2014,6,30,16,46,13.9
2014,6,30,17,0,12.8
2014,6,30,18,0,11.9
2014,6,30,19,0,11.2
2014,6,30,20,0,11
2014,6,30,21,0,10.9
2014,6,30,22,0,10.9
2014,6,30,23,0,10.9
2014,7,1,0,0,10.9
2014,7,1,1,0,10.9
2014,7,1,2,0,10.8
2014,7,1,3,0,10.8
2014,7,1,4,0,10.9
2014,7,1,5,0,11
2014,7,1,6,0,11.2
2014,7,1,7,52,11.9
2014,7,1,8,212,13.1
2014,7,1,9,362,13.6
2014,7,1,10,472,15.2
2014,7,1,11,528,15.8
2014,7,1,12,527,16.3
2014,7,1,13,468,16.4
2014,7,1,14,353,16.4
2014,7,1,15,202,15.9
2014,7,1,16,46,15.1
2014,7,1,17,0,14.6
2014,7,1,18,0,14.1
2014,7,1,19,0,13.4
2014,7,1,20,0,12.6
2014,7,1,21,0,12
2014,7,1,22,0,11.5
2014,7,1,23,0,11.3
2014,7,2,0,0,11.2
2014,7,2,1,0,11.1
2014,7,2,2,0,11.2
2014,7,2,3,0,11.2
2014,7,2,4,0,11.2
2014,7,2,5,0,11.3
2014,7,2,6,0,11.4
2014,7,2,7,32,12.1
2014,7,2,8,206,13.3
2014,7,2,9,356,14
2014,7,2,10,466,15.6
2014,7,2,11,524,16.2
2014,7,2,12,524,16.5
2014,7,2,13,466,16.7
2014,7,2,14,356,16.6
2014,7,2,15,205,16.2
2014,7,2,16,47,15.5
2014,7,2,17,0,15.1
2014,7,2,18,0,14.9
2014,7,2,19,0,14.9
2014,7,2,20,0,14.9
2014,7,2,21,0,14.4
2014,7,2,22,0,13.6
2014,7,2,23,0,12.6
2014,7,3,0,0,11.9
2014,7,3,1,0,11.3
2014,7,3,2,0,11
2014,7,3,3,0,10.7
2014,7,3,4,0,10.5
2014,7,3,5,0,10.3
2014,7,3,6,0,10.1
2014,7,3,7,50,10.6
2014,7,3,8,208,11.9
2014,7,3,9,358,12.6
2014,7,3,10,472,14.6
2014,7,3,11,532,15.9
2014,7,3,12,531,16.9
2014,7,3,13,476,17.4
2014,7,3,14,362,17.5
2014,7,3,15,209,16.9
2014,7,3,16,48,15.8
2014,7,3,17,0,15
2014,7,3,18,0,14.6
2014,7,3,19,0,14.2
2014,7,3,20,0,13.7
2014,7,3,21,0,13.2
2014,7,3,22,0,12.7
2014,7,3,23,0,12.2
2014,7,4,0,0,11.8
2014,7,4,1,0,11.3
2014,7,4,2,0,10.9
2014,7,4,3,0,10.4
2014,7,4,4,0,10
2014,7,4,5,0,9.6
2014,7,4,6,0,9.6
2014,7,4,7,54,10.3
2014,7,4,8,218,11.7
2014,7,4,9,374,12.4
2014,7,4,10,486,15.2
2014,7,4,11,544,16.6
2014,7,4,12,537,17.6
2014,7,4,13,483,18.4
2014,7,4,14,364,18.8
2014,7,4,15,209,18.4
2014,7,4,16,49,17.4
2014,7,4,17,0,16.6
2014,7,4,18,0,15.8
2014,7,4,19,0,14.9
2014,7,4,20,0,14.2
2014,7,4,21,0,13.6
2014,7,4,22,0,13.1
2014,7,4,23,0,12.5
2014,7,5,0,0,12.1
2014,7,5,1,0,11.8
2014,7,5,2,0,11.6
2014,7,5,3,0,11.4
2014,7,5,4,0,11.2
2014,7,5,5,0,11
2014,7,5,6,0,11
2014,7,5,7,51,11.6
2014,7,5,8,210,12.9
2014,7,5,9,364,13.6
2014,7,5,10,478,15.4
2014,7,5,11,535,16.1
2014,7,5,12,534,16.6
2014,7,5,13,476,17
2014,7,5,14,364,16.9
2014,7,5,15,213,16.1
2014,7,5,16,52,14.9
2014,7,5,17,0,13.9
2014,7,5,18,0,13.2
2014,7,5,19,0,12.6
2014,7,5,20,0,12.2
2014,7,5,21,0,12
2014,7,5,22,0,11.8
2014,7,5,23,0,11.7
2014,7,6,0,0,11.6
2014,7,6,1,0,11.6
2014,7,6,2,0,11.6
2014,7,6,3,0,11.5
2014,7,6,4,0,11.5
2014,7,6,5,0,11.5
2014,7,6,6,0,11.6
2014,7,6,7,54,12.3
2014,7,6,8,216,13.3
2014,7,6,9,367,13.8
2014,7,6,10,476,15.1
2014,7,6,11,534,15.8
2014,7,6,12,534,16.3
2014,7,6,13,476,16.5
2014,7,6,14,364,16.4
2014,7,6,15,213,15.7
2014,7,6,16,53,14.6
2014,7,6,17,0,13.7
2014,7,6,18,0,13
2014,7,6,19,0,12.5
2014,7,6,20,0,12.1
2014,7,6,21,0,12
2014,7,6,22,0,11.8
2014,7,6,23,0,11.7
2014,7,7,0,0,11.5
2014,7,7,1,0,11.3
2014,7,7,2,0,11.2
2014,7,7,3,0,11
2014,7,7,4,0,10.8
2014,7,7,5,0,10.7
2014,7,7,6,0,10.6
2014,7,7,7,32,11.3
2014,7,7,8,215,12.5
2014,7,7,9,366,13.1
2014,7,7,10,477,14.9
2014,7,7,11,535,15.9
2014,7,7,12,534,16.6
2014,7,7,13,476,17
2014,7,7,14,362,17.1
2014,7,7,15,212,16.6
2014,7,7,16,32,15.7
2014,7,7,17,0,14.8
2014,7,7,18,0,14
2014,7,7,19,0,13.2
2014,7,7,20,0,12.5
2014,7,7,21,0,12
2014,7,7,22,0,11.8
2014,7,7,23,0,11.5
2014,7,8,0,0,11.1
2014,7,8,1,0,10.9
2014,7,8,2,0,10.7
2014,7,8,3,0,10.6
2014,7,8,4,0,10.4
2014,7,8,5,0,10.1
2014,7,8,6,0,10
2014,7,8,7,55,10.5
2014,7,8,8,217,11.6
2014,7,8,9,370,12.2
2014,7,8,10,484,14
2014,7,8,11,546,15.1
2014,7,8,12,546,16
2014,7,8,13,490,16.6
2014,7,8,14,377,16.8
2014,7,8,15,222,16.2
2014,7,8,16,57,15.1
2014,7,8,17,0,14.3
2014,7,8,18,0,14
2014,7,8,19,0,13.8
2014,7,8,20,0,13.6
2014,7,8,21,0,13.1
2014,7,8,22,0,12.4
2014,7,8,23,0,11.7
2014,7,9,0,0,11
2014,7,9,1,0,10.6
2014,7,9,2,0,10.2
2014,7,9,3,0,9.9
2014,7,9,4,0,9.6
2014,7,9,5,0,9.3
2014,7,9,6,0,9.4
2014,7,9,7,33,10.3
2014,7,9,8,217,11.7
2014,7,9,9,373,12.4
2014,7,9,10,486,14.9
2014,7,9,11,547,16.4
2014,7,9,12,545,17.6
2014,7,9,13,484,18.4
2014,7,9,14,368,18.7
2014,7,9,15,214,18.2
2014,7,9,16,52,17.4
2014,7,9,17,0,16.6
2014,7,9,18,0,15.6
2014,7,9,19,0,14.6
2014,7,9,20,0,13.9
2014,7,9,21,0,13.3
2014,7,9,22,0,12.7
2014,7,9,23,0,12.4
2014,7,10,0,0,12.1
2014,7,10,1,0,11.7
2014,7,10,2,0,11.4
2014,7,10,3,0,11.1
2014,7,10,4,0,10.8
2014,7,10,5,0,10.7
2014,7,10,6,0,10.7
2014,7,10,7,44,11.4
2014,7,10,8,215,12.3
2014,7,10,9,365,12.6
2014,7,10,10,479,13.4
2014,7,10,11,541,14.1
2014,7,10,12,543,14.8
2014,7,10,13,486,15.3
2014,7,10,14,375,15.2
2014,7,10,15,223,14.5
2014,7,10,16,60,13.4
2014,7,10,17,0,12.6
2014,7,10,18,0,12
2014,7,10,19,0,11.6
2014,7,10,20,0,11.6
2014,7,10,21,0,11.6
2014,7,10,22,0,11.7
2014,7,10,23,0,11.8
2014,7,11,0,0,11.9
2014,7,11,1,0,11.9
2014,7,11,2,0,11.8
2014,7,11,3,0,11.8
2014,7,11,4,0,11.8
2014,7,11,5,0,11.7
2014,7,11,6,0,11.7
2014,7,11,7,33,12.3
2014,7,11,8,220,13.1
2014,7,11,9,375,13.5
2014,7,11,10,487,14.8
2014,7,11,11,550,15.6
2014,7,11,12,550,16.3
2014,7,11,13,493,16.7
2014,7,11,14,382,16.8
2014,7,11,15,227,16.2
2014,7,11,16,61,15.1
2014,7,11,17,0,14
2014,7,11,18,0,13.1
2014,7,11,19,0,12.2
2014,7,11,20,0,11.4
2014,7,11,21,0,10.8
2014,7,11,22,0,10.3
2014,7,11,23,0,10
2014,7,12,0,0,9.8
2014,7,12,1,0,9.6
2014,7,12,2,0,9.4
2014,7,12,3,0,9.3
2014,7,12,4,0,9.3
2014,7,12,5,0,9.3
2014,7,12,6,0,9.5
2014,7,12,7,35,10.4
2014,7,12,8,226,11.9
2014,7,12,9,381,12.7
2014,7,12,10,490,14.7
2014,7,12,11,548,15.8
2014,7,12,12,546,16.6
2014,7,12,13,487,17
2014,7,12,14,374,17
2014,7,12,15,180,16.4
2014,7,12,16,48,15.5
2014,7,12,17,0,14.5
2014,7,12,18,0,13.7
2014,7,12,19,0,12.8
2014,7,12,20,0,12.3
2014,7,12,21,0,11.9
2014,7,12,22,0,11.5
2014,7,12,23,0,11
2014,7,13,0,0,10.7
2014,7,13,1,0,10.4
2014,7,13,2,0,10.1
2014,7,13,3,0,9.8
2014,7,13,4,0,9.6
2014,7,13,5,0,9.5
2014,7,13,6,0,9.7
2014,7,13,7,55,10.4
2014,7,13,8,217,11.5
2014,7,13,9,370,12
2014,7,13,10,479,13.4
2014,7,13,11,540,14.1
2014,7,13,12,539,14.5
2014,7,13,13,373,14.7
2014,7,13,14,374,14.7
2014,7,13,15,155,14.3
2014,7,13,16,37,13.6
2014,7,13,17,0,13.1
2014,7,13,18,0,12.8
2014,7,13,19,0,12.7
2014,7,13,20,0,12.5
2014,7,13,21,0,12.3
2014,7,13,22,0,12.1
2014,7,13,23,0,12
2014,7,14,0,0,12
2014,7,14,1,0,12
2014,7,14,2,0,11.9
2014,7,14,3,0,11.7
2014,7,14,4,0,11.4
2014,7,14,5,0,11.1
2014,7,14,6,0,11
2014,7,14,7,26,11.5
2014,7,14,8,217,12.6
2014,7,14,9,217,13.2
2014,7,14,10,349,14.8
2014,7,14,11,537,15.5
2014,7,14,12,401,15.8
2014,7,14,13,408,15.8
2014,7,14,14,306,15.6
2014,7,14,15,175,15.1
2014,7,14,16,47,14.7
2014,7,14,17,0,14.4
2014,7,14,18,0,14.3
2014,7,14,19,0,14.3
2014,7,14,20,0,14.4
2014,7,14,21,0,14.5
2014,7,14,22,0,14.5
2014,7,14,23,0,14.3
2014,7,15,0,0,14.1
2014,7,15,1,0,13.8
2014,7,15,2,0,13.7
2014,7,15,3,0,13.7
2014,7,15,4,0,13.7
2014,7,15,5,0,13.6
2014,7,15,6,0,13.6
2014,7,15,7,26,13.6
2014,7,15,8,88,14
2014,7,15,9,183,14.2
2014,7,15,10,232,15.1
2014,7,15,11,138,15.7
2014,7,15,12,175,16.1
2014,7,15,13,165,16.4
2014,7,15,14,112,16.4
2014,7,15,15,60,16
2014,7,15,16,18,15.3
2014,7,15,17,0,14.8
2014,7,15,18,0,14.6
2014,7,15,19,0,14.6
2014,7,15,20,0,14.6
2014,7,15,21,0,14.3
2014,7,15,22,0,14
2014,7,15,23,0,13.7
2014,7,16,0,0,13.6
2014,7,16,1,0,13.6
2014,7,16,2,0,13.7
2014,7,16,3,0,13.7
2014,7,16,4,0,13.6
2014,7,16,5,0,13.5
2014,7,16,6,0,13.3
2014,7,16,7,5,13.2
2014,7,16,8,10,13.3
2014,7,16,9,17,13.4
2014,7,16,10,39,14.6
2014,7,16,11,53,15.3
2014,7,16,12,424,16
2014,7,16,13,486,16.7
2014,7,16,14,372,17
2014,7,16,15,127,16.7
2014,7,16,16,44,16.1
2014,7,16,17,0,15.5
2014,7,16,18,0,14.8
2014,7,16,19,0,14.1
2014,7,16,20,0,13.5
2014,7,16,21,0,13
2014,7,16,22,0,12.7
2014,7,16,23,0,12.4
2014,7,17,0,0,12.2
2014,7,17,1,0,12.1
2014,7,17,2,0,12
2014,7,17,3,0,12
2014,7,17,4,0,11.9
2014,7,17,5,0,11.8
2014,7,17,6,0,11.9
2014,7,17,7,40,12.8
2014,7,17,8,229,14.1
2014,7,17,9,385,14.7
2014,7,17,10,495,16.4
2014,7,17,11,552,17.4
2014,7,17,12,552,17.8
2014,7,17,13,492,17.8
2014,7,17,14,297,17.1
2014,7,17,15,169,16
2014,7,17,16,45,14.7
2014,7,17,17,0,13.7
2014,7,17,18,0,12.9
2014,7,17,19,0,12.3
2014,7,17,20,0,11.8
2014,7,17,21,0,11.4
2014,7,17,22,0,11.1
2014,7,17,23,0,10.7
2014,7,18,0,0,10.4
2014,7,18,1,0,10.2
2014,7,18,2,0,9.8
2014,7,18,3,0,9.5
2014,7,18,4,0,9.3
2014,7,18,5,0,9.3
2014,7,18,6,0,9.3
2014,7,18,7,65,9.6
2014,7,18,8,234,10.4
2014,7,18,9,391,10.9
2014,7,18,10,501,12.7
2014,7,18,11,560,13.3
2014,7,18,12,561,14
2014,7,18,13,364,14.7
2014,7,18,14,302,15
2014,7,18,15,54,14.8
2014,7,18,16,14,14.3
2014,7,18,17,0,13.8
2014,7,18,18,0,13.3
2014,7,18,19,0,13
2014,7,18,20,0,12.7
2014,7,18,21,0,12.3
2014,7,18,22,0,11.8
2014,7,18,23,0,11.4
2014,7,19,0,0,11.1
2014,7,19,1,0,10.9
2014,7,19,2,0,10.8
2014,7,19,3,0,10.9
2014,7,19,4,0,11.1
2014,7,19,5,0,11.1
2014,7,19,6,0,11.2
2014,7,19,7,29,11.8
2014,7,19,8,121,12.7
2014,7,19,9,308,13.1
2014,7,19,10,482,13.8
2014,7,19,11,120,14
2014,7,19,12,353,14.2
2014,7,19,13,149,14.3
2014,7,19,14,150,14.4
2014,7,19,15,89,14.4
2014,7,19,16,23,14.2
2014,7,19,17,0,14.2
2014,7,19,18,0,14.2
2014,7,19,19,0,14.3
2014,7,19,20,0,14.3
2014,7,19,21,0,14.2
2014,7,19,22,0,14.2
2014,7,19,23,0,14.3
2014,7,20,0,0,14.3
2014,7,20,1,0,14.2
2014,7,20,2,0,14.1
2014,7,20,3,0,14
2014,7,20,4,0,13.9
2014,7,20,5,0,13.8
2014,7,20,6,0,13.8
2014,7,20,7,55,13.9
2014,7,20,8,15,14.2
2014,7,20,9,142,14.4
2014,7,20,10,191,15.1
2014,7,20,11,183,15.4
2014,7,20,12,213,15.5
2014,7,20,13,350,15.5
2014,7,20,14,249,15.5
2014,7,20,15,93,15.3
2014,7,20,16,24,15
2014,7,20,17,0,14.9
2014,7,20,18,0,14.8
2014,7,20,19,0,14.8
2014,7,20,20,0,14.7
2014,7,20,21,0,14.6
2014,7,20,22,0,14.3
2014,7,20,23,0,14.1
2014,7,21,0,0,13.9
2014,7,21,1,0,13.7
2014,7,21,2,0,13.6
2014,7,21,3,0,13.4
2014,7,21,4,0,13.3
2014,7,21,5,0,13.2
2014,7,21,6,0,13.2
2014,7,21,7,26,13.6
2014,7,21,8,226,14.4
2014,7,21,9,312,14.7
2014,7,21,10,280,15.4
2014,7,21,11,402,15.7
2014,7,21,12,418,15.8
2014,7,21,13,495,15.8
2014,7,21,14,384,15.7
2014,7,21,15,233,15.4
2014,7,21,16,47,14.9
2014,7,21,17,0,14.6
2014,7,21,18,0,14.4
2014,7,21,19,0,14.3
2014,7,21,20,0,14.2
2014,7,21,21,0,14.2
2014,7,21,22,0,14.1
2014,7,21,23,0,14.1
2014,7,22,0,0,13.9
2014,7,22,1,0,13.6
2014,7,22,2,0,13.3
2014,7,22,3,0,13.1
2014,7,22,4,0,12.9
2014,7,22,5,0,12.8
2014,7,22,6,0,12.9
2014,7,22,7,66,13.7
2014,7,22,8,232,14.7
2014,7,22,9,386,15
2014,7,22,10,497,15.6
2014,7,22,11,558,15.9
2014,7,22,12,562,16.1
2014,7,22,13,504,16.1
2014,7,22,14,392,16
2014,7,22,15,241,15.5
2014,7,22,16,75,14.7
2014,7,22,17,0,14
2014,7,22,18,0,13.7
2014,7,22,19,0,13.6
2014,7,22,20,0,13.6
2014,7,22,21,0,13.7
2014,7,22,22,0,13.8
2014,7,22,23,0,13.8
2014,7,23,0,0,13.7
2014,7,23,1,0,13.3
2014,7,23,2,0,12.9
2014,7,23,3,0,12.4
2014,7,23,4,0,12.1
2014,7,23,5,0,12
2014,7,23,6,0,12.1
2014,7,23,7,48,13
2014,7,23,8,178,14.2
2014,7,23,9,393,14.7
2014,7,23,10,506,15.6
2014,7,23,11,568,16.1
2014,7,23,12,570,16.4
2014,7,23,13,247,16.5
2014,7,23,14,399,16.4
2014,7,23,15,243,15.9
2014,7,23,16,26,15.2
2014,7,23,17,0,14.7
2014,7,23,18,0,14.3
2014,7,23,19,0,14
2014,7,23,20,0,13.8
2014,7,23,21,0,13.6
2014,7,23,22,0,13.4
2014,7,23,23,0,13.3
2014,7,24,0,0,13.2
2014,7,24,1,0,12.9
2014,7,24,2,0,12.7
2014,7,24,3,0,12.5
2014,7,24,4,0,12.5
2014,7,24,5,0,12.5
2014,7,24,6,0,12.7
2014,7,24,7,47,13.2
2014,7,24,8,166,14.1
2014,7,24,9,181,14.6
2014,7,24,10,130,16
2014,7,24,11,245,16.7
2014,7,24,12,235,17.3
2014,7,24,13,277,17.7
2014,7,24,14,172,17.9
2014,7,24,15,153,17.4
2014,7,24,16,26,16.5
2014,7,24,17,0,15.7
2014,7,24,18,0,15.2
2014,7,24,19,0,14.9
2014,7,24,20,0,14.6
2014,7,24,21,0,14.3
2014,7,24,22,0,13.9
2014,7,24,23,0,13.5
2014,7,25,0,0,13.2
2014,7,25,1,0,12.9
2014,7,25,2,0,12.5
2014,7,25,3,0,12.3
2014,7,25,4,0,12
2014,7,25,5,0,11.7
2014,7,25,6,0,11.7
2014,7,25,7,5,12.5
2014,7,25,8,9,13.9
2014,7,25,9,15,14.6
2014,7,25,10,43,17.2
2014,7,25,11,74,18.7
2014,7,25,12,350,19.3
2014,7,25,13,332,18.8
2014,7,25,14,52,18.2
2014,7,25,15,88,17.6
2014,7,25,16,25,16.8
2014,7,25,17,0,16.3
2014,7,25,18,0,15.9
2014,7,25,19,0,15.6
2014,7,25,20,0,15.4
2014,7,25,21,0,15.1
2014,7,25,22,0,14.9
2014,7,25,23,0,14.8
2014,7,26,0,0,14.6
2014,7,26,1,0,14.2
2014,7,26,2,0,13.8
2014,7,26,3,0,13.3
2014,7,26,4,0,12.9
2014,7,26,5,0,12.5
2014,7,26,6,0,12.4
2014,7,26,7,4,12.8
2014,7,26,8,9,13.5
2014,7,26,9,15,13.9
2014,7,26,10,28,15
2014,7,26,11,101,15.5
2014,7,26,12,556,16
2014,7,26,13,515,16.7
2014,7,26,14,280,17.3
2014,7,26,15,254,17.3
2014,7,26,16,84,16.6
2014,7,26,17,0,15.8
2014,7,26,18,0,15.2
2014,7,26,19,0,14.9
2014,7,26,20,0,14.5
2014,7,26,21,0,13.9
2014,7,26,22,0,13.4
2014,7,26,23,0,13.1
2014,7,27,0,0,12.7
2014,7,27,1,0,12.5
2014,7,27,2,0,12.3
2014,7,27,3,0,12.1
2014,7,27,4,0,12
2014,7,27,5,0,11.9
2014,7,27,6,0,12.2
2014,7,27,7,42,13.1
2014,7,27,8,249,14.3
2014,7,27,9,408,14.9
2014,7,27,10,526,16.5
2014,7,27,11,589,17.2
2014,7,27,12,590,17.7
2014,7,27,13,538,18
2014,7,27,14,423,18
2014,7,27,15,264,17.5
2014,7,27,16,90,16.4
2014,7,27,17,0,15.6
2014,7,27,18,0,15.3
2014,7,27,19,0,15
2014,7,27,20,0,14.6
2014,7,27,21,0,14.1
2014,7,27,22,0,13.4
2014,7,27,23,0,12.8
2014,7,28,0,0,12.4
2014,7,28,1,0,12.1
2014,7,28,2,0,11.8
2014,7,28,3,0,11.4
2014,7,28,4,0,11.1
2014,7,28,5,0,10.9
2014,7,28,6,0,10.9
2014,7,28,7,51,11.7
2014,7,28,8,102,13
2014,7,28,9,421,13.7
2014,7,28,10,536,15.6
2014,7,28,11,599,16.7
2014,7,28,12,598,17.7
2014,7,28,13,395,18.4
2014,7,28,14,326,18.6
2014,7,28,15,150,18.2
2014,7,28,16,47,17.4
2014,7,28,17,0,16.5
2014,7,28,18,0,15.7
2014,7,28,19,0,15
2014,7,28,20,0,14.3
2014,7,28,21,0,13.7
2014,7,28,22,0,13.3
2014,7,28,23,0,13.1
2014,7,29,0,0,12.7
2014,7,29,1,0,12.4
2014,7,29,2,0,12.3
2014,7,29,3,0,12.2
2014,7,29,4,0,12.1
2014,7,29,5,0,12.2
2014,7,29,6,0,12.4
2014,7,29,7,30,13.1
2014,7,29,8,98,14.3
2014,7,29,9,187,14.9
2014,7,29,10,267,16.8
2014,7,29,11,387,17.9
2014,7,29,12,544,18.8
2014,7,29,13,536,19.5
2014,7,29,14,421,19.7
2014,7,29,15,263,19.3
2014,7,29,16,89,18.4
2014,7,29,17,0,17.7
2014,7,29,18,0,17.2
2014,7,29,19,0,16.7
2014,7,29,20,0,16.2
2014,7,29,21,0,15.7
2014,7,29,22,0,15.5
2014,7,29,23,0,15.3
2014,7,30,0,0,15.2
2014,7,30,1,0,15.1
2014,7,30,2,0,14.9
2014,7,30,3,0,14.7
2014,7,30,4,0,14.5
2014,7,30,5,0,14.3
2014,7,30,6,0,14.4
2014,7,30,7,28,15.3
2014,7,30,8,258,16.7
2014,7,30,9,417,17.3
2014,7,30,10,533,19
2014,7,30,11,593,19.8
2014,7,30,12,595,20.4
2014,7,30,13,540,20.7
2014,7,30,14,426,20.7
2014,7,30,15,269,20.1
2014,7,30,16,95,19.1
2014,7,30,17,0,18.2
2014,7,30,18,0,17.6
2014,7,30,19,0,17
2014,7,30,20,0,16.5
2014,7,30,21,0,16
2014,7,30,22,0,15.6
2014,7,30,23,0,15.2
2014,7,31,0,0,14.8
2014,7,31,1,0,14.5
2014,7,31,2,0,14.2
2014,7,31,3,0,13.9
2014,7,31,4,0,13.6
2014,7,31,5,0,13.4
2014,7,31,6,0,13.5
2014,7,31,7,88,14.5
2014,7,31,8,267,16
2014,7,31,9,432,16.9
2014,7,31,10,551,19.5
2014,7,31,11,615,20.7
2014,7,31,12,613,21.4
2014,7,31,13,554,21.7
2014,7,31,14,436,21.7
2014,7,31,15,278,21.3
2014,7,31,16,100,20.5
2014,7,31,17,0,19.8
2014,7,31,18,0,19.2
2014,7,31,19,0,18.7
2014,7,31,20,0,18.3
2014,7,31,21,0,18
2014,7,31,22,0,17.7
2014,7,31,23,0,17.4
2014,8,1,0,0,17.3
2014,8,1,1,0,17.2
2014,8,1,2,0,17.1
2014,8,1,3,0,17
2014,8,1,4,0,16.8
2014,8,1,5,0,16.5
2014,8,1,6,0,16.1
2014,8,1,7,82,15.9
2014,8,1,8,254,16.1
2014,8,1,9,413,16.1
2014,8,1,10,534,16.7
2014,8,1,11,82,16.9
2014,8,1,12,611,16.8
2014,8,1,13,562,16.2
2014,8,1,14,447,15.3
2014,8,1,15,288,14.5
2014,8,1,16,105,13.7
2014,8,1,17,0,13
2014,8,1,18,0,12.5
2014,8,1,19,0,11.9
2014,8,1,20,0,11.3
2014,8,1,21,0,10.8
2014,8,1,22,0,10.4
2014,8,1,23,0,10.1
2014,8,2,0,0,9.9
2014,8,2,1,0,9.6
2014,8,2,2,0,9.5
2014,8,2,3,0,9.3
2014,8,2,4,0,9.3
2014,8,2,5,0,9.2
2014,8,2,6,0,9.5
2014,8,2,7,94,10.2
2014,8,2,8,273,11.3
2014,8,2,9,435,11.9
2014,8,2,10,555,13.2
2014,8,2,11,618,13.8
2014,8,2,12,618,14.2
2014,8,2,13,561,14.4
2014,8,2,14,442,14.4
2014,8,2,15,281,13.9
2014,8,2,16,103,13.2
2014,8,2,17,0,12.7
2014,8,2,18,0,12.6
2014,8,2,19,0,12.6
2014,8,2,20,0,12.5
2014,8,2,21,0,12.5
2014,8,2,22,0,12.5
2014,8,2,23,0,12.4
2014,8,3,0,0,12.3
2014,8,3,1,0,12
2014,8,3,2,0,11.6
2014,8,3,3,0,11.2
2014,8,3,4,0,10.8
2014,8,3,5,0,10.5
2014,8,3,6,0,10.4
2014,8,3,7,9,11.2
2014,8,3,8,274,12.3
2014,8,3,9,437,12.9
2014,8,3,10,556,14.2
2014,8,3,11,620,14.8
2014,8,3,12,622,15.1
2014,8,3,13,562,15.2
2014,8,3,14,444,15.1
2014,8,3,15,283,14.7
2014,8,3,16,10,13.9
2014,8,3,17,0,13.2
2014,8,3,18,0,12.9
2014,8,3,19,0,12.8
2014,8,3,20,0,12.8
2014,8,3,21,0,12.8
2014,8,3,22,0,12.9
2014,8,3,23,0,13.1
2014,8,4,0,0,13.1
2014,8,4,1,0,12.9
2014,8,4,2,0,12.6
2014,8,4,3,0,12.1
2014,8,4,4,0,11.5
2014,8,4,5,0,10.9
2014,8,4,6,0,10.8
2014,8,4,7,97,11.5
2014,8,4,8,275,12.7
2014,8,4,9,435,13.4
2014,8,4,10,556,15.3
2014,8,4,11,618,16.2
2014,8,4,12,619,16.7
2014,8,4,13,563,17.1
2014,8,4,14,445,17.2
2014,8,4,15,283,16.8
2014,8,4,16,104,15.7
2014,8,4,17,0,14.7
2014,8,4,18,0,14.3
2014,8,4,19,0,14.1
2014,8,4,20,0,13.9
2014,8,4,21,0,13.5
2014,8,4,22,0,13.1
2014,8,4,23,0,12.8
2014,8,5,0,0,12.3
2014,8,5,1,0,11.8
2014,8,5,2,0,11.2
2014,8,5,3,0,10.7
2014,8,5,4,0,10.1
2014,8,5,5,0,9.6
2014,8,5,6,0,9.6
2014,8,5,7,101,10.6
2014,8,5,8,285,12.3
2014,8,5,9,450,13.2
2014,8,5,10,569,15.7
2014,8,5,11,633,16.8
2014,8,5,12,635,17.4
2014,8,5,13,576,17.5
2014,8,5,14,457,17.1
2014,8,5,15,293,16.1
2014,8,5,16,110,14.8
2014,8,5,17,0,13.7
2014,8,5,18,0,13.2
2014,8,5,19,0,13
2014,8,5,20,0,12.9
2014,8,5,21,0,12.9
2014,8,5,22,0,12.8
2014,8,5,23,0,12.5
2014,8,6,0,0,12.2
2014,8,6,1,0,11.7
2014,8,6,2,0,11.2
2014,8,6,3,0,10.6
2014,8,6,4,0,10.1
2014,8,6,5,0,9.7
2014,8,6,6,0,9.8
2014,8,6,7,104,10.7
2014,8,6,8,286,12.2
2014,8,6,9,450,12.9
2014,8,6,10,571,15.4
2014,8,6,11,630,16.8
2014,8,6,12,623,18
2014,8,6,13,569,18.8
2014,8,6,14,443,19.2
2014,8,6,15,273,18.8
2014,8,6,16,97,17.7
2014,8,6,17,0,16.8
2014,8,6,18,0,16
2014,8,6,19,0,15
2014,8,6,20,0,14
2014,8,6,21,0,13
2014,8,6,22,0,12.4
2014,8,6,23,0,12.1
2014,8,7,0,0,11.8
2014,8,7,1,0,11.4
2014,8,7,2,0,11.2
2014,8,7,3,0,11
2014,8,7,4,0,10.9
2014,8,7,5,0,10.8
2014,8,7,6,0,11.1
2014,8,7,7,47,12
2014,8,7,8,150,13.3
2014,8,7,9,450,14
2014,8,7,10,570,15.6
2014,8,7,11,634,16.3
2014,8,7,12,635,16.8
2014,8,7,13,578,17
2014,8,7,14,459,16.9
2014,8,7,15,297,16.4
2014,8,7,16,114,15.4
2014,8,7,17,0,14.5
2014,8,7,18,0,14.2
2014,8,7,19,0,14.1
2014,8,7,20,0,14.2
2014,8,7,21,0,14.1
2014,8,7,22,0,13.8
2014,8,7,23,0,13.3
2014,8,8,0,0,12.8
2014,8,8,1,0,12.4
2014,8,8,2,0,12.2
2014,8,8,3,0,12.2
2014,8,8,4,0,12.3
2014,8,8,5,0,12.3
2014,8,8,6,0,12.5
2014,8,8,7,7,13.2
2014,8,8,8,19,14
2014,8,8,9,448,14.3
2014,8,8,10,188,15.1
2014,8,8,11,446,15.6
2014,8,8,12,51,16
2014,8,8,13,444,16.3
2014,8,8,14,454,16.4
2014,8,8,15,294,16.1
2014,8,8,16,112,15.4
2014,8,8,17,0,14.7
2014,8,8,18,0,14.3
2014,8,8,19,0,14.1
2014,8,8,20,0,13.9
2014,8,8,21,0,13.7
2014,8,8,22,0,13.4
2014,8,8,23,0,13.2
2014,8,9,0,0,13
2014,8,9,1,0,12.6
2014,8,9,2,0,12.3
2014,8,9,3,0,12
2014,8,9,4,0,11.7
2014,8,9,5,0,11.3
2014,8,9,6,0,11.4
2014,8,9,7,109,12.3
2014,8,9,8,291,13.7
2014,8,9,9,279,14.4
2014,8,9,10,577,16.5
2014,8,9,11,640,17.6
2014,8,9,12,643,18.5
2014,8,9,13,329,19.1
2014,8,9,14,471,19.3
2014,8,9,15,307,19
2014,8,9,16,121,18.1
2014,8,9,17,0,17.2
2014,8,9,18,0,16.7
2014,8,9,19,0,16
2014,8,9,20,0,15.1
2014,8,9,21,0,14.4
2014,8,9,22,0,13.8
2014,8,9,23,0,13.3
2014,8,10,0,0,12.8
2014,8,10,1,0,12.6
2014,8,10,2,0,12.4
2014,8,10,3,0,12.2
2014,8,10,4,0,12.1
2014,8,10,5,0,12.1
2014,8,10,6,0,12.3
2014,8,10,7,20,13
2014,8,10,8,53,14.4
2014,8,10,9,62,15.2
2014,8,10,10,188,17.5
2014,8,10,11,375,18.8
2014,8,10,12,367,19.6
2014,8,10,13,577,20.2
2014,8,10,14,457,20.3
2014,8,10,15,175,19.8
2014,8,10,16,50,18.7
2014,8,10,17,0,17.6
2014,8,10,18,0,16.7
2014,8,10,19,0,15.8
2014,8,10,20,0,15
2014,8,10,21,0,14.2
2014,8,10,22,0,13.6
2014,8,10,23,0,13
2014,8,11,0,0,12.4
2014,8,11,1,0,11.9
2014,8,11,2,0,11.6
2014,8,11,3,0,11.3
2014,8,11,4,0,11
2014,8,11,5,0,10.9
2014,8,11,6,0,11.1
2014,8,11,7,7,11.8
2014,8,11,8,21,12.4
2014,8,11,9,221,12.6
2014,8,11,10,286,13.2
2014,8,11,11,471,13.5
2014,8,11,12,467,13.6
2014,8,11,13,406,13.5
2014,8,11,14,349,13.4
2014,8,11,15,213,13
2014,8,11,16,120,12.5
2014,8,11,17,0,12.1
2014,8,11,18,0,11.9
2014,8,11,19,0,11.8
2014,8,11,20,0,11.6
2014,8,11,21,0,11.2
2014,8,11,22,0,10.9
2014,8,11,23,0,10.6
2014,8,12,0,0,10.5
2014,8,12,1,0,10.6
2014,8,12,2,0,10.7
2014,8,12,3,0,11
2014,8,12,4,0,11.1
2014,8,12,5,0,11.1
2014,8,12,6,0,11
2014,8,12,7,35,11.3
2014,8,12,8,106,11.7
2014,8,12,9,79,11.9
2014,8,12,10,443,12.5
2014,8,12,11,474,12.6
2014,8,12,12,438,12.7
2014,8,12,13,259,12.8
2014,8,12,14,247,12.9
2014,8,12,15,255,12.9
2014,8,12,16,49,12.9
2014,8,12,17,0,13
2014,8,12,18,0,13.1
2014,8,12,19,0,13.1
2014,8,12,20,0,13
2014,8,12,21,0,12.8
2014,8,12,22,0,12.7
2014,8,12,23,0,12.4
2014,8,13,0,0,12.2
2014,8,13,1,0,12
2014,8,13,2,0,11.9
2014,8,13,3,0,11.9
2014,8,13,4,0,11.8
2014,8,13,5,0,11.7
2014,8,13,6,0,11.7
2014,8,13,7,121,12.1
2014,8,13,8,308,12.5
2014,8,13,9,474,12.8
2014,8,13,10,595,13.9
2014,8,13,11,661,14.5
2014,8,13,12,663,14.9
2014,8,13,13,602,15
2014,8,13,14,482,14.8
2014,8,13,15,318,14.4
2014,8,13,16,129,13.6
2014,8,13,17,0,12.8
2014,8,13,18,0,12.6
2014,8,13,19,0,12.4
2014,8,13,20,0,12.3
2014,8,13,21,0,12.2
2014,8,13,22,0,12.1
2014,8,13,23,0,12
2014,8,14,0,0,11.8
2014,8,14,1,0,11.6
2014,8,14,2,0,11.3
2014,8,14,3,0,11.1
2014,8,14,4,0,10.9
2014,8,14,5,0,10.7
2014,8,14,6,0,11
2014,8,14,7,128,12
2014,8,14,8,314,13.2
2014,8,14,9,478,13.8
2014,8,14,10,591,15.2
2014,8,14,11,653,15.7
2014,8,14,12,653,16
2014,8,14,13,592,16.1
2014,8,14,14,472,16.1
2014,8,14,15,309,15.8
2014,8,14,16,126,15.1
2014,8,14,17,0,14.4
2014,8,14,18,0,14.1
2014,8,14,19,0,14
2014,8,14,20,0,13.9
2014,8,14,21,0,13.8
2014,8,14,22,0,13.7
2014,8,14,23,0,13.5
2014,8,15,0,0,13.2
2014,8,15,1,0,12.8
2014,8,15,2,0,12.4
2014,8,15,3,0,12.1
2014,8,15,4,0,11.9
2014,8,15,5,0,11.8
2014,8,15,6,0,12
2014,8,15,7,133,12.9
2014,8,15,8,321,14
2014,8,15,9,488,14.5
2014,8,15,10,607,15.9
2014,8,15,11,673,16.5
2014,8,15,12,673,16.9
2014,8,15,13,610,17
2014,8,15,14,489,16.9
2014,8,15,15,323,16.5
2014,8,15,16,134,15.6
2014,8,15,17,0,14.7
2014,8,15,18,0,14.3
2014,8,15,19,0,14
2014,8,15,20,0,13.9
2014,8,15,21,0,13.9
2014,8,15,22,0,14
2014,8,15,23,0,14.1
2014,8,16,0,0,14
2014,8,16,1,0,13.9
2014,8,16,2,0,13.5
2014,8,16,3,0,13.2
2014,8,16,4,0,13
2014,8,16,5,0,13
2014,8,16,6,0,13.2
2014,8,16,7,76,14.1
2014,8,16,8,197,15.2
2014,8,16,9,140,15.7
2014,8,16,10,240,16.3
2014,8,16,11,193,16.3
2014,8,16,12,83,15.9
2014,8,16,13,283,15.5
2014,8,16,14,194,15.3
2014,8,16,15,207,15.2
2014,8,16,16,79,14.7
2014,8,16,17,0,14.4
2014,8,16,18,0,14.4
2014,8,16,19,0,14.3
2014,8,16,20,0,14.3
2014,8,16,21,0,14.4
2014,8,16,22,0,14.5
2014,8,16,23,0,14.5
2014,8,17,0,0,14.5
2014,8,17,1,0,14.5
2014,8,17,2,0,14.6
2014,8,17,3,0,14.9
2014,8,17,4,0,14.9
2014,8,17,5,0,14.8
2014,8,17,6,0,14.9
2014,8,17,7,6,15.1
2014,8,17,8,11,15.4
2014,8,17,9,41,15.5
2014,8,17,10,42,15.7
2014,8,17,11,92,15.8
2014,8,17,12,50,15.8
2014,8,17,13,594,15.8
2014,8,17,14,473,15.7
2014,8,17,15,153,15.4
2014,8,17,16,123,15
2014,8,17,17,0,14.6
2014,8,17,18,0,14.2
2014,8,17,19,0,13.7
2014,8,17,20,0,13.1
2014,8,17,21,0,12.5
2014,8,17,22,0,11.9
2014,8,17,23,0,11.2
2014,8,18,0,0,10.7
2014,8,18,1,0,10.5
2014,8,18,2,0,10.4
2014,8,18,3,0,10.5
2014,8,18,4,0,10.7
2014,8,18,5,0,11.2
2014,8,18,6,0,12.2
2014,8,18,7,6,13.2
2014,8,18,8,12,13.9
2014,8,18,9,113,14
2014,8,18,10,52,14.4
2014,8,18,11,166,14.5
2014,8,18,12,267,14.7
2014,8,18,13,234,14.8
2014,8,18,14,78,14.7
2014,8,18,15,82,14.5
2014,8,18,16,32,14.3
2014,8,18,17,0,14.2
2014,8,18,18,0,14.2
2014,8,18,19,0,14.4
2014,8,18,20,0,14.6
2014,8,18,21,0,14.8
2014,8,18,22,0,15
2014,8,18,23,0,15.1
2014,8,19,0,0,15.1
2014,8,19,1,0,15
2014,8,19,2,0,14.9
2014,8,19,3,0,14.7
2014,8,19,4,0,14.7
2014,8,19,5,0,14.8
2014,8,19,6,0,15
2014,8,19,7,85,15.3
2014,8,19,8,317,15.6
2014,8,19,9,351,15.8
2014,8,19,10,601,16.3
2014,8,19,11,59,16.5
2014,8,19,12,275,16.5
2014,8,19,13,124,16.3
2014,8,19,14,94,16
2014,8,19,15,88,15.5
2014,8,19,16,35,15.1
2014,8,19,17,0,14.7
2014,8,19,18,0,14.5
2014,8,19,19,0,14.4
2014,8,19,20,0,14.1
2014,8,19,21,0,13.8
2014,8,19,22,0,13.6
2014,8,19,23,0,13.5
2014,8,20,0,0,13.3
2014,8,20,1,0,13.1
2014,8,20,2,0,12.7
2014,8,20,3,0,12.5
2014,8,20,4,0,12.4
2014,8,20,5,0,12.3
2014,8,20,6,0,12.4
2014,8,20,7,146,12.9
2014,8,20,8,221,13.5
2014,8,20,9,500,13.8
2014,8,20,10,233,14.7
2014,8,20,11,679,14.9
2014,8,20,12,282,14.9
2014,8,20,13,616,15
2014,8,20,14,248,15.1
2014,8,20,15,195,15.1
2014,8,20,16,141,14.7
2014,8,20,17,0,14.4
2014,8,20,18,0,14.3
2014,8,20,19,0,14.3
2014,8,20,20,0,14.2
2014,8,20,21,0,14.1
2014,8,20,22,0,13.9
2014,8,20,23,0,13.9
2014,8,21,0,0,13.8
2014,8,21,1,0,13.7
2014,8,21,2,0,13.5
2014,8,21,3,0,13.4
2014,8,21,4,0,13.4
2014,8,21,5,0,13.4
2014,8,21,6,0,13.6
2014,8,21,7,48,14.1
2014,8,21,8,127,14.6
2014,8,21,9,503,14.9
2014,8,21,10,626,15.5
2014,8,21,11,689,15.8
2014,8,21,12,689,16
2014,8,21,13,618,16
2014,8,21,14,496,16
2014,8,21,15,330,15.6
2014,8,21,16,143,15
2014,8,21,17,0,14.5
2014,8,21,18,0,14.3
2014,8,21,19,0,14.3
2014,8,21,20,0,14.3
2014,8,21,21,0,14.3
2014,8,21,22,0,14.2
2014,8,21,23,0,14.2
2014,8,22,0,0,14.2
2014,8,22,1,0,14.1
2014,8,22,2,0,14
2014,8,22,3,0,14
2014,8,22,4,0,13.9
2014,8,22,5,0,13.9
2014,8,22,6,0,14.3
2014,8,22,7,155,15
2014,8,22,8,345,15.6
2014,8,22,9,510,15.8
2014,8,22,10,632,16.5
2014,8,22,11,693,16.8
2014,8,22,12,692,16.8
2014,8,22,13,623,16.7
2014,8,22,14,501,16.5
2014,8,22,15,335,16.2
2014,8,22,16,146,15.5
2014,8,22,17,0,15
2014,8,22,18,0,14.8
2014,8,22,19,0,14.8
2014,8,22,20,0,14.9
2014,8,22,21,0,15
2014,8,22,22,0,15.2
2014,8,22,23,0,15.4
2014,8,23,0,0,15.4
2014,8,23,1,0,15.3
2014,8,23,2,0,15.1
2014,8,23,3,0,14.9
2014,8,23,4,0,14.7
2014,8,23,5,0,14.5
2014,8,23,6,0,14.6
2014,8,23,7,66,15
2014,8,23,8,160,15.2
2014,8,23,9,391,15.3
2014,8,23,10,487,15.8
2014,8,23,11,529,16
2014,8,23,12,399,16.1
2014,8,23,13,280,16.1
2014,8,23,14,180,16
2014,8,23,15,258,15.9
2014,8,23,16,107,15.5
2014,8,23,17,0,15.2
2014,8,23,18,0,15.2
2014,8,23,19,0,15.4
2014,8,23,20,0,15.5
2014,8,23,21,0,15.6
2014,8,23,22,0,15.6
2014,8,23,23,0,15.6
2014,8,24,0,0,15.6
2014,8,24,1,0,15.4
2014,8,24,2,0,15.1
2014,8,24,3,0,14.8
2014,8,24,4,0,14.5
2014,8,24,5,0,14.4
2014,8,24,6,0,14.7
2014,8,24,7,163,15.1
2014,8,24,8,354,15.6
2014,8,24,9,520,15.7
2014,8,24,10,633,16.6
2014,8,24,11,58,17.1
2014,8,24,12,693,17.6
2014,8,24,13,633,17.9
2014,8,24,14,511,18
2014,8,24,15,342,17.7
2014,8,24,16,152,17
2014,8,24,17,0,16.2
2014,8,24,18,0,15.8
2014,8,24,19,0,15.6
2014,8,24,20,0,15.4
2014,8,24,21,0,15.3
2014,8,24,22,0,15.2
2014,8,24,23,0,14.9
2014,8,25,0,0,14.6
2014,8,25,1,0,14.2
2014,8,25,2,0,14
2014,8,25,3,0,13.9
2014,8,25,4,0,14
2014,8,25,5,0,14.1
2014,8,25,6,0,14.4
2014,8,25,7,168,15.1
2014,8,25,8,361,16.2
2014,8,25,9,529,16.8
2014,8,25,10,648,17.8
2014,8,25,11,710,18.1
2014,8,25,12,708,18.2
2014,8,25,13,638,18.2
2014,8,25,14,513,17.8
2014,8,25,15,344,17.3
2014,8,25,16,151,16.4
2014,8,25,17,0,15.5
2014,8,25,18,0,15.2
2014,8,25,19,0,15.1
2014,8,25,20,0,15.1
2014,8,25,21,0,15.2
2014,8,25,22,0,15.1
2014,8,25,23,0,14.9
2014,8,26,0,0,14.8
2014,8,26,1,0,14.6
2014,8,26,2,0,14.5
2014,8,26,3,0,14.4
2014,8,26,4,0,14.5
2014,8,26,5,0,14.6
2014,8,26,6,1,15
2014,8,26,7,7,15.4
2014,8,26,8,14,15.6
2014,8,26,9,22,15.7
2014,8,26,10,189,15.8
2014,8,26,11,133,15.8
2014,8,26,12,318,15.9
2014,8,26,13,302,15.9
2014,8,26,14,187,16.1
2014,8,26,15,202,16.2
2014,8,26,16,82,16.1
2014,8,26,17,0,16
2014,8,26,18,0,16
2014,8,26,19,0,16
2014,8,26,20,0,16
2014,8,26,21,0,15.9
2014,8,26,22,0,15.8
2014,8,26,23,0,15.7
2014,8,27,0,0,15.6
2014,8,27,1,0,15.5
2014,8,27,2,0,15.4
2014,8,27,3,0,15.3
2014,8,27,4,0,15.2
2014,8,27,5,0,15.2
2014,8,27,6,2,15.6
2014,8,27,7,14,16
2014,8,27,8,377,16.3
2014,8,27,9,547,16.4
2014,8,27,10,660,16.8
2014,8,27,11,77,16.9
2014,8,27,12,720,16.9
2014,8,27,13,652,16.8
2014,8,27,14,526,16.6
2014,8,27,15,26,16.2
2014,8,27,16,11,15.7
2014,8,27,17,0,15.4
2014,8,27,18,0,15.3
2014,8,27,19,0,15.2
2014,8,27,20,0,15.2
2014,8,27,21,0,15.1
2014,8,27,22,0,15
2014,8,27,23,0,14.9
2014,8,28,0,0,14.8
2014,8,28,1,0,14.7
2014,8,28,2,0,14.6
2014,8,28,3,0,14.7
2014,8,28,4,0,14.8
2014,8,28,5,0,14.9
2014,8,28,6,3,15.3
2014,8,28,7,30,15.8
2014,8,28,8,369,16.3
2014,8,28,9,115,16.5
2014,8,28,10,435,17
2014,8,28,11,728,17.2
2014,8,28,12,727,17.2
2014,8,28,13,661,17.1
2014,8,28,14,534,16.8
2014,8,28,15,361,16.4
2014,8,28,16,164,15.8
2014,8,28,17,0,15.2
2014,8,28,18,0,14.9
2014,8,28,19,0,14.7
2014,8,28,20,0,14.5
2014,8,28,21,0,14.4
2014,8,28,22,0,14.3
2014,8,28,23,0,14.2
2014,8,29,0,0,14.1
2014,8,29,1,0,13.8
2014,8,29,2,0,13.6
2014,8,29,3,0,13.4
2014,8,29,4,0,13.2
2014,8,29,5,0,13
2014,8,29,6,2,13.4
2014,8,29,7,16,14.2
2014,8,29,8,37,14.9
2014,8,29,9,196,15.2
2014,8,29,10,470,15.9
2014,8,29,11,171,16.2
2014,8,29,12,735,16.2
2014,8,29,13,327,16.2
2014,8,29,14,541,16
2014,8,29,15,271,15.7
2014,8,29,16,167,15.2
2014,8,29,17,0,14.7
2014,8,29,18,0,14.6
2014,8,29,19,0,14.5
2014,8,29,20,0,14.6
2014,8,29,21,0,14.7
2014,8,29,22,0,14.9
2014,8,29,23,0,15.1
2014,8,30,0,0,15.1
2014,8,30,1,0,14.8
2014,8,30,2,0,14.6
2014,8,30,3,0,14.4
2014,8,30,4,0,14.3
2014,8,30,5,0,14.3
2014,8,30,6,2,14.5
2014,8,30,7,12,14.9
2014,8,30,8,28,15.4
2014,8,30,9,524,15.7
2014,8,30,10,279,16.1
2014,8,30,11,164,16.3
2014,8,30,12,530,16.5
2014,8,30,13,636,16.6
2014,8,30,14,511,16.6
2014,8,30,15,344,16.4
2014,8,30,16,157,15.9
2014,8,30,17,0,15.4
2014,8,30,18,0,15.2
2014,8,30,19,0,15.1
2014,8,30,20,0,15
2014,8,30,21,0,14.9
2014,8,30,22,0,14.7
2014,8,30,23,0,14.6
2014,8,31,0,0,14.5
2014,8,31,1,0,14.4
2014,8,31,2,0,14.2
2014,8,31,3,0,14.1
2014,8,31,4,0,13.9
2014,8,31,5,0,13.7
2014,8,31,6,23,13.9
2014,8,31,7,198,14.7
2014,8,31,8,395,15.6
2014,8,31,9,564,16.1
2014,8,31,10,684,17.2
2014,8,31,11,746,17.8
2014,8,31,12,742,18.2
2014,8,31,13,678,18.4
2014,8,31,14,551,18.4
2014,8,31,15,375,18
2014,8,31,16,176,17
2014,8,31,17,0,15.9
2014,8,31,18,0,15.4
2014,8,31,19,0,15.2
2014,8,31,20,0,15.1
2014,8,31,21,0,14.8
2014,8,31,22,0,14.3
2014,8,31,23,0,13.8
2014,9,1,0,0,13.4
2014,9,1,1,0,13.1
2014,9,1,2,0,12.8
2014,9,1,3,0,12.6
2014,9,1,4,0,12.3
2014,9,1,5,0,12
2014,9,1,6,26,12.3
2014,9,1,7,206,13.3
2014,9,1,8,409,14.7
2014,9,1,9,581,15.6
2014,9,1,10,708,17.9
2014,9,1,11,768,18.9
2014,9,1,12,756,19.3
2014,9,1,13,536,19.2
2014,9,1,14,431,19.1
2014,9,1,15,212,18.8
2014,9,1,16,88,18.2
2014,9,1,17,0,17.6
2014,9,1,18,0,17.2
2014,9,1,19,0,16.8
2014,9,1,20,0,16.3
2014,9,1,21,0,15.7
2014,9,1,22,0,15.3
2014,9,1,23,0,15.1
2014,9,2,0,0,15
2014,9,2,1,0,14.9
2014,9,2,2,0,14.7
2014,9,2,3,0,14.7
2014,9,2,4,0,14.6
2014,9,2,5,0,14.4
2014,9,2,6,13,14.4
2014,9,2,7,83,14.6
2014,9,2,8,186,14.7
2014,9,2,9,193,14.6
2014,9,2,10,37,14.5
2014,9,2,11,43,14.8
2014,9,2,12,103,15.3
2014,9,2,13,516,15.7
2014,9,2,14,211,15.9
2014,9,2,15,246,15.6
2014,9,2,16,106,14.8
2014,9,2,17,2,13.6
2014,9,2,18,0,12.6
2014,9,2,19,0,11.8
2014,9,2,20,0,11.5
2014,9,2,21,0,11.4
2014,9,2,22,0,11.3
2014,9,2,23,0,11.3
2014,9,3,0,0,11.4
2014,9,3,1,0,11.6
2014,9,3,2,0,11.9
2014,9,3,3,0,12.1
2014,9,3,4,0,12.2
2014,9,3,5,0,12.3
2014,9,3,6,19,12.3
2014,9,3,7,131,12.6
2014,9,3,8,381,13.1
2014,9,3,9,551,13.5
2014,9,3,10,694,14.3
2014,9,3,11,347,14.6
2014,9,3,12,736,14.7
2014,9,3,13,661,14.8
2014,9,3,14,532,14.8
2014,9,3,15,360,14.8
2014,9,3,16,56,14.4
2014,9,3,17,3,14
2014,9,3,18,0,13.8
2014,9,3,19,0,13.5
2014,9,3,20,0,13.1
2014,9,3,21,0,12.8
2014,9,3,22,0,12.4
2014,9,3,23,0,12.2
2014,9,4,0,0,12
2014,9,4,1,0,11.9
2014,9,4,2,0,11.8
2014,9,4,3,0,11.7
2014,9,4,4,0,11.7
2014,9,4,5,0,11.8
2014,9,4,6,33,12.1
2014,9,4,7,214,12.9
2014,9,4,8,411,13.7
2014,9,4,9,474,14.1
2014,9,4,10,705,15
2014,9,4,11,761,15.3
2014,9,4,12,475,15.4
2014,9,4,13,332,15.4
2014,9,4,14,549,15.4
2014,9,4,15,305,15.1
2014,9,4,16,129,14.6
2014,9,4,17,7,14
2014,9,4,18,0,13.7
2014,9,4,19,0,13.5
2014,9,4,20,0,13.4
2014,9,4,21,0,13.3
2014,9,4,22,0,13.1
2014,9,4,23,0,12.9
2014,9,5,0,0,12.7
2014,9,5,1,0,12.6
2014,9,5,2,0,12.6
2014,9,5,3,0,12.5
2014,9,5,4,0,12.6
2014,9,5,5,0,12.7
2014,9,5,6,9,13.2
2014,9,5,7,56,13.9
2014,9,5,8,306,14.6
2014,9,5,9,382,15
2014,9,5,10,138,15.9
2014,9,5,11,766,16.2
2014,9,5,12,758,16.3
2014,9,5,13,690,16.2
2014,9,5,14,558,16
2014,9,5,15,380,15.5
2014,9,5,16,26,14.7
2014,9,5,17,15,14
2014,9,5,18,0,13.6
2014,9,5,19,0,13.3
2014,9,5,20,0,13.2
2014,9,5,21,0,13
2014,9,5,22,0,12.9
2014,9,5,23,0,12.7
2014,9,6,0,0,12.6
2014,9,6,1,0,12.6
2014,9,6,2,0,12.6
2014,9,6,3,0,12.7
2014,9,6,4,0,12.8
2014,9,6,5,0,13.1
2014,9,6,6,3,13.8
2014,9,6,7,15,14.7
2014,9,6,8,33,15.3
2014,9,6,9,84,15.6
2014,9,6,10,191,16.3
2014,9,6,11,560,16.5
2014,9,6,12,774,16.5
2014,9,6,13,547,16.5
2014,9,6,14,180,16.3
2014,9,6,15,385,15.9
2014,9,6,16,45,15.4
2014,9,6,17,4,14.8
2014,9,6,18,0,14.5
2014,9,6,19,0,14.5
2014,9,6,20,0,14.5
2014,9,6,21,0,14.5
2014,9,6,22,0,14.6
2014,9,6,23,0,14.6
2014,9,7,0,0,14.4
2014,9,7,1,0,14.2
2014,9,7,2,0,13.9
2014,9,7,3,0,13.8
2014,9,7,4,0,13.7
2014,9,7,5,0,13.7
2014,9,7,6,4,14
2014,9,7,7,16,14.6
2014,9,7,8,33,15.1
2014,9,7,9,92,15.3
2014,9,7,10,478,16
2014,9,7,11,556,16.2
2014,9,7,12,778,16.3
2014,9,7,13,702,16.4
2014,9,7,14,570,16.4
2014,9,7,15,96,16.3
2014,9,7,16,39,15.8
2014,9,7,17,4,15.3
2014,9,7,18,0,15.1
2014,9,7,19,0,15
2014,9,7,20,0,14.9
2014,9,7,21,0,14.8
2014,9,7,22,0,14.7
2014,9,7,23,0,14.5
2014,9,8,0,0,14.3
2014,9,8,1,0,14.2
2014,9,8,2,0,14.1
2014,9,8,3,0,14.1
2014,9,8,4,0,14
2014,9,8,5,0,13.9
2014,9,8,6,49,14.2
2014,9,8,7,244,14.9
2014,9,8,8,446,15.8
2014,9,8,9,619,16.3
2014,9,8,10,741,17.4
2014,9,8,11,800,17.9
2014,9,8,12,789,18.2
2014,9,8,13,714,18.3
2014,9,8,14,578,18.2
2014,9,8,15,398,17.8
2014,9,8,16,192,17.1
2014,9,8,17,19,16.3
2014,9,8,18,0,15.8
2014,9,8,19,0,15.6
2014,9,8,20,0,15.4
2014,9,8,21,0,15.1
2014,9,8,22,0,14.8
2014,9,8,23,0,14.5
2014,9,9,0,0,14.2
2014,9,9,1,0,13.9
2014,9,9,2,0,13.6
2014,9,9,3,0,13.5
2014,9,9,4,0,13.3
2014,9,9,5,0,13.2
2014,9,9,6,52,13.8
2014,9,9,7,245,15
2014,9,9,8,445,16.4
2014,9,9,9,613,17.2
2014,9,9,10,733,19
2014,9,9,11,788,19.8
2014,9,9,12,777,20.3
2014,9,9,13,702,20.4
2014,9,9,14,432,20.3
2014,9,9,15,288,19.9
2014,9,9,16,187,19.1
2014,9,9,17,12,18.2
2014,9,9,18,0,17.8
2014,9,9,19,0,17.8
2014,9,9,20,0,17.7
2014,9,9,21,0,17.5
2014,9,9,22,0,17.3
2014,9,9,23,0,17.1
2014,9,10,0,0,16.9
2014,9,10,1,0,16.6
2014,9,10,2,0,16.4
2014,9,10,3,0,16.1
2014,9,10,4,0,15.7
2014,9,10,5,0,15.4
2014,9,10,6,4,15.5
2014,9,10,7,9,16
2014,9,10,8,83,16.8
2014,9,10,9,611,17.3
2014,9,10,10,735,19
2014,9,10,11,798,19.6
2014,9,10,12,793,20
2014,9,10,13,717,20.1
2014,9,10,14,583,20
2014,9,10,15,404,19.7
2014,9,10,16,200,18.9
2014,9,10,17,21,18
2014,9,10,18,0,17.3
2014,9,10,19,0,16.6
2014,9,10,20,0,16
2014,9,10,21,0,15.5
2014,9,10,22,0,15.1
2014,9,10,23,0,14.6
2014,9,11,0,0,14.2
2014,9,11,1,0,13.9
2014,9,11,2,0,13.6
2014,9,11,3,0,13.4
2014,9,11,4,0,13.1
2014,9,11,5,0,13.1
2014,9,11,6,64,13.7
2014,9,11,7,269,14.9
2014,9,11,8,477,16.2
2014,9,11,9,651,16.8
2014,9,11,10,773,18.4
2014,9,11,11,828,19.4
2014,9,11,12,816,20.2
2014,9,11,13,738,21
2014,9,11,14,602,21.5
2014,9,11,15,416,21.6
2014,9,11,16,206,20.9
2014,9,11,17,23,19.7
2014,9,11,18,0,18.5
2014,9,11,19,0,17.5
2014,9,11,20,0,16.8
2014,9,11,21,0,16.1
2014,9,11,22,0,15.5
2014,9,11,23,0,15
2014,9,12,0,0,14.6
2014,9,12,1,0,14.2
2014,9,12,2,0,14.1
2014,9,12,3,0,14
2014,9,12,4,0,14.1
2014,9,12,5,0,14.2
2014,9,12,6,58,14.7
2014,9,12,7,18,15.2
2014,9,12,8,450,15.6
2014,9,12,9,619,15.8
2014,9,12,10,366,16
2014,9,12,11,261,16
2014,9,12,12,157,15.9
2014,9,12,13,299,15.8
2014,9,12,14,561,15.7
2014,9,12,15,384,15.6
2014,9,12,16,60,15.3
2014,9,12,17,6,14.9
2014,9,12,18,0,14.7
2014,9,12,19,0,14.7
2014,9,12,20,0,14.7
2014,9,12,21,0,14.7
2014,9,12,22,0,14.7
2014,9,12,23,0,14.8
2014,9,13,0,0,14.8
2014,9,13,1,0,14.7
2014,9,13,2,0,14.6
2014,9,13,3,0,14.6
2014,9,13,4,0,14.5
2014,9,13,5,0,14.6
2014,9,13,6,12,15
2014,9,13,7,53,15.5
2014,9,13,8,100,15.9
2014,9,13,9,141,16.1
2014,9,13,10,291,16.7
2014,9,13,11,379,17
2014,9,13,12,793,17
2014,9,13,13,711,17
2014,9,13,14,574,16.9
2014,9,13,15,395,16.8
2014,9,13,16,192,16.4
2014,9,13,17,21,15.9
2014,9,13,18,0,15.5
2014,9,13,19,0,15.4
2014,9,13,20,0,15.3
2014,9,13,21,0,15.2
2014,9,13,22,0,15
2014,9,13,23,0,14.8
2014,9,14,0,0,14.6
2014,9,14,1,0,14.3
2014,9,14,2,0,14.1
2014,9,14,3,0,13.9
2014,9,14,4,0,13.6
2014,9,14,5,0,13.4
2014,9,14,6,68,14
2014,9,14,7,266,15.3
2014,9,14,8,469,16.9
2014,9,14,9,642,17.6
2014,9,14,10,773,19.4
2014,9,14,11,832,20.3
2014,9,14,12,822,20.8
2014,9,14,13,745,20.7
2014,9,14,14,604,20.3
2014,9,14,15,418,19.5
2014,9,14,16,208,18.3
2014,9,14,17,8,16.9
2014,9,14,18,0,16.1
2014,9,14,19,0,15.7
2014,9,14,20,0,15.5
2014,9,14,21,0,15.3
2014,9,14,22,0,15.1
2014,9,14,23,0,14.9
2014,9,15,0,0,14.8
2014,9,15,1,0,14.7
2014,9,15,2,0,14.7
2014,9,15,3,0,14.6
2014,9,15,4,0,14.6
2014,9,15,5,0,14.7
2014,9,15,6,74,15.2
2014,9,15,7,276,15.9
2014,9,15,8,481,16.7
2014,9,15,9,653,17.2
2014,9,15,10,769,18.3
2014,9,15,11,825,18.8
2014,9,15,12,811,19.1
2014,9,15,13,734,19.2
2014,9,15,14,596,19
2014,9,15,15,412,18.4
2014,9,15,16,205,17.6
2014,9,15,17,26,16.7
2014,9,15,18,0,16.3
2014,9,15,19,0,16.1
2014,9,15,20,0,16
2014,9,15,21,0,16
2014,9,15,22,0,16
2014,9,15,23,0,15.9
2014,9,16,0,0,15.9
2014,9,16,1,0,15.9
2014,9,16,2,0,15.8
2014,9,16,3,0,15.7
2014,9,16,4,0,15.5
2014,9,16,5,0,15.5
2014,9,16,6,5,16
2014,9,16,7,11,16.9
2014,9,16,8,21,17.8
2014,9,16,9,34,18.3
2014,9,16,10,350,19.5
2014,9,16,11,813,20.2
2014,9,16,12,802,20.6
2014,9,16,13,71,20.9
2014,9,16,14,594,21.1
2014,9,16,15,50,20.9
2014,9,16,16,22,20.2
2014,9,16,17,4,19.2
2014,9,16,18,0,18.3
2014,9,16,19,0,17.5
2014,9,16,20,0,16.6
2014,9,16,21,0,15.9
2014,9,16,22,0,15.4
2014,9,16,23,0,15
2014,9,17,0,0,14.9
2014,9,17,1,0,14.8
2014,9,17,2,0,14.7
2014,9,17,3,0,14.7
2014,9,17,4,0,14.6
2014,9,17,5,0,14.6
2014,9,17,6,85,15.2
2014,9,17,7,211,16
2014,9,17,8,425,16.7
2014,9,17,9,679,17
2014,9,17,10,802,18
2014,9,17,11,859,18.5
2014,9,17,12,635,19
2014,9,17,13,765,19.3
2014,9,17,14,624,19.4
2014,9,17,15,438,19.2
2014,9,17,16,226,18.4
2014,9,17,17,33,17.4
2014,9,17,18,0,16.6
2014,9,17,19,0,15.9
2014,9,17,20,0,15.3
2014,9,17,21,0,14.8
2014,9,17,22,0,14.4
2014,9,17,23,0,14
2014,9,18,0,0,13.7
2014,9,18,1,0,13.4
2014,9,18,2,0,13.1
2014,9,18,3,0,12.8
2014,9,18,4,0,12.5
2014,9,18,5,0,12.4
2014,9,18,6,96,12.9
2014,9,18,7,312,13.7
2014,9,18,8,523,14.4
2014,9,18,9,695,14.7
2014,9,18,10,815,15.6
2014,9,18,11,867,16.2
2014,9,18,12,855,16.6
2014,9,18,13,773,16.8
2014,9,18,14,629,16.7
2014,9,18,15,438,16.4
2014,9,18,16,223,15.7
2014,9,18,17,32,14.9
2014,9,18,18,0,14.4
2014,9,18,19,0,14.2
2014,9,18,20,0,14
2014,9,18,21,0,13.5
2014,9,18,22,0,13
2014,9,18,23,0,12.4
2014,9,19,0,0,11.9
2014,9,19,1,0,11.5
2014,9,19,2,0,11.2
2014,9,19,3,0,11.1
2014,9,19,4,0,10.9
2014,9,19,5,0,10.9
2014,9,19,6,93,11.5
2014,9,19,7,302,12.7
2014,9,19,8,324,14
2014,9,19,9,530,14.7
2014,9,19,10,805,16.1
2014,9,19,11,691,16.8
2014,9,19,12,850,17.3
2014,9,19,13,771,17.6
2014,9,19,14,433,17.7
2014,9,19,15,369,17.5
2014,9,19,16,179,16.7
2014,9,19,17,34,15.6
2014,9,19,18,0,14.9
2014,9,19,19,0,14.6
2014,9,19,20,0,14.6
2014,9,19,21,0,14.6
2014,9,19,22,0,14.5
2014,9,19,23,0,14.3
2014,9,20,0,0,13.9
2014,9,20,1,0,13.4
2014,9,20,2,0,12.9
2014,9,20,3,0,12.5
2014,9,20,4,0,12
2014,9,20,5,0,11.8
2014,9,20,6,98,12.6
2014,9,20,7,308,14.2
2014,9,20,8,514,15.6
2014,9,20,9,684,16.1
2014,9,20,10,805,16.7
2014,9,20,11,860,16.8
2014,9,20,12,846,16.9
2014,9,20,13,771,16.8
2014,9,20,14,630,16.7
2014,9,20,15,443,16.4
2014,9,20,16,229,15.9
2014,9,20,17,36,15.2
2014,9,20,18,0,14.7
2014,9,20,19,0,14.6
2014,9,20,20,0,14.5
2014,9,20,21,0,14.4
2014,9,20,22,0,14.3
2014,9,20,23,0,14.2
2014,9,21,0,0,14
2014,9,21,1,0,13.7
2014,9,21,2,0,13.5
2014,9,21,3,0,13.3
2014,9,21,4,0,13.2
2014,9,21,5,0,13.2
2014,9,21,6,58,14
2014,9,21,7,203,15.1
2014,9,21,8,255,16
2014,9,21,9,428,16.4
2014,9,21,10,810,17.2
2014,9,21,11,866,17.6
2014,9,21,12,855,17.8
2014,9,21,13,774,17.8
2014,9,21,14,633,17.7
2014,9,21,15,445,17.3
2014,9,21,16,232,16.7
2014,9,21,17,38,15.8
2014,9,21,18,0,15.2
2014,9,21,19,0,15
2014,9,21,20,0,15
2014,9,21,21,0,15.1
2014,9,21,22,0,15.3
2014,9,21,23,0,15.3
2014,9,22,0,0,15.2
2014,9,22,1,0,15
2014,9,22,2,0,14.7
2014,9,22,3,0,14.5
2014,9,22,4,0,14.3
2014,9,22,5,0,14.4
2014,9,22,6,104,14.9
2014,9,22,7,311,15.8
2014,9,22,8,518,16.6
2014,9,22,9,693,16.9
2014,9,22,10,817,17.9
2014,9,22,11,873,18.5
2014,9,22,12,863,18.8
2014,9,22,13,785,19
2014,9,22,14,643,18.9
2014,9,22,15,454,18.5
2014,9,22,16,240,17.7
2014,9,22,17,41,16.6
2014,9,22,18,0,15.8
2014,9,22,19,0,15.4
2014,9,22,20,0,15.1
2014,9,22,21,0,14.8
2014,9,22,22,0,14.5
2014,9,22,23,0,14.2
2014,9,23,0,0,13.9
2014,9,23,1,0,13.5
2014,9,23,2,0,13.2
2014,9,23,3,0,12.8
2014,9,23,4,0,12.5
2014,9,23,5,0,12.4
2014,9,23,6,112,13.2
2014,9,23,7,327,14.8
2014,9,23,8,536,16.5
2014,9,23,9,708,17.3
2014,9,23,10,829,18.7
2014,9,23,11,884,19.4
2014,9,23,12,869,19.8
2014,9,23,13,788,19.9
2014,9,23,14,646,19.8
2014,9,23,15,457,19.5
2014,9,23,16,242,18.7
2014,9,23,17,42,17.5
2014,9,23,18,0,16.6
2014,9,23,19,0,16.1
2014,9,23,20,0,15.8
2014,9,23,21,0,15.5
2014,9,23,22,0,15.3
2014,9,23,23,0,15
2014,9,24,0,0,14.7
2014,9,24,1,0,14.4
2014,9,24,2,0,14.2
2014,9,24,3,0,14
2014,9,24,4,0,13.7
2014,9,24,5,0,13.6
2014,9,24,6,112,14.4
2014,9,24,7,323,15.9
2014,9,24,8,530,17.4
2014,9,24,9,702,18.2
2014,9,24,10,819,20.2
2014,9,24,11,872,21.2
2014,9,24,12,855,21.8
2014,9,24,13,774,22
2014,9,24,14,631,22
2014,9,24,15,442,21.6
2014,9,24,16,230,20.6
2014,9,24,17,39,19.3
2014,9,24,18,0,18.4
2014,9,24,19,0,18.1
2014,9,24,20,0,17.9
2014,9,24,21,0,17.7
2014,9,24,22,0,17.5
2014,9,24,23,0,17.3
2014,9,25,0,0,17.1
2014,9,25,1,0,16.9
2014,9,25,2,0,16.7
2014,9,25,3,0,16.6
2014,9,25,4,0,16.5
2014,9,25,5,0,16.5
2014,9,25,6,5,16.7
2014,9,25,7,12,17
2014,9,25,8,186,17.6
2014,9,25,9,334,17.9
2014,9,25,10,546,19.9
2014,9,25,11,59,20.9
2014,9,25,12,128,21.3
2014,9,25,13,310,21
2014,9,25,14,422,20.3
2014,9,25,15,105,19.5
2014,9,25,16,62,18.6
2014,9,25,17,24,17.4
2014,9,25,18,0,16.4
2014,9,25,19,0,15.9
2014,9,25,20,0,15.7
2014,9,25,21,0,15.7
2014,9,25,22,0,15.7
2014,9,25,23,0,15.7
2014,9,26,0,0,15.5
2014,9,26,1,0,15.2
2014,9,26,2,0,15
2014,9,26,3,0,14.7
2014,9,26,4,0,14.4
2014,9,26,5,0,14.4
2014,9,26,6,127,14.9
2014,9,26,7,345,15.6
2014,9,26,8,553,16.4
2014,9,26,9,725,16.7
2014,9,26,10,839,17.5
2014,9,26,11,892,17.8
2014,9,26,12,875,18
2014,9,26,13,789,18
2014,9,26,14,642,17.9
2014,9,26,15,448,17.4
2014,9,26,16,231,16.7
2014,9,26,17,25,16.1
2014,9,26,18,0,15.7
2014,9,26,19,0,15.6
2014,9,26,20,0,15.5
2014,9,26,21,0,15.4
2014,9,26,22,0,15.3
2014,9,26,23,0,15.2
2014,9,27,0,0,15.1
2014,9,27,1,0,14.9
2014,9,27,2,0,14.7
2014,9,27,3,0,14.3
2014,9,27,4,0,14
2014,9,27,5,0,14
2014,9,27,6,128,14.6
2014,9,27,7,343,15.4
2014,9,27,8,552,16.3
2014,9,27,9,723,16.6
2014,9,27,10,834,17.6
2014,9,27,11,892,18.1
2014,9,27,12,877,18.4
2014,9,27,13,796,18.5
2014,9,27,14,653,18.4
2014,9,27,15,463,18.2
2014,9,27,16,248,17.7
2014,9,27,17,48,16.8
2014,9,27,18,0,16.1
2014,9,27,19,0,15.9
2014,9,27,20,0,15.8
2014,9,27,21,0,15.8
2014,9,27,22,0,15.6
2014,9,27,23,0,15.3
2014,9,28,0,0,14.9
2014,9,28,1,0,14.4
2014,9,28,2,0,13.9
2014,9,28,3,0,13.4
2014,9,28,4,0,13
2014,9,28,5,0,13
2014,9,28,6,134,13.8
2014,9,28,7,352,15.4
2014,9,28,8,560,17.3
2014,9,28,9,734,18.2
2014,9,28,10,857,20.2
2014,9,28,11,909,21.1
2014,9,28,12,892,21.6
2014,9,28,13,809,21.8
2014,9,28,14,662,21.8
2014,9,28,15,470,21.5
2014,9,28,16,253,20.5
2014,9,28,17,50,19.2
2014,9,28,18,0,18.2
2014,9,28,19,0,17.9
2014,9,28,20,0,17.6
2014,9,28,21,0,17.2
2014,9,28,22,0,16.7
2014,9,28,23,0,16.2
2014,9,29,0,0,15.9
2014,9,29,1,0,15.6
2014,9,29,2,0,15.5
2014,9,29,3,0,15.4
2014,9,29,4,0,15.4
2014,9,29,5,0,15.6
2014,9,29,6,131,16.7
2014,9,29,7,342,18.3
2014,9,29,8,548,20.3
2014,9,29,9,721,21.3
2014,9,29,10,839,23.5
2014,9,29,11,888,24.8
2014,9,29,12,869,25.8
2014,9,29,13,795,26.7
2014,9,29,14,653,27.4
2014,9,29,15,463,27.6
2014,9,29,16,246,27.1
2014,9,29,17,47,25.9
2014,9,29,18,0,24.5
2014,9,29,19,0,23
2014,9,29,20,0,21.3
2014,9,29,21,0,19.8
2014,9,29,22,0,18.7
2014,9,29,23,0,17.8
2014,9,30,0,0,17
2014,9,30,1,0,16.5
2014,9,30,2,0,16.2
2014,9,30,3,0,16
2014,9,30,4,0,16
2014,9,30,5,0,16.3
2014,9,30,6,137,17.3
2014,9,30,7,348,19
2014,9,30,8,553,21
2014,9,30,9,486,22.1
2014,9,30,10,295,24.8
2014,9,30,11,277,25.8
2014,9,30,12,268,26.2
2014,9,30,13,282,26.6
2014,9,30,14,646,26.8
2014,9,30,15,459,26.6
2014,9,30,16,247,25.9
2014,9,30,17,50,24.8
2014,9,30,18,0,24
2014,9,30,19,0,23.5
2014,9,30,20,0,23
2014,9,30,21,0,22.5
2014,9,30,22,0,22
2014,9,30,23,0,21.4
2014,10,1,0,0,20.9
2014,10,1,1,0,20.1
2014,10,1,2,0,18.8
2014,10,1,3,0,17.4
2014,10,1,4,0,16.1
2014,10,1,5,0,15.2
2014,10,1,6,161,14.9
2014,10,1,7,391,15.2
2014,10,1,8,607,15.7
2014,10,1,9,782,16.1
2014,10,1,10,894,17.2
2014,10,1,11,947,17.8
2014,10,1,12,925,18.3
2014,10,1,13,840,18.4
2014,10,1,14,689,18.3
2014,10,1,15,493,18
2014,10,1,16,268,17.3
2014,10,1,17,57,16.3
2014,10,1,18,0,15.6
2014,10,1,19,0,15.2
2014,10,1,20,0,15
2014,10,1,21,0,14.9
2014,10,1,22,0,14.7
2014,10,1,23,0,14.6
2014,10,2,0,0,14.4
2014,10,2,1,0,14.2
2014,10,2,2,0,13.8
2014,10,2,3,0,13.2
2014,10,2,4,0,12.6
2014,10,2,5,0,12.6
2014,10,2,6,149,13.4
2014,10,2,7,367,14.8
2014,10,2,8,575,16.2
2014,10,2,9,747,16.9
2014,10,2,10,867,18.8
2014,10,2,11,919,20
2014,10,2,12,906,21
2014,10,2,13,823,21.6
2014,10,2,14,680,21.8
2014,10,2,15,487,21.6
2014,10,2,16,267,20.8
2014,10,2,17,59,19.4
2014,10,2,18,0,18
2014,10,2,19,0,17.3
2014,10,2,20,0,16.8
2014,10,2,21,0,16.5
2014,10,2,22,0,16.1
2014,10,2,23,0,15.9
2014,10,3,0,0,15.7
2014,10,3,1,0,15.6
2014,10,3,2,0,15.6
2014,10,3,3,0,15.4
2014,10,3,4,0,15.3
2014,10,3,5,0,15.4
2014,10,3,6,155,16.1
2014,10,3,7,373,17.4
2014,10,3,8,579,18.5
2014,10,3,9,745,19
2014,10,3,10,131,19.7
2014,10,3,11,620,19.9
2014,10,3,12,605,20
2014,10,3,13,165,19.8
2014,10,3,14,385,19.3
2014,10,3,15,192,18.8
2014,10,3,16,255,18.1
2014,10,3,17,56,17.2
2014,10,3,18,0,16.5
2014,10,3,19,0,16.2
2014,10,3,20,0,16
2014,10,3,21,0,16
2014,10,3,22,0,15.9
2014,10,3,23,0,15.9
2014,10,4,0,0,15.9
2014,10,4,1,0,16
2014,10,4,2,0,16
2014,10,4,3,0,16
2014,10,4,4,0,15.9
2014,10,4,5,0,16.2
2014,10,4,6,77,17.2
2014,10,4,7,210,18.3
2014,10,4,8,200,19.3
2014,10,4,9,441,19.7
2014,10,4,10,858,20.9
2014,10,4,11,905,21.6
2014,10,4,12,883,22.1
2014,10,4,13,809,22.4
2014,10,4,14,663,22.6
2014,10,4,15,472,22.3
2014,10,4,16,259,21.4
2014,10,4,17,58,20
2014,10,4,18,0,18.8
2014,10,4,19,0,18.3
2014,10,4,20,0,18.1
2014,10,4,21,0,17.9
2014,10,4,22,0,17.6
2014,10,4,23,0,17.3
2014,10,5,0,0,17
2014,10,5,1,0,16.5
2014,10,5,2,0,15.9
2014,10,5,3,0,15.2
2014,10,5,4,0,14.6
2014,10,5,5,0,14.5
2014,10,5,6,172,15.4
2014,10,5,7,394,17.2
2014,10,5,8,603,19.8
2014,10,5,9,772,21.2
2014,10,5,10,883,24.8
2014,10,5,11,930,26.5
2014,10,5,12,911,27.8
2014,10,5,13,825,28.6
2014,10,5,14,679,29.1
2014,10,5,15,484,29.3
2014,10,5,16,267,28.5
2014,10,5,17,62,26.1
2014,10,5,18,0,23.3
2014,10,5,19,0,21.2
2014,10,5,20,0,19.7
2014,10,5,21,0,18.3
2014,10,5,22,0,17.3
2014,10,5,23,0,16.8
2014,10,6,0,0,16.7
2014,10,6,1,0,16.7
2014,10,6,2,0,16.8
2014,10,6,3,0,16.7
2014,10,6,4,0,16.8
2014,10,6,5,0,17
2014,10,6,6,155,17.6
2014,10,6,7,367,18.5
2014,10,6,8,572,19.5
2014,10,6,9,743,20.1
2014,10,6,10,862,21.9
2014,10,6,11,915,23.1
2014,10,6,12,899,24
2014,10,6,13,817,24.7
2014,10,6,14,674,24.9
2014,10,6,15,481,24.6
2014,10,6,16,262,23.5
2014,10,6,17,5,21.9
2014,10,6,18,0,21.1
2014,10,6,19,0,20.8
2014,10,6,20,0,20.7
2014,10,6,21,0,20.5
2014,10,6,22,0,20.4
2014,10,6,23,0,20.2
2014,10,7,0,0,20.2
2014,10,7,1,0,20.1
2014,10,7,2,0,20.1
2014,10,7,3,0,20.1
2014,10,7,4,0,20.4
2014,10,7,5,0,21.1
2014,10,7,6,7,21.5
2014,10,7,7,16,21.4
2014,10,7,8,235,21.5
2014,10,7,9,427,21.8
2014,10,7,10,883,22.8
2014,10,7,11,935,23.6
2014,10,7,12,919,24.3
2014,10,7,13,834,24.4
2014,10,7,14,688,24
2014,10,7,15,493,23.1
2014,10,7,16,272,21.9
2014,10,7,17,65,20.4
2014,10,7,18,0,19.1
2014,10,7,19,0,18.4
2014,10,7,20,0,18.1
2014,10,7,21,0,17.8
2014,10,7,22,0,17.6
2014,10,7,23,0,17.4
2014,10,8,0,0,17.1
2014,10,8,1,0,16.8
2014,10,8,2,0,16.3
2014,10,8,3,0,15.7
2014,10,8,4,0,15.2
2014,10,8,5,0,15.3
2014,10,8,6,56,15.7
2014,10,8,7,146,16
2014,10,8,8,48,16.6
2014,10,8,9,63,16.9
2014,10,8,10,306,17.6
2014,10,8,11,173,17.8
2014,10,8,12,897,17.9
2014,10,8,13,810,17.9
2014,10,8,14,667,18
2014,10,8,15,479,18
2014,10,8,16,152,17.8
2014,10,8,17,32,17.2
2014,10,8,18,0,16.7
2014,10,8,19,0,16.4
2014,10,8,20,0,16.2
2014,10,8,21,0,16.1
2014,10,8,22,0,16.1
2014,10,8,23,0,16.2
2014,10,9,0,0,16.3
2014,10,9,1,0,16.4
2014,10,9,2,0,16.4
2014,10,9,3,0,16.4
2014,10,9,4,0,16.3
2014,10,9,5,12,16.5
2014,10,9,6,180,17
2014,10,9,7,398,17.8
2014,10,9,8,604,18.6
2014,10,9,9,771,19.1
2014,10,9,10,217,20
2014,10,9,11,933,20.4
2014,10,9,12,916,20.7
2014,10,9,13,828,20.8
2014,10,9,14,682,20.6
2014,10,9,15,490,20.3
2014,10,9,16,274,19.6
2014,10,9,17,69,18.5
2014,10,9,18,0,17.7
2014,10,9,19,0,17.2
2014,10,9,20,0,17
2014,10,9,21,0,16.7
2014,10,9,22,0,16.4
2014,10,9,23,0,16.2
2014,10,10,0,0,15.9
2014,10,10,1,0,15.7
2014,10,10,2,0,15.5
2014,10,10,3,0,15.3
2014,10,10,4,0,15.1
2014,10,10,5,14,15.3
2014,10,10,6,186,16.3
2014,10,10,7,405,17.8
2014,10,10,8,611,19.3
2014,10,10,9,779,20
2014,10,10,10,896,21.5
2014,10,10,11,712,22
2014,10,10,12,694,22.3
2014,10,10,13,539,22.4
2014,10,10,14,508,22.3
2014,10,10,15,378,21.8
2014,10,10,16,205,21
2014,10,10,17,51,19.7
2014,10,10,18,0,18.7
2014,10,10,19,0,18.3
2014,10,10,20,0,18.1
2014,10,10,21,0,17.9
2014,10,10,22,0,17.6
2014,10,10,23,0,17.5
2014,10,11,0,0,17.5
2014,10,11,1,0,17.4
2014,10,11,2,0,17.2
2014,10,11,3,0,16.9
2014,10,11,4,0,16.6
2014,10,11,5,14,16.7
2014,10,11,6,187,17.7
2014,10,11,7,409,19.3
2014,10,11,8,619,21
2014,10,11,9,788,21.8
2014,10,11,10,911,24.6
2014,10,11,11,961,25.9
2014,10,11,12,939,26.3
2014,10,11,13,858,25.9
2014,10,11,14,707,25.2
2014,10,11,15,509,24.4
2014,10,11,16,287,23.2
2014,10,11,17,76,21.7
2014,10,11,18,0,20.4
2014,10,11,19,0,19.6
2014,10,11,20,0,19.1
2014,10,11,21,0,18.6
2014,10,11,22,0,18.2
2014,10,11,23,0,17.8
2014,10,12,0,0,17.5
2014,10,12,1,0,17.3
2014,10,12,2,0,17.2
2014,10,12,3,0,17
2014,10,12,4,0,16.9
2014,10,12,5,18,17.2
2014,10,12,6,199,18.4
2014,10,12,7,421,20.1
2014,10,12,8,630,21.6
2014,10,12,9,798,22.3
2014,10,12,10,914,24.2
2014,10,12,11,960,24.9
2014,10,12,12,936,25.2
2014,10,12,13,848,25
2014,10,12,14,698,24.5
2014,10,12,15,502,23.8
2014,10,12,16,283,22.6
2014,10,12,17,75,21.2
2014,10,12,18,0,20.1
2014,10,12,19,0,19.6
2014,10,12,20,0,19.3
2014,10,12,21,0,19
2014,10,12,22,0,18.8
2014,10,12,23,0,18.5
2014,10,13,0,0,18.2
2014,10,13,1,0,18
2014,10,13,2,0,17.8
2014,10,13,3,0,17.7
2014,10,13,4,0,17.7
2014,10,13,5,17,18.1
2014,10,13,6,185,19.2
2014,10,13,7,255,20.7
2014,10,13,8,348,22.5
2014,10,13,9,219,23.3
2014,10,13,10,381,24.9
2014,10,13,11,66,24.5
2014,10,13,12,612,23.8
2014,10,13,13,68,23.8
2014,10,13,14,422,24
2014,10,13,15,359,23.1
2014,10,13,16,108,21.8
2014,10,13,17,29,20.7
2014,10,13,18,0,20
2014,10,13,19,0,19.5
2014,10,13,20,0,18.7
2014,10,13,21,0,16.9
2014,10,13,22,0,15.1
2014,10,13,23,0,14.2
2014,10,14,0,0,13.9
2014,10,14,1,0,13.7
2014,10,14,2,0,13.6
2014,10,14,3,0,13.5
2014,10,14,4,0,13.4
2014,10,14,5,17,13.3
2014,10,14,6,186,13.6
2014,10,14,7,299,14.3
2014,10,14,8,511,15.3
2014,10,14,9,119,15.7
2014,10,14,10,138,16.5
2014,10,14,11,136,16.5
2014,10,14,12,427,16.4
2014,10,14,13,83,16.1
2014,10,14,14,280,15.9
2014,10,14,15,227,15.5
2014,10,14,16,87,15
2014,10,14,17,27,14.5
2014,10,14,18,0,14.1
2014,10,14,19,0,13.8
2014,10,14,20,0,13.6
2014,10,14,21,0,13.5
2014,10,14,22,0,13.3
2014,10,14,23,0,13.3
2014,10,15,0,0,13.3
2014,10,15,1,0,13.1
2014,10,15,2,0,12.9
2014,10,15,3,0,12.6
2014,10,15,4,0,12.4
2014,10,15,5,3,12.3
2014,10,15,6,9,12.4
2014,10,15,7,62,12.7
2014,10,15,8,93,13
2014,10,15,9,176,13.1
2014,10,15,10,424,13.7
2014,10,15,11,263,14
2014,10,15,12,390,14.2
2014,10,15,13,268,14.4
2014,10,15,14,374,14.8
2014,10,15,15,389,15
2014,10,15,16,205,15.2
2014,10,15,17,56,15
2014,10,15,18,0,14.9
2014,10,15,19,0,14.8
2014,10,15,20,0,14.8
2014,10,15,21,0,14.6
2014,10,15,22,0,14.2
2014,10,15,23,0,13.8
2014,10,16,0,0,13.5
2014,10,16,1,0,13.1
2014,10,16,2,0,12.9
2014,10,16,3,0,12.6
2014,10,16,4,0,12.2
2014,10,16,5,29,12.3
2014,10,16,6,223,13.2
2014,10,16,7,450,14.5
2014,10,16,8,661,15.9
2014,10,16,9,831,16.6
2014,10,16,10,944,18.1
2014,10,16,11,991,19
2014,10,16,12,967,19.6
2014,10,16,13,874,19.9
2014,10,16,14,721,20
2014,10,16,15,523,19.6
2014,10,16,16,300,18.9
2014,10,16,17,87,17.8
2014,10,16,18,0,16.8
2014,10,16,19,0,16.4
2014,10,16,20,0,16.1
2014,10,16,21,0,16
2014,10,16,22,0,16
2014,10,16,23,0,16.1
2014,10,17,0,0,16.2
2014,10,17,1,0,15.8
2014,10,17,2,0,15.1
2014,10,17,3,0,14.3
2014,10,17,4,0,13.8
2014,10,17,5,3,14.4
2014,10,17,6,14,15.5
2014,10,17,7,40,16.2
2014,10,17,8,320,16.6
2014,10,17,9,626,16.8
2014,10,17,10,723,17.3
2014,10,17,11,977,17.5
2014,10,17,12,955,17.7
2014,10,17,13,857,17.8
2014,10,17,14,712,17.6
2014,10,17,15,521,17.4
2014,10,17,16,167,17.1
2014,10,17,17,89,16.5
2014,10,17,18,0,16
2014,10,17,19,0,15.8
2014,10,17,20,0,15.7
2014,10,17,21,0,15.5
2014,10,17,22,0,15.4
2014,10,17,23,0,15.2
2014,10,18,0,0,15
2014,10,18,1,0,14.8
2014,10,18,2,0,14.5
2014,10,18,3,0,14.4
2014,10,18,4,0,14.3
2014,10,18,5,4,14.7
2014,10,18,6,26,15.8
2014,10,18,7,109,17
2014,10,18,8,235,17.7
2014,10,18,9,256,18.1
2014,10,18,10,644,18.9
2014,10,18,11,994,19.3
2014,10,18,12,971,19.6
2014,10,18,13,883,19.7
2014,10,18,14,731,19.6
2014,10,18,15,535,19.3
2014,10,18,16,312,18.7
2014,10,18,17,94,17.7
2014,10,18,18,0,16.8
2014,10,18,19,0,16.3
2014,10,18,20,0,16
2014,10,18,21,0,15.6
2014,10,18,22,0,15.4
2014,10,18,23,0,15.1
2014,10,19,0,0,14.8
2014,10,19,1,0,14.5
2014,10,19,2,0,14.2
2014,10,19,3,0,13.9
2014,10,19,4,0,13.7
2014,10,19,5,34,14.1
2014,10,19,6,220,15.3
2014,10,19,7,437,17
2014,10,19,8,642,18.7
2014,10,19,9,807,19.5
2014,10,19,10,931,21.6
2014,10,19,11,976,22.6
2014,10,19,12,953,23.3
2014,10,19,13,865,23.5
2014,10,19,14,716,23.5
2014,10,19,15,523,23.1
2014,10,19,16,304,22.2
2014,10,19,17,91,20.8
2014,10,19,18,0,19.6
2014,10,19,19,0,18.9
2014,10,19,20,0,18.5
2014,10,19,21,0,18.2
2014,10,19,22,0,18
2014,10,19,23,0,17.8
2014,10,20,0,0,17.6
2014,10,20,1,0,17.4
2014,10,20,2,0,17
2014,10,20,3,0,16.7
2014,10,20,4,0,16.9
2014,10,20,5,31,17.4
2014,10,20,6,204,17.8
2014,10,20,7,413,17.9
2014,10,20,8,484,18.2
2014,10,20,9,780,18.4
2014,10,20,10,471,18.8
2014,10,20,11,474,19
2014,10,20,12,106,19
2014,10,20,13,320,18.8
2014,10,20,14,242,18.4
2014,10,20,15,159,18.1
2014,10,20,16,74,17.6
2014,10,20,17,20,17.1
2014,10,20,18,0,16.7
2014,10,20,19,0,16.5
2014,10,20,20,0,16.5
2014,10,20,21,0,16.4
2014,10,20,22,0,16.3
2014,10,20,23,0,16.2
2014,10,21,0,0,16.1
2014,10,21,1,0,15.9
2014,10,21,2,0,15.9
2014,10,21,3,0,15.8
2014,10,21,4,0,15.8
2014,10,21,5,3,16.2
2014,10,21,6,16,16.9
2014,10,21,7,42,17.4
2014,10,21,8,75,17.8
2014,10,21,9,170,18
2014,10,21,10,933,18.2
2014,10,21,11,982,18.4
2014,10,21,12,243,18.5
2014,10,21,13,330,18.4
2014,10,21,14,287,18.3
2014,10,21,15,530,18.1
2014,10,21,16,109,17.8
2014,10,21,17,29,17.3
2014,10,21,18,0,16.7
2014,10,21,19,0,16.2
2014,10,21,20,0,15.9
2014,10,21,21,0,15.7
2014,10,21,22,0,15.5
2014,10,21,23,0,15.4
2014,10,22,0,0,15.2
2014,10,22,1,0,15.1
2014,10,22,2,0,15
2014,10,22,3,0,15
2014,10,22,4,0,14.9
2014,10,22,5,11,15.5
2014,10,22,6,66,16.7
2014,10,22,7,267,17.7
2014,10,22,8,202,18.5
2014,10,22,9,348,18.9
2014,10,22,10,960,20.1
2014,10,22,11,1005,20.8
2014,10,22,12,979,21.4
2014,10,22,13,891,21.7
2014,10,22,14,740,21.8
2014,10,22,15,543,21.5
2014,10,22,16,318,20.8
2014,10,22,17,101,19.6
2014,10,22,18,0,18.5
2014,10,22,19,0,18
2014,10,22,20,0,17.7
2014,10,22,21,0,17.5
2014,10,22,22,0,17.3
2014,10,22,23,0,17
2014,10,23,0,0,16.8
2014,10,23,1,0,16.5
2014,10,23,2,0,16.1
2014,10,23,3,0,15.8
2014,10,23,4,0,15.6
2014,10,23,5,44,15.9
2014,10,23,6,235,16.9
2014,10,23,7,455,18.6
2014,10,23,8,660,20.8
2014,10,23,9,820,21.9
2014,10,23,10,932,24.1
2014,10,23,11,975,24.5
2014,10,23,12,952,24.1
2014,10,23,13,865,23.6
2014,10,23,14,717,23.1
2014,10,23,15,526,22.4
2014,10,23,16,257,21.5
2014,10,23,17,82,20.4
2014,10,23,18,0,19.3
2014,10,23,19,0,18.8
2014,10,23,20,0,18.5
2014,10,23,21,0,18.3
2014,10,23,22,0,18.1
2014,10,23,23,0,17.9
2014,10,24,0,0,17.9
2014,10,24,1,0,18.1
2014,10,24,2,0,18
2014,10,24,3,0,18
2014,10,24,4,0,18.1
2014,10,24,5,34,18.3
2014,10,24,6,175,19
2014,10,24,7,357,20.2
2014,10,24,8,342,21.3
2014,10,24,9,272,21.8
2014,10,24,10,903,22.9
2014,10,24,11,946,23.8
2014,10,24,12,920,24.5
2014,10,24,13,833,25
2014,10,24,14,631,25.1
2014,10,24,15,413,24.8
2014,10,24,16,201,23.8
2014,10,24,17,62,22.4
2014,10,24,18,0,21.4
2014,10,24,19,0,20.9
2014,10,24,20,0,20.7
2014,10,24,21,0,20.4
2014,10,24,22,0,20.1
2014,10,24,23,0,19.7
2014,10,25,0,0,19.5
2014,10,25,1,0,19.3
2014,10,25,2,0,19.1
2014,10,25,3,0,18.9
2014,10,25,4,0,18.6
2014,10,25,5,51,18.9
2014,10,25,6,252,19.8
2014,10,25,7,474,21.2
2014,10,25,8,674,22.7
2014,10,25,9,833,23.4
2014,10,25,10,827,24.5
2014,10,25,11,971,25
2014,10,25,12,943,25
2014,10,25,13,854,24.4
2014,10,25,14,244,23.6
2014,10,25,15,517,22.5
2014,10,25,16,301,21.5
2014,10,25,17,96,20.4
2014,10,25,18,0,19.7
2014,10,25,19,0,19.4
2014,10,25,20,0,19.2
2014,10,25,21,0,19.2
2014,10,25,22,0,19.3
2014,10,25,23,0,19.3
2014,10,26,0,0,19.2
2014,10,26,1,0,19.1
2014,10,26,2,0,19.1
2014,10,26,3,0,19
2014,10,26,4,0,19
2014,10,26,5,48,19.4
2014,10,26,6,238,20.2
2014,10,26,7,456,21.4
2014,10,26,8,665,23.2
2014,10,26,9,836,24.3
2014,10,26,10,952,27.5
2014,10,26,11,998,28.4
2014,10,26,12,972,28
2014,10,26,13,880,26.8
2014,10,26,14,725,25.4
2014,10,26,15,530,23.7
2014,10,26,16,245,22
2014,10,26,17,80,20.5
2014,10,26,18,0,19.5
2014,10,26,19,0,19.1
2014,10,26,20,0,18.7
2014,10,26,21,0,18.5
2014,10,26,22,0,18.3
2014,10,26,23,0,18.1
2014,10,27,0,0,17.9
2014,10,27,1,0,17.8
2014,10,27,2,0,18
2014,10,27,3,0,17.9
2014,10,27,4,0,17.9
2014,10,27,5,52,18.4
2014,10,27,6,246,19.6
2014,10,27,7,460,20.9
2014,10,27,8,656,22.4
2014,10,27,9,519,23.1
2014,10,27,10,526,25.2
2014,10,27,11,410,26.7
2014,10,27,12,665,27.8
2014,10,27,13,215,28.1
2014,10,27,14,260,27.6
2014,10,27,15,516,27
2014,10,27,16,260,26.4
2014,10,27,17,107,25.6
2014,10,27,18,0,24.2
2014,10,27,19,0,22.8
2014,10,27,20,0,21.8
2014,10,27,21,0,20.8
2014,10,27,22,0,19.9
2014,10,27,23,0,19
2014,10,28,0,0,18.4
2014,10,28,1,0,17.8
2014,10,28,2,0,17.1
2014,10,28,3,0,16.6
2014,10,28,4,0,16.2
2014,10,28,5,66,16.5
2014,10,28,6,278,17.7
2014,10,28,7,506,19.2
2014,10,28,8,543,20.4
2014,10,28,9,653,21
2014,10,28,10,663,22.8
2014,10,28,11,600,23.8
2014,10,28,12,779,24.5
2014,10,28,13,909,24.9
2014,10,28,14,759,24.8
2014,10,28,15,563,24.6
2014,10,28,16,342,24
2014,10,28,17,122,23
2014,10,28,18,0,21.8
2014,10,28,19,0,21.1
2014,10,28,20,0,20.7
2014,10,28,21,0,20.3
2014,10,28,22,0,19.9
2014,10,28,23,0,19.4
2014,10,29,0,0,18.9
2014,10,29,1,0,18.4
2014,10,29,2,0,18
2014,10,29,3,0,17.6
2014,10,29,4,0,17.2
2014,10,29,5,64,17.5
2014,10,29,6,270,18.5
2014,10,29,7,493,19.8
2014,10,29,8,697,20.8
2014,10,29,9,861,21.1
2014,10,29,10,969,21.6
2014,10,29,11,1012,21.8
2014,10,29,12,987,21.8
2014,10,29,13,900,21.6
2014,10,29,14,753,21.1
2014,10,29,15,556,20.5
2014,10,29,16,334,19.7
2014,10,29,17,116,18.8
2014,10,29,18,0,18.1
2014,10,29,19,0,17.8
2014,10,29,20,0,17.7
2014,10,29,21,0,17.6
2014,10,29,22,0,17.6
2014,10,29,23,0,17.4
2014,10,30,0,0,17.3
2014,10,30,1,0,17
2014,10,30,2,0,16.7
2014,10,30,3,0,16.4
2014,10,30,4,0,16.2
2014,10,30,5,65,16.7
2014,10,30,6,272,18.2
2014,10,30,7,498,20.1
2014,10,30,8,703,22
2014,10,30,9,865,22.8
2014,10,30,10,973,24.6
2014,10,30,11,1021,25.6
2014,10,30,12,1000,26.6
2014,10,30,13,916,27.2
2014,10,30,14,764,27.4
2014,10,30,15,568,27.1
2014,10,30,16,345,26
2014,10,30,17,125,24.1
2014,10,30,18,0,22.3
2014,10,30,19,0,21.2
2014,10,30,20,0,20.5
2014,10,30,21,0,20
2014,10,30,22,0,19.5
2014,10,30,23,0,19
2014,10,31,0,0,18.6
2014,10,31,1,0,18.1
2014,10,31,2,0,17.7
2014,10,31,3,0,17.5
2014,10,31,4,0,17.4
2014,10,31,5,69,18
2014,10,31,6,278,19.4
2014,10,31,7,505,21.3
2014,10,31,8,712,23.3
2014,10,31,9,876,24.3
2014,10,31,10,986,27.1
2014,10,31,11,1027,28.3
2014,10,31,12,999,28.8
2014,10,31,13,907,28.7
2014,10,31,14,672,28.2
2014,10,31,15,414,27.3
2014,10,31,16,247,25.7
2014,10,31,17,85,23.9
2014,10,31,18,0,22.5
2014,10,31,19,0,21.8
2014,10,31,20,0,21.4
2014,10,31,21,0,21.3
2014,10,31,22,0,21.3
2014,10,31,23,0,21.5
2014,11,1,0,0,22
2014,11,1,1,0,22.4
2014,11,1,2,0,22.1
2014,11,1,3,0,21.8
2014,11,1,4,0,21.8
2014,11,1,5,62,22.2
2014,11,1,6,260,23.4
2014,11,1,7,480,24.8
2014,11,1,8,684,26.2
2014,11,1,9,844,26.9
2014,11,1,10,953,28.4
2014,11,1,11,990,29.1
2014,11,1,12,648,29.7
2014,11,1,13,219,29.7
2014,11,1,14,355,29
2014,11,1,15,520,27.7
2014,11,1,16,189,25.8
2014,11,1,17,70,23.8
2014,11,1,18,0,22.3
2014,11,1,19,0,21.3
2014,11,1,20,0,20.6
2014,11,1,21,0,19.9
2014,11,1,22,0,19.2
2014,11,1,23,0,18.3
2014,11,2,0,0,17.5
2014,11,2,1,0,16.7
2014,11,2,2,0,16
2014,11,2,3,0,15.2
2014,11,2,4,0,14.6
2014,11,2,5,87,14.6
2014,11,2,6,313,15.2
2014,11,2,7,549,16.1
2014,11,2,8,762,17.2
2014,11,2,9,932,17.8
2014,11,2,10,1044,19.3
2014,11,2,11,1082,20.2
2014,11,2,12,1052,20.9
2014,11,2,13,955,21
2014,11,2,14,798,20.6
2014,11,2,15,594,19.6
2014,11,2,16,365,18.5
2014,11,2,17,137,17.3
2014,11,2,18,0,16.4
2014,11,2,19,0,16
2014,11,2,20,0,15.9
2014,11,2,21,0,15.8
2014,11,2,22,0,15.7
2014,11,2,23,0,15.6
2014,11,3,0,0,15.6
2014,11,3,1,0,15.5
2014,11,3,2,0,15.4
2014,11,3,3,0,15.4
2014,11,3,4,0,15.4
2014,11,3,5,75,15.8
2014,11,3,6,180,16.6
2014,11,3,7,509,17.7
2014,11,3,8,344,18.6
2014,11,3,9,878,19
2014,11,3,10,983,20
2014,11,3,11,1026,20.4
2014,11,3,12,998,20.4
2014,11,3,13,900,20
2014,11,3,14,751,19.6
2014,11,3,15,297,19
2014,11,3,16,204,18.3
2014,11,3,17,66,17.5
2014,11,3,18,0,16.8
2014,11,3,19,0,16.5
2014,11,3,20,0,16.3
2014,11,3,21,0,16.1
2014,11,3,22,0,16.1
2014,11,3,23,0,16.1
2014,11,4,0,0,16.2
2014,11,4,1,0,16.2
2014,11,4,2,0,16.3
2014,11,4,3,0,16.3
2014,11,4,4,0,16.4
2014,11,4,5,25,17
2014,11,4,6,88,17.8
2014,11,4,7,435,18.5
2014,11,4,8,479,19.4
2014,11,4,9,438,20
2014,11,4,10,751,21.6
2014,11,4,11,1017,22.4
2014,11,4,12,992,22.8
2014,11,4,13,891,22.8
2014,11,4,14,739,22.5
2014,11,4,15,547,21.8
2014,11,4,16,333,21
2014,11,4,17,122,20
2014,11,4,18,0,19.2
2014,11,4,19,0,18.9
2014,11,4,20,0,18.9
2014,11,4,21,0,18.8
2014,11,4,22,0,18.6
2014,11,4,23,0,18.4
2014,11,5,0,0,18.3
2014,11,5,1,0,18.2
2014,11,5,2,0,18.1
2014,11,5,3,0,18
2014,11,5,4,0,18
2014,11,5,5,73,18.4
2014,11,5,6,194,19.4
2014,11,5,7,183,20.4
2014,11,5,8,298,21.3
2014,11,5,9,840,21.7
2014,11,5,10,786,22.6
2014,11,5,11,979,23
2014,11,5,12,540,23
2014,11,5,13,80,22.5
2014,11,5,14,50,21.5
2014,11,5,15,26,20.5
2014,11,5,16,42,19.8
2014,11,5,17,16,19.2
2014,11,5,18,0,18.8
2014,11,5,19,0,18.6
2014,11,5,20,0,18.4
2014,11,5,21,0,18.2
2014,11,5,22,0,18
2014,11,5,23,0,17.7
2014,11,6,0,0,17.4
2014,11,6,1,0,17.1
2014,11,6,2,0,16.8
2014,11,6,3,0,16.6
2014,11,6,4,0,16.5
2014,11,6,5,26,16.8
2014,11,6,6,108,17.4
2014,11,6,7,501,18.1
2014,11,6,8,539,18.8
2014,11,6,9,871,19.2
2014,11,6,10,800,19.8
2014,11,6,11,1009,19.9
2014,11,6,12,978,19.9
2014,11,6,13,892,19.7
2014,11,6,14,750,19.4
2014,11,6,15,560,19
2014,11,6,16,295,18.5
2014,11,6,17,45,17.9
2014,11,6,18,0,17.4
2014,11,6,19,0,17.1
2014,11,6,20,0,16.9
2014,11,6,21,0,16.9
2014,11,6,22,0,17
2014,11,6,23,0,17
2014,11,7,0,0,17
2014,11,7,1,0,16.9
2014,11,7,2,0,16.8
2014,11,7,3,0,16.7
2014,11,7,4,0,16.7
2014,11,7,5,27,17
2014,11,7,6,287,17.8
2014,11,7,7,508,18.7
2014,11,7,8,711,19.6
2014,11,7,9,810,20
2014,11,7,10,837,21.2
2014,11,7,11,1035,21.7
2014,11,7,12,1013,21.8
2014,11,7,13,933,21.6
2014,11,7,14,785,21.2
2014,11,7,15,591,20.7
2014,11,7,16,369,19.9
2014,11,7,17,147,18.9
2014,11,7,18,0,18
2014,11,7,19,0,17.5
2014,11,7,20,0,17.3
2014,11,7,21,0,17.1
2014,11,7,22,0,17.1
2014,11,7,23,0,17
2014,11,8,0,0,16.9
2014,11,8,1,0,16.7
2014,11,8,2,0,16.5
2014,11,8,3,0,16.3
2014,11,8,4,0,16.2
2014,11,8,5,28,16.7
2014,11,8,6,306,17.9
2014,11,8,7,533,19.3
2014,11,8,8,739,20.5
2014,11,8,9,905,21.1
2014,11,8,10,1016,22.5
2014,11,8,11,1059,23.2
2014,11,8,12,1034,23.6
2014,11,8,13,945,23.7
2014,11,8,14,795,23.5
2014,11,8,15,599,22.8
2014,11,8,16,374,21.7
2014,11,8,17,151,20.3
2014,11,8,18,0,19.1
2014,11,8,19,0,18.4
2014,11,8,20,0,18.2
2014,11,8,21,0,18.1
2014,11,8,22,0,18
2014,11,8,23,0,17.9
2014,11,9,0,0,17.7
2014,11,9,1,0,17.4
2014,11,9,2,0,17.2
2014,11,9,3,0,16.9
2014,11,9,4,0,16.8
2014,11,9,5,90,17.5
2014,11,9,6,299,18.9
2014,11,9,7,519,20.5
2014,11,9,8,717,21.6
2014,11,9,9,875,22.1
2014,11,9,10,982,22.4
2014,11,9,11,1021,22.3
2014,11,9,12,992,22
2014,11,9,13,908,21.7
2014,11,9,14,762,21.5
2014,11,9,15,571,21.1
2014,11,9,16,231,20.5
2014,11,9,17,86,19.9
2014,11,9,18,0,19.3
2014,11,9,19,0,18.9
2014,11,9,20,0,18.8
2014,11,9,21,0,18.6
2014,11,9,22,0,18.5
2014,11,9,23,0,18.4
2014,11,10,0,0,18.2
2014,11,10,1,0,18.1
2014,11,10,2,0,17.9
2014,11,10,3,0,17.8
2014,11,10,4,0,17.9
2014,11,10,5,86,18.5
2014,11,10,6,288,19.6
2014,11,10,7,505,20.5
2014,11,10,8,704,21.3
2014,11,10,9,864,21.6
2014,11,10,10,358,22.1
2014,11,10,11,522,22
2014,11,10,12,479,21.7
2014,11,10,13,310,21.2
2014,11,10,14,232,20.7
2014,11,10,15,175,20.3
2014,11,10,16,82,19.8
2014,11,10,17,26,19.2
2014,11,10,18,0,18.6
2014,11,10,19,0,18.2
2014,11,10,20,0,18
2014,11,10,21,0,17.9
2014,11,10,22,0,17.8
2014,11,10,23,0,17.7
2014,11,11,0,0,17.6
2014,11,11,1,0,17.6
2014,11,11,2,0,17.5
2014,11,11,3,0,17.4
2014,11,11,4,0,17.4
2014,11,11,5,92,18.1
2014,11,11,6,235,19
2014,11,11,7,367,19.7
2014,11,11,8,351,20.2
2014,11,11,9,340,20.4
2014,11,11,10,207,20.5
2014,11,11,11,225,20.3
2014,11,11,12,244,19.8
2014,11,11,13,257,19.2
2014,11,11,14,227,18.7
2014,11,11,15,174,18.3
2014,11,11,16,101,17.9
2014,11,11,17,41,17.4
2014,11,11,18,0,17
2014,11,11,19,0,16.8
2014,11,11,20,0,16.8
2014,11,11,21,0,16.8
2014,11,11,22,0,16.7
2014,11,11,23,0,16.6
2014,11,12,0,0,16.4
2014,11,12,1,0,16.3
2014,11,12,2,0,16.2
2014,11,12,3,0,16.2
2014,11,12,4,0,16.3
2014,11,12,5,17,16.8
2014,11,12,6,53,17.8
2014,11,12,7,101,18.7
2014,11,12,8,191,19.6
2014,11,12,9,348,20.1
2014,11,12,10,757,21.3
2014,11,12,11,838,21.8
2014,11,12,12,862,22.1
2014,11,12,13,886,22
2014,11,12,14,794,21.6
2014,11,12,15,599,20.8
2014,11,12,16,377,19.9
2014,11,12,17,157,18.9
2014,11,12,18,0,18
2014,11,12,19,0,17.6
2014,11,12,20,0,17.4
2014,11,12,21,0,17.3
2014,11,12,22,0,17.2
2014,11,12,23,0,17.1
2014,11,13,0,0,17
2014,11,13,1,0,16.9
2014,11,13,2,0,16.9
2014,11,13,3,0,16.9
2014,11,13,4,0,17.1
2014,11,13,5,52,17.9
2014,11,13,6,117,19
2014,11,13,7,156,19.9
2014,11,13,8,299,20.9
2014,11,13,9,529,21.3
2014,11,13,10,843,22.6
2014,11,13,11,863,23.3
2014,11,13,12,812,23.6
2014,11,13,13,770,23.7
2014,11,13,14,692,23.4
2014,11,13,15,489,22.9
2014,11,13,16,232,22
2014,11,13,17,92,21
2014,11,13,18,0,20.1
2014,11,13,19,0,19.7
2014,11,13,20,0,19.7
2014,11,13,21,0,19.7
2014,11,13,22,0,19.6
2014,11,13,23,0,19.6
2014,11,14,0,0,19.5
2014,11,14,1,0,19.2
2014,11,14,2,0,18.9
2014,11,14,3,0,18.7
2014,11,14,4,0,18.6
2014,11,14,5,91,19.4
2014,11,14,6,293,21
2014,11,14,7,505,23
2014,11,14,8,681,25.3
2014,11,14,9,815,26.5
2014,11,14,10,808,30.3
2014,11,14,11,734,32.2
2014,11,14,12,716,33.2
2014,11,14,13,749,33.3
2014,11,14,14,659,33
2014,11,14,15,448,32.1
2014,11,14,16,273,30.4
2014,11,14,17,96,28.1
2014,11,14,18,0,26.2
2014,11,14,19,0,24.6
2014,11,14,20,0,23.2
2014,11,14,21,0,21.9
2014,11,14,22,0,20.9
2014,11,14,23,0,19.8
2014,11,15,0,0,19.1
2014,11,15,1,0,18.8
2014,11,15,2,0,18.7
2014,11,15,3,0,18.8
2014,11,15,4,0,18.9
2014,11,15,5,32,19.5
2014,11,15,6,75,20.2
2014,11,15,7,159,20.8
2014,11,15,8,363,21.4
2014,11,15,9,621,21.7
2014,11,15,10,453,22.3
2014,11,15,11,476,22.9
2014,11,15,12,457,23.4
2014,11,15,13,432,23.4
2014,11,15,14,362,22.7
2014,11,15,15,262,21.5
2014,11,15,16,121,20.3
2014,11,15,17,27,19.2
2014,11,15,18,0,18.5
2014,11,15,19,0,18.3
2014,11,15,20,0,18.2
2014,11,15,21,0,18.2
2014,11,15,22,0,18.2
2014,11,15,23,0,18.2
2014,11,16,0,0,18.3
2014,11,16,1,0,18.4
2014,11,16,2,0,18.6
2014,11,16,3,0,18.8
2014,11,16,4,0,19
2014,11,16,5,14,19.2
2014,11,16,6,42,19.6
2014,11,16,7,87,20.4
2014,11,16,8,59,22.1
2014,11,16,9,72,23.2
2014,11,16,10,78,25
2014,11,16,11,79,25.5
2014,11,16,12,79,25.7
2014,11,16,13,75,25.7
2014,11,16,14,65,25.3
2014,11,16,15,68,24.6
2014,11,16,16,76,23.6
2014,11,16,17,39,22.4
2014,11,16,18,0,21.3
2014,11,16,19,0,20.5
2014,11,16,20,0,19.8
2014,11,16,21,0,19.3
2014,11,16,22,0,18.8
2014,11,16,23,0,18.3
2014,11,17,0,0,17.9
2014,11,17,1,0,17.6
2014,11,17,2,0,17.2
2014,11,17,3,0,16.9
2014,11,17,4,0,16.9
2014,11,17,5,112,17.6
2014,11,17,6,308,18.8
2014,11,17,7,540,20
2014,11,17,8,758,21.1
2014,11,17,9,922,21.6
2014,11,17,10,1031,22.9
2014,11,17,11,974,23.4
2014,11,17,12,945,23.7
2014,11,17,13,885,23.6
2014,11,17,14,779,23.1
2014,11,17,15,594,22.2
2014,11,17,16,393,21
2014,11,17,17,172,19.7
2014,11,17,18,11,18.7
2014,11,17,19,0,18.3
2014,11,17,20,0,18.3
2014,11,17,21,0,18.3
2014,11,17,22,0,18.2
2014,11,17,23,0,18.2
2014,11,18,0,0,18.1
2014,11,18,1,0,18
2014,11,18,2,0,18
2014,11,18,3,0,18.1
2014,11,18,4,0,18.4
2014,11,18,5,84,19
2014,11,18,6,197,19.9
2014,11,18,7,320,20.8
2014,11,18,8,521,21.8
2014,11,18,9,689,22.3
2014,11,18,10,833,23.2
2014,11,18,11,959,23.6
2014,11,18,12,1044,23.6
2014,11,18,13,955,23
2014,11,18,14,807,22.2
2014,11,18,15,614,21.3
2014,11,18,16,394,20.5
2014,11,18,17,174,19.6
2014,11,18,18,4,18.9
2014,11,18,19,0,18.5
2014,11,18,20,0,18.3
2014,11,18,21,0,18.2
2014,11,18,22,0,18.1
2014,11,18,23,0,18
2014,11,19,0,0,17.8
2014,11,19,1,0,17.8
2014,11,19,2,0,17.7
2014,11,19,3,0,17.7
2014,11,19,4,0,17.9
2014,11,19,5,14,18.6
2014,11,19,6,31,19.6
2014,11,19,7,99,20.4
2014,11,19,8,209,21.2
2014,11,19,9,256,21.6
2014,11,19,10,264,22.4
2014,11,19,11,289,22.8
2014,11,19,12,329,23.1
2014,11,19,13,407,23.1
2014,11,19,14,336,22.9
2014,11,19,15,307,22.4
2014,11,19,16,317,21.7
2014,11,19,17,170,20.8
2014,11,19,18,7,20
2014,11,19,19,0,19.6
2014,11,19,20,0,19.6
2014,11,19,21,0,19.5
2014,11,19,22,0,19.4
2014,11,19,23,0,19.2
2014,11,20,0,0,19.1
2014,11,20,1,0,19
2014,11,20,2,0,19
2014,11,20,3,0,18.8
2014,11,20,4,0,18.8
2014,11,20,5,107,19.5
2014,11,20,6,317,20.9
2014,11,20,7,525,22.4
2014,11,20,8,712,24.1
2014,11,20,9,858,25.1
2014,11,20,10,916,27.9
2014,11,20,11,950,29
2014,11,20,12,946,29.6
2014,11,20,13,892,29.6
2014,11,20,14,765,29.1
2014,11,20,15,581,28.1
2014,11,20,16,385,26.8
2014,11,20,17,170,25.2
2014,11,20,18,13,23.8
2014,11,20,19,0,22.9
2014,11,20,20,0,22.5
2014,11,20,21,0,22.2
2014,11,20,22,0,21.9
2014,11,20,23,0,21.6
2014,11,21,0,0,21.6
2014,11,21,1,0,21.9
2014,11,21,2,0,22.4
2014,11,21,3,0,23.1
2014,11,21,4,0,23.7
2014,11,21,5,29,24.5
2014,11,21,6,123,25.8
2014,11,21,7,355,27.6
2014,11,21,8,700,29.3
2014,11,21,9,867,30
2014,11,21,10,1009,31.9
2014,11,21,11,1052,33
2014,11,21,12,879,33.7
2014,11,21,13,796,33.8
2014,11,21,14,791,33.3
2014,11,21,15,606,32
2014,11,21,16,391,29.2
2014,11,21,17,174,25.8
2014,11,21,18,14,23
2014,11,21,19,0,21.3
2014,11,21,20,0,20.3
2014,11,21,21,0,19.7
2014,11,21,22,0,19.4
2014,11,21,23,0,19.2
2014,11,22,0,0,19.1
2014,11,22,1,0,19.1
2014,11,22,2,0,19.1
2014,11,22,3,0,19.1
2014,11,22,4,0,19.1
2014,11,22,5,76,19.6
2014,11,22,6,267,20.3
2014,11,22,7,522,21.2
2014,11,22,8,704,22.1
2014,11,22,9,856,22.6
2014,11,22,10,962,24.1
2014,11,22,11,993,25
2014,11,22,12,968,25.6
2014,11,22,13,888,25.7
2014,11,22,14,755,25.4
2014,11,22,15,588,24.6
2014,11,22,16,394,23.5
2014,11,22,17,178,22
2014,11,22,18,16,20.7
2014,11,22,19,0,20.2
2014,11,22,20,0,20
2014,11,22,21,0,20
2014,11,22,22,0,19.9
2014,11,22,23,0,19.9
2014,11,23,0,0,19.9
2014,11,23,1,0,19.9
2014,11,23,2,0,19.8
2014,11,23,3,0,19.9
2014,11,23,4,0,20.2
2014,11,23,5,107,21
2014,11,23,6,309,22.4
2014,11,23,7,514,24.3
2014,11,23,8,689,26.4
2014,11,23,9,843,27.5
2014,11,23,10,975,30.7
2014,11,23,11,1031,32.1
2014,11,23,12,1008,32.6
2014,11,23,13,922,32.3
2014,11,23,14,367,31.3
2014,11,23,15,199,29.7
2014,11,23,16,101,27.8
2014,11,23,17,38,25.9
2014,11,23,18,5,24.5
2014,11,23,19,0,23.8
2014,11,23,20,0,23.2
2014,11,23,21,0,22.7
2014,11,23,22,0,22.2
2014,11,23,23,0,21.6
2014,11,24,0,0,21
2014,11,24,1,0,20.6
2014,11,24,2,0,20.3
2014,11,24,3,0,20.2
2014,11,24,4,0,20.3
2014,11,24,5,32,20.6
2014,11,24,6,90,21
2014,11,24,7,145,21.4
2014,11,24,8,212,22
2014,11,24,9,305,22.4
2014,11,24,10,695,24.3
2014,11,24,11,466,25.7
2014,11,24,12,190,26.3
2014,11,24,13,125,26.4
2014,11,24,14,104,25.9
2014,11,24,15,94,25.1
2014,11,24,16,105,24.2
2014,11,24,17,83,23.1
2014,11,24,18,6,22
2014,11,24,19,0,21.7
2014,11,24,20,0,21.8
2014,11,24,21,0,21.8
2014,11,24,22,0,21.7
2014,11,24,23,0,21.7
2014,11,25,0,0,21.7
2014,11,25,1,0,21.7
2014,11,25,2,0,21.7
2014,11,25,3,0,21.7
2014,11,25,4,0,21.8
2014,11,25,5,14,22.1
2014,11,25,6,40,22.5
2014,11,25,7,119,22.6
2014,11,25,8,413,22.7
2014,11,25,9,715,22.9
2014,11,25,10,888,24.1
2014,11,25,11,934,24.2
2014,11,25,12,918,23.6
2014,11,25,13,887,22.7
2014,11,25,14,789,21.8
2014,11,25,15,612,20.9
2014,11,25,16,416,20.1
2014,11,25,17,193,19.3
2014,11,25,18,21,18.6
2014,11,25,19,0,18.4
2014,11,25,20,0,18.4
2014,11,25,21,0,18.5
2014,11,25,22,0,18.6
2014,11,25,23,0,18.7
2014,11,26,0,0,18.8
2014,11,26,1,0,18.9
2014,11,26,2,0,18.8
2014,11,26,3,0,18.8
2014,11,26,4,0,19
2014,11,26,5,90,19.7
2014,11,26,6,303,20.8
2014,11,26,7,440,21.6
2014,11,26,8,441,22.3
2014,11,26,9,446,22.6
2014,11,26,10,245,23.4
2014,11,26,11,369,23.8
2014,11,26,12,768,24.1
2014,11,26,13,881,24.1
2014,11,26,14,801,23.6
2014,11,26,15,613,22.8
2014,11,26,16,398,21.9
2014,11,26,17,183,21.1
2014,11,26,18,20,20.5
2014,11,26,19,0,20.2
2014,11,26,20,0,20
2014,11,26,21,0,19.9
2014,11,26,22,0,19.8
2014,11,26,23,0,19.7
2014,11,27,0,0,19.5
2014,11,27,1,0,19.3
2014,11,27,2,0,19.1
2014,11,27,3,0,18.9
2014,11,27,4,0,18.7
2014,11,27,5,8,18.9
2014,11,27,6,28,19.4
2014,11,27,7,67,19.9
2014,11,27,8,93,20.3
2014,11,27,9,105,20.4
2014,11,27,10,131,20.7
2014,11,27,11,133,20.7
2014,11,27,12,134,20.7
2014,11,27,13,126,20.7
2014,11,27,14,111,20.6
2014,11,27,15,85,20.4
2014,11,27,16,57,20
2014,11,27,17,29,19.5
2014,11,27,18,4,19
2014,11,27,19,0,18.6
2014,11,27,20,0,18.4
2014,11,27,21,0,18.2
2014,11,27,22,0,18
2014,11,27,23,0,17.9
2014,11,28,0,0,17.8
2014,11,28,1,0,17.7
2014,11,28,2,0,17.7
2014,11,28,3,0,17.7
2014,11,28,4,0,17.9
2014,11,28,5,20,18.7
2014,11,28,6,62,19.6
2014,11,28,7,169,20.2
2014,11,28,8,445,20.9
2014,11,28,9,745,21.2
2014,11,28,10,851,22
2014,11,28,11,1092,22.3
2014,11,28,12,1073,22.5
2014,11,28,13,987,22.4
2014,11,28,14,845,22.1
2014,11,28,15,655,21.6
2014,11,28,16,436,21
2014,11,28,17,211,20.3
2014,11,28,18,29,19.6
2014,11,28,19,0,19.2
2014,11,28,20,0,18.9
2014,11,28,21,0,18.8
2014,11,28,22,0,18.6
2014,11,28,23,0,18.4
2014,11,29,0,0,18.4
2014,11,29,1,0,18.4
2014,11,29,2,0,18.3
2014,11,29,3,0,18.3
2014,11,29,4,0,18.5
2014,11,29,5,119,19.3
2014,11,29,6,331,20.4
2014,11,29,7,553,21.6
2014,11,29,8,755,22.7
2014,11,29,9,917,23.3
2014,11,29,10,1030,24.5
2014,11,29,11,1078,24.9
2014,11,29,12,1059,25
2014,11,29,13,973,24.8
2014,11,29,14,832,24.4
2014,11,29,15,642,23.9
2014,11,29,16,421,23.2
2014,11,29,17,134,22.3
2014,11,29,18,12,21.5
2014,11,29,19,0,21
2014,11,29,20,0,20.7
2014,11,29,21,0,20.6
2014,11,29,22,0,20.4
2014,11,29,23,0,20.2
2014,11,30,0,0,19.9
2014,11,30,1,0,19.6
2014,11,30,2,0,19.4
2014,11,30,3,0,19.2
2014,11,30,4,0,19.4
2014,11,30,5,112,20.3
2014,11,30,6,316,21.8
2014,11,30,7,533,23.2
2014,11,30,8,729,24.6
2014,11,30,9,890,25.3
2014,11,30,10,998,26.8
2014,11,30,11,1045,27.1
2014,11,30,12,1024,27
2014,11,30,13,490,26.5
2014,11,30,14,400,25.8
2014,11,30,15,80,25
2014,11,30,16,55,23.8
2014,11,30,17,24,22.7
2014,11,30,18,6,21.8
2014,11,30,19,0,21.4
2014,11,30,20,0,21.2
2014,11,30,21,0,21.2
2014,11,30,22,0,21.1
2014,11,30,23,0,20.9
2014,12,1,0,0,20.6
2014,12,1,1,0,20.4
2014,12,1,2,0,20.3
2014,12,1,3,0,20.3
2014,12,1,4,0,20.4
2014,12,1,5,100,20.7
2014,12,1,6,297,21.1
2014,12,1,7,362,21.8
2014,12,1,8,712,22.7
2014,12,1,9,799,23.1
2014,12,1,10,815,24.6
2014,12,1,11,1034,25.4
2014,12,1,12,1017,25.9
2014,12,1,13,376,25.9
2014,12,1,14,64,25.6
2014,12,1,15,196,25
2014,12,1,16,209,24.1
2014,12,1,17,90,23.1
2014,12,1,18,15,22.3
2014,12,1,19,0,22
2014,12,1,20,0,21.9
2014,12,1,21,0,21.8
2014,12,1,22,0,21.7
2014,12,1,23,0,21.5
2014,12,2,0,0,21.1
2014,12,2,1,0,20.7
2014,12,2,2,0,20.4
2014,12,2,3,0,20.3
2014,12,2,4,0,20.3
2014,12,2,5,105,20.6
2014,12,2,6,209,21.5
2014,12,2,7,523,23
2014,12,2,8,722,24.7
2014,12,2,9,881,25.6
2014,12,2,10,994,27.8
2014,12,2,11,1039,28.5
2014,12,2,12,1018,28.7
2014,12,2,13,932,28.6
2014,12,2,14,740,28.1
2014,12,2,15,552,27.1
2014,12,2,16,377,25.7
2014,12,2,17,187,24.3
2014,12,2,18,26,23.2
2014,12,2,19,0,22.6
2014,12,2,20,0,22.5
2014,12,2,21,0,22.4
2014,12,2,22,0,22.3
2014,12,2,23,0,22.3
2014,12,3,0,0,22.1
2014,12,3,1,0,21.9
2014,12,3,2,0,21.6
2014,12,3,3,0,21.4
2014,12,3,4,0,21.4
2014,12,3,5,67,21.9
2014,12,3,6,230,22.9
2014,12,3,7,520,24.2
2014,12,3,8,618,25.9
2014,12,3,9,753,26.7
2014,12,3,10,808,28.8
2014,12,3,11,840,29.4
2014,12,3,12,504,29
2014,12,3,13,776,27.6
2014,12,3,14,512,25.7
2014,12,3,15,35,24.1
2014,12,3,16,59,23
2014,12,3,17,26,22.5
2014,12,3,18,7,22.3
2014,12,3,19,0,22.2
2014,12,3,20,0,22
2014,12,3,21,0,21.8
2014,12,3,22,0,21.7
2014,12,3,23,0,21.5
2014,12,4,0,0,21.4
2014,12,4,1,0,21.4
2014,12,4,2,0,21.4
2014,12,4,3,0,21.4
2014,12,4,4,0,21.4
2014,12,4,5,12,21.5
2014,12,4,6,31,21.7
2014,12,4,7,84,21.9
2014,12,4,8,270,22.2
2014,12,4,9,472,22.4
2014,12,4,10,516,23.9
2014,12,4,11,272,24.8
2014,12,4,12,546,25.2
2014,12,4,13,480,25.1
2014,12,4,14,376,24.7
2014,12,4,15,310,24.2
2014,12,4,16,195,23.7
2014,12,4,17,86,23.2
2014,12,4,18,16,22.7
2014,12,4,19,0,22.3
2014,12,4,20,0,22.1
2014,12,4,21,0,22
2014,12,4,22,0,21.9
2014,12,4,23,0,21.8
2014,12,5,0,0,21.8
2014,12,5,1,0,21.7
2014,12,5,2,0,21.5
2014,12,5,3,0,21.4
2014,12,5,4,0,21.3
2014,12,5,5,60,21.4
2014,12,5,6,182,21.9
2014,12,5,7,32,22.8
2014,12,5,8,518,24
2014,12,5,9,782,24.6
2014,12,5,10,994,25.9
2014,12,5,11,1040,26.2
2014,12,5,12,835,26.1
2014,12,5,13,942,25.7
2014,12,5,14,703,25
2014,12,5,15,100,24.1
2014,12,5,16,122,23.2
2014,12,5,17,53,22.5
2014,12,5,18,12,22
2014,12,5,19,0,21.7
2014,12,5,20,0,21.6
2014,12,5,21,0,21.5
2014,12,5,22,0,21.5
2014,12,5,23,0,21.5
2014,12,6,0,0,21.5
2014,12,6,1,0,21.4
2014,12,6,2,0,21.3
2014,12,6,3,0,21.1
2014,12,6,4,0,21.1
2014,12,6,5,87,21.4
2014,12,6,6,249,21.8
2014,12,6,7,529,22.3
2014,12,6,8,728,23
2014,12,6,9,886,23.4
2014,12,6,10,995,24
2014,12,6,11,608,24.1
2014,12,6,12,835,23.9
2014,12,6,13,600,23.4
2014,12,6,14,722,22.8
2014,12,6,15,420,22.1
2014,12,6,16,119,21.5
2014,12,6,17,52,21
2014,12,6,18,12,20.7
2014,12,6,19,0,20.5
2014,12,6,20,0,20.5
2014,12,6,21,0,20.5
2014,12,6,22,0,20.5
2014,12,6,23,0,20.5
2014,12,7,0,0,20.5
2014,12,7,1,0,20.5
2014,12,7,2,0,20.4
2014,12,7,3,0,20.3
2014,12,7,4,0,20.3
2014,12,7,5,105,20.5
2014,12,7,6,304,20.9
2014,12,7,7,520,21.6
2014,12,7,8,721,22.8
2014,12,7,9,887,23.5
2014,12,7,10,1001,24.9
2014,12,7,11,1047,25.2
2014,12,7,12,625,25.2
2014,12,7,13,850,24.8
2014,12,7,14,449,24.3
2014,12,7,15,289,24
2014,12,7,16,108,23.8
2014,12,7,17,137,23.3
2014,12,7,18,26,22.6
2014,12,7,19,0,22.1
2014,12,7,20,0,21.9
2014,12,7,21,0,21.7
2014,12,7,22,0,21.6
2014,12,7,23,0,21.5
2014,12,8,0,0,21.5
2014,12,8,1,0,21.6
2014,12,8,2,0,21.5
2014,12,8,3,0,21.3
2014,12,8,4,0,21.4
2014,12,8,5,5,21.9
2014,12,8,6,12,22.6
2014,12,8,7,477,23.7
2014,12,8,8,578,25
2014,12,8,9,889,25.7
2014,12,8,10,1004,27.3
2014,12,8,11,893,28.3
2014,12,8,12,573,29.1
2014,12,8,13,796,29.6
2014,12,8,14,52,29.6
2014,12,8,15,567,28.9
2014,12,8,16,326,27.4
2014,12,8,17,220,25.5
2014,12,8,18,42,23.8
2014,12,8,19,0,22.6
2014,12,8,20,0,21.9
2014,12,8,21,0,21.3
2014,12,8,22,0,20.9
2014,12,8,23,0,20.4
2014,12,9,0,0,20.1
2014,12,9,1,0,20
2014,12,9,2,0,19.9
2014,12,9,3,0,19.9
2014,12,9,4,0,20
2014,12,9,5,64,20.4
2014,12,9,6,201,20.9
2014,12,9,7,166,21.5
2014,12,9,8,233,22.1
2014,12,9,9,226,22.3
2014,12,9,10,484,23
2014,12,9,11,1044,23.1
2014,12,9,12,193,22.9
2014,12,9,13,943,22.6
2014,12,9,14,807,22.3
2014,12,9,15,632,21.9
2014,12,9,16,426,21.5
2014,12,9,17,216,21.1
2014,12,9,18,41,20.6
2014,12,9,19,0,20.3
2014,12,9,20,0,20.2
2014,12,9,21,0,20.1
2014,12,9,22,0,20.1
2014,12,9,23,0,20.1
2014,12,10,0,0,20
2014,12,10,1,0,20
2014,12,10,2,0,20
2014,12,10,3,0,19.9
2014,12,10,4,0,20.1
2014,12,10,5,14,20.7
2014,12,10,6,308,21.3
2014,12,10,7,522,22
2014,12,10,8,719,22.9
2014,12,10,9,881,23.3
2014,12,10,10,993,24.1
2014,12,10,11,1041,24.5
2014,12,10,12,1028,24.6
2014,12,10,13,491,24.4
2014,12,10,14,144,23.8
2014,12,10,15,74,23
2014,12,10,16,165,22.3
2014,12,10,17,9,21.8
2014,12,10,18,4,21.5
2014,12,10,19,0,21.4
2014,12,10,20,0,21.3
2014,12,10,21,0,21.1
2014,12,10,22,0,20.9
2014,12,10,23,0,20.8
2014,12,11,0,0,20.8
2014,12,11,1,0,20.9
2014,12,11,2,0,21
2014,12,11,3,0,21.1
2014,12,11,4,0,21.3
2014,12,11,5,67,21.6
2014,12,11,6,202,21.8
2014,12,11,7,26,21.8
2014,12,11,8,92,21.9
2014,12,11,9,131,22
2014,12,11,10,626,22.9
2014,12,11,11,83,22.8
2014,12,11,12,82,22.1
2014,12,11,13,416,21.7
2014,12,11,14,493,21.6
2014,12,11,15,356,21.2
2014,12,11,16,323,20.2
2014,12,11,17,145,19.1
2014,12,11,18,35,18.2
2014,12,11,19,0,17.8
2014,12,11,20,0,17.6
2014,12,11,21,0,17.7
2014,12,11,22,0,17.8
2014,12,11,23,0,17.7
2014,12,12,0,0,17.7
2014,12,12,1,0,17.7
2014,12,12,2,0,17.7
2014,12,12,3,0,17.8
2014,12,12,4,0,18.1
2014,12,12,5,70,18.4
2014,12,12,6,221,18.8
2014,12,12,7,542,19
2014,12,12,8,454,19.3
2014,12,12,9,573,19.6
2014,12,12,10,647,20
2014,12,12,11,801,20.2
2014,12,12,12,1068,20.4
2014,12,12,13,994,20.4
2014,12,12,14,859,20.4
2014,12,12,15,678,20.1
2014,12,12,16,90,19.8
2014,12,12,17,148,19.3
2014,12,12,18,28,18.8
2014,12,12,19,0,18.6
2014,12,12,20,0,18.6
2014,12,12,21,0,18.5
2014,12,12,22,0,18.3
2014,12,12,23,0,18.2
2014,12,13,0,0,18.2
2014,12,13,1,0,18.2
2014,12,13,2,0,18.2
2014,12,13,3,0,18.2
2014,12,13,4,0,18.4
2014,12,13,5,64,18.8
2014,12,13,6,206,19.2
2014,12,13,7,319,19.6
2014,12,13,8,417,19.9
2014,12,13,9,934,20.1
2014,12,13,10,802,20.5
2014,12,13,11,763,20.8
2014,12,13,12,564,20.9
2014,12,13,13,505,20.8
2014,12,13,14,872,20.5
2014,12,13,15,690,20.2
2014,12,13,16,252,19.9
2014,12,13,17,253,19.5
2014,12,13,18,57,18.8
2014,12,13,19,0,18.3
2014,12,13,20,0,18
2014,12,13,21,0,17.8
2014,12,13,22,0,17.7
2014,12,13,23,0,17.7
2014,12,14,0,0,17.7
2014,12,14,1,0,17.6
2014,12,14,2,0,17.6
2014,12,14,3,0,17.5
2014,12,14,4,0,17.6
2014,12,14,5,45,18.3
2014,12,14,6,149,19.4
2014,12,14,7,406,20.4
2014,12,14,8,772,21.1
2014,12,14,9,699,21.5
2014,12,14,10,1054,22.5
2014,12,14,11,1108,23
2014,12,14,12,1093,23.3
2014,12,14,13,1013,23.4
2014,12,14,14,874,23.2
2014,12,14,15,688,22.8
2014,12,14,16,473,22.2
2014,12,14,17,250,21.4
2014,12,14,18,56,20.6
2014,12,14,19,0,20.1
2014,12,14,20,0,19.8
2014,12,14,21,0,19.6
2014,12,14,22,0,19.4
2014,12,14,23,0,19.1
2014,12,15,0,0,18.9
2014,12,15,1,0,18.8
2014,12,15,2,0,18.7
2014,12,15,3,0,18.6
2014,12,15,4,0,18.7
2014,12,15,5,112,19.4
2014,12,15,6,319,20.6
2014,12,15,7,537,21.7
2014,12,15,8,739,22.5
2014,12,15,9,905,22.9
2014,12,15,10,1027,23.7
2014,12,15,11,1082,23.9
2014,12,15,12,1074,24
2014,12,15,13,1002,24
2014,12,15,14,870,23.8
2014,12,15,15,690,23.4
2014,12,15,16,475,22.8
2014,12,15,17,253,22.1
2014,12,15,18,58,21.1
2014,12,15,19,0,20.4
2014,12,15,20,0,20.1
2014,12,15,21,0,19.8
2014,12,15,22,0,19.6
2014,12,15,23,0,19.3
2014,12,16,0,0,19.2
2014,12,16,1,0,19.2
2014,12,16,2,0,19
2014,12,16,3,0,18.9
2014,12,16,4,0,19
2014,12,16,5,99,19.5
2014,12,16,6,294,20.4
2014,12,16,7,24,21.5
2014,12,16,8,546,22.5
2014,12,16,9,218,23
2014,12,16,10,391,24.6
2014,12,16,11,498,25.8
2014,12,16,12,1032,26.7
2014,12,16,13,965,27.2
2014,12,16,14,443,27
2014,12,16,15,650,26.4
2014,12,16,16,446,25.8
2014,12,16,17,239,25.2
2014,12,16,18,55,24.5
2014,12,16,19,0,24
2014,12,16,20,0,23.9
2014,12,16,21,0,23.7
2014,12,16,22,0,23.2
2014,12,16,23,0,22.3
2014,12,17,0,0,21.5
2014,12,17,1,0,21
2014,12,17,2,0,20.9
2014,12,17,3,0,20.6
2014,12,17,4,0,20.3
2014,12,17,5,101,20.1
2014,12,17,6,288,20.2
2014,12,17,7,495,20.5
2014,12,17,8,695,20.8
2014,12,17,9,862,21
2014,12,17,10,764,21.3
2014,12,17,11,1057,21.1
2014,12,17,12,758,20.8
2014,12,17,13,433,20.5
2014,12,17,14,836,20.1
2014,12,17,15,659,19.8
2014,12,17,16,452,19.3
2014,12,17,17,123,18.9
2014,12,17,18,25,18.4
2014,12,17,19,0,18.2
2014,12,17,20,0,18.1
2014,12,17,21,0,18.1
2014,12,17,22,0,18.2
2014,12,17,23,0,18.4
2014,12,18,0,0,18.4
2014,12,18,1,0,18.3
2014,12,18,2,0,18.3
2014,12,18,3,0,18.3
2014,12,18,4,0,18.4
2014,12,18,5,6,19
2014,12,18,6,14,19.7
2014,12,18,7,289,20.3
2014,12,18,8,338,21
2014,12,18,9,251,21.3
2014,12,18,10,995,22.5
2014,12,18,11,688,23.2
2014,12,18,12,1045,23.8
2014,12,18,13,978,24.2
2014,12,18,14,846,24.3
2014,12,18,15,667,24.3
2014,12,18,16,458,24
2014,12,18,17,243,23.4
2014,12,18,18,57,22.4
2014,12,18,19,0,21.8
2014,12,18,20,0,21.5
2014,12,18,21,0,21.3
2014,12,18,22,0,21
2014,12,18,23,0,20.5
2014,12,19,0,0,20
2014,12,19,1,0,19.9
2014,12,19,2,0,19.8
2014,12,19,3,0,19.3
2014,12,19,4,0,19.1
2014,12,19,5,112,19.3
2014,12,19,6,320,19.6
2014,12,19,7,543,20
2014,12,19,8,748,20.4
2014,12,19,9,917,20.6
2014,12,19,10,1032,20.7
2014,12,19,11,1083,20.7
2014,12,19,12,1071,20.7
2014,12,19,13,1001,20.5
2014,12,19,14,863,20.3
2014,12,19,15,684,20
2014,12,19,16,127,19.6
2014,12,19,17,107,19.2
2014,12,19,18,23,18.7
2014,12,19,19,0,18.3
2014,12,19,20,0,18.1
2014,12,19,21,0,18
2014,12,19,22,0,17.8
2014,12,19,23,0,17.6
2014,12,20,0,0,17.5
2014,12,20,1,0,17.4
2014,12,20,2,0,17.3
2014,12,20,3,0,17.2
2014,12,20,4,0,17.3
2014,12,20,5,48,18
2014,12,20,6,163,18.8
2014,12,20,7,530,19.5
2014,12,20,8,548,20.2
2014,12,20,9,565,20.6
2014,12,20,10,1020,21.6
2014,12,20,11,1076,22.1
2014,12,20,12,1068,22.3
2014,12,20,13,1003,22.4
2014,12,20,14,872,22.1
2014,12,20,15,693,21.7
2014,12,20,16,482,21.2
2014,12,20,17,261,20.6
2014,12,20,18,66,19.9
2014,12,20,19,0,19.4
2014,12,20,20,0,19.2
2014,12,20,21,0,19
2014,12,20,22,0,18.8
2014,12,20,23,0,18.8
2014,12,21,0,0,18.7
2014,12,21,1,0,18.6
2014,12,21,2,0,18.5
2014,12,21,3,0,18.4
2014,12,21,4,0,18.6
2014,12,21,5,108,19.4
2014,12,21,6,316,20.8
2014,12,21,7,536,22
2014,12,21,8,740,22.9
2014,12,21,9,908,23.3
2014,12,21,10,1027,24.3
2014,12,21,11,1084,24.7
2014,12,21,12,1075,25
2014,12,21,13,1001,24.9
2014,12,21,14,870,24.7
2014,12,21,15,689,24.2
2014,12,21,16,477,23.5
2014,12,21,17,256,22.7
2014,12,21,18,63,21.9
2014,12,21,19,0,21.4
2014,12,21,20,0,21.2
2014,12,21,21,0,21
2014,12,21,22,0,20.8
2014,12,21,23,0,20.5
2014,12,22,0,0,20.2
2014,12,22,1,0,20
2014,12,22,2,0,19.8
2014,12,22,3,0,19.6
2014,12,22,4,0,19.8
2014,12,22,5,98,20.5
2014,12,22,6,274,21.5
2014,12,22,7,509,22.4
2014,12,22,8,709,23.3
2014,12,22,9,876,23.8
2014,12,22,10,852,24.7
2014,12,22,11,1054,25
2014,12,22,12,1043,25.1
2014,12,22,13,786,24.9
2014,12,22,14,507,24.5
2014,12,22,15,433,24.1
2014,12,22,16,195,23.5
2014,12,22,17,164,22.8
2014,12,22,18,43,22.2
2014,12,22,19,0,21.8
2014,12,22,20,0,21.6
2014,12,22,21,0,21.5
2014,12,22,22,0,21.3
2014,12,22,23,0,21.1
2014,12,23,0,0,20.9
2014,12,23,1,0,20.7
2014,12,23,2,0,20.6
2014,12,23,3,0,20.5
2014,12,23,4,0,20.6
2014,12,23,5,5,20.9
2014,12,23,6,11,21.4
2014,12,23,7,70,22
2014,12,23,8,604,22.8
2014,12,23,9,854,23.2
2014,12,23,10,982,24.7
2014,12,23,11,1038,25.5
2014,12,23,12,359,25.8
2014,12,23,13,102,25.9
2014,12,23,14,410,25.7
2014,12,23,15,238,25.4
2014,12,23,16,255,24.9
2014,12,23,17,103,24.1
2014,12,23,18,55,23.2
2014,12,23,19,0,22.5
2014,12,23,20,0,22.1
2014,12,23,21,0,21.8
2014,12,23,22,0,21.5
2014,12,23,23,0,21.3
2014,12,24,0,0,21.1
2014,12,24,1,0,21
2014,12,24,2,0,21
2014,12,24,3,0,21
2014,12,24,4,0,21.2
2014,12,24,5,66,21.6
2014,12,24,6,212,22.1
2014,12,24,7,484,22.7
2014,12,24,8,214,23.1
2014,12,24,9,176,23.3
2014,12,24,10,953,23.1
2014,12,24,11,566,22.7
2014,12,24,12,568,22.3
2014,12,24,13,930,22.1
2014,12,24,14,805,21.9
2014,12,24,15,633,21.5
2014,12,24,16,346,21
2014,12,24,17,125,20.4
2014,12,24,18,22,20
2014,12,24,19,0,19.8
2014,12,24,20,0,19.8
2014,12,24,21,0,19.7
2014,12,24,22,0,19.6
2014,12,24,23,0,19.5
2014,12,25,0,0,19.5
2014,12,25,1,0,19.5
2014,12,25,2,0,19.5
2014,12,25,3,0,19.5
2014,12,25,4,0,19.7
2014,12,25,5,86,20.4
2014,12,25,6,280,21.5
2014,12,25,7,496,22.8
2014,12,25,8,700,24.2
2014,12,25,9,871,24.9
2014,12,25,10,995,26.4
2014,12,25,11,1049,27
2014,12,25,12,836,27.1
2014,12,25,13,677,26.6
2014,12,25,14,154,25.7
2014,12,25,15,44,24.8
2014,12,25,16,85,23.9
2014,12,25,17,81,23.1
2014,12,25,18,23,22.8
2014,12,25,19,0,22.6
2014,12,25,20,0,22.6
2014,12,25,21,0,22.5
2014,12,25,22,0,22.4
2014,12,25,23,0,22.2
2014,12,26,0,0,22
2014,12,26,1,0,21.9
2014,12,26,2,0,21.7
2014,12,26,3,0,21.4
2014,12,26,4,0,21.4
2014,12,26,5,26,21.8
2014,12,26,6,301,22.6
2014,12,26,7,530,23.6
2014,12,26,8,743,24.4
2014,12,26,9,917,24.9
2014,12,26,10,1035,25.8
2014,12,26,11,1095,26.1
2014,12,26,12,1083,25.8
2014,12,26,13,1006,24.4
2014,12,26,14,369,22.5
2014,12,26,15,242,20.9
2014,12,26,16,114,19.9
2014,12,26,17,27,19.2
2014,12,26,18,7,18.7
2014,12,26,19,0,18.7
2014,12,26,20,0,18.8
2014,12,26,21,0,18.9
2014,12,26,22,0,19
2014,12,26,23,0,19.2
2014,12,27,0,0,19.2
2014,12,27,1,0,19.2
2014,12,27,2,0,19.1
2014,12,27,3,0,19
2014,12,27,4,0,19.1
2014,12,27,5,11,19.5
2014,12,27,6,28,20
2014,12,27,7,311,20.4
2014,12,27,8,372,20.7
2014,12,27,9,342,20.8
2014,12,27,10,314,21
2014,12,27,11,532,21.2
2014,12,27,12,607,21.4
2014,12,27,13,391,21.7
2014,12,27,14,264,21.5
2014,12,27,15,286,21.1
2014,12,27,16,174,20.7
2014,12,27,17,135,20.4
2014,12,27,18,35,20.1
2014,12,27,19,0,20
2014,12,27,20,0,20
2014,12,27,21,0,20
2014,12,27,22,0,19.9
2014,12,27,23,0,19.9
2014,12,28,0,0,19.8
2014,12,28,1,0,19.8
2014,12,28,2,0,19.7
2014,12,28,3,0,19.7
2014,12,28,4,0,19.9
2014,12,28,5,27,20.5
2014,12,28,6,75,21.1
2014,12,28,7,178,21.5
2014,12,28,8,457,21.7
2014,12,28,9,336,21.8
2014,12,28,10,395,21.9
2014,12,28,11,384,22
2014,12,28,12,506,22.1
2014,12,28,13,396,22.3
2014,12,28,14,576,22.3
2014,12,28,15,385,22.3
2014,12,28,16,383,22.1
2014,12,28,17,206,21.7
2014,12,28,18,55,21.2
2014,12,28,19,0,20.7
2014,12,28,20,0,20.3
2014,12,28,21,0,20
2014,12,28,22,0,19.7
2014,12,28,23,0,19.4
2014,12,29,0,0,19.1
2014,12,29,1,0,18.9
2014,12,29,2,0,18.7
2014,12,29,3,0,18.6
2014,12,29,4,0,18.7
2014,12,29,5,91,19.5
2014,12,29,6,292,20.9
2014,12,29,7,511,22.3
2014,12,29,8,716,23.6
2014,12,29,9,886,24.2
2014,12,29,10,1013,25.5
2014,12,29,11,1074,26.2
2014,12,29,12,1068,26.6
2014,12,29,13,999,26.8
2014,12,29,14,872,26.9
2014,12,29,15,696,26.7
2014,12,29,16,443,26.1
2014,12,29,17,226,25.1
2014,12,29,18,75,23.9
2014,12,29,19,0,23.1
2014,12,29,20,0,22.7
2014,12,29,21,0,22.6
2014,12,29,22,0,22.4
2014,12,29,23,0,22.3
2014,12,30,0,0,22.1
2014,12,30,1,0,21.9
2014,12,30,2,0,21.5
2014,12,30,3,0,21.1
2014,12,30,4,0,20.8
2014,12,30,5,93,21.2
2014,12,30,6,301,22.2
2014,12,30,7,529,23.4
2014,12,30,8,744,24.4
2014,12,30,9,922,24.8
2014,12,30,10,1044,26.6
2014,12,30,11,1108,27.7
2014,12,30,12,1109,28.5
2014,12,30,13,1041,28.9
2014,12,30,14,912,28.8
2014,12,30,15,732,28.3
2014,12,30,16,518,27.6
2014,12,30,17,290,26.4
2014,12,30,18,81,25
2014,12,30,19,0,23.9
2014,12,30,20,0,23.2
2014,12,30,21,0,22.5
2014,12,30,22,0,21.8
2014,12,30,23,0,21.3
2014,12,31,0,0,20.7
2014,12,31,1,0,20.3
2014,12,31,2,0,20
2014,12,31,3,0,19.8
2014,12,31,4,0,19.9
2014,12,31,5,16,20.4
2014,12,31,6,57,20.9
2014,12,31,7,40,21.5
2014,12,31,8,121,22.1
2014,12,31,9,873,22.4
2014,12,31,10,992,23.1
2014,12,31,11,1048,23.3
2014,12,31,12,1043,23.5
2014,12,31,13,978,23.5
2014,12,31,14,851,23.4
2014,12,31,15,678,23.2
2014,12,31,16,471,22.9
2014,12,31,17,256,22.5
2014,12,31,18,67,22.1
2014,12,31,19,0,21.8
2014,12,31,20,0,21.7
2014,12,31,21,0,21.7
2014,12,31,22,0,21.6
2014,12,31,23,0,21.4
